document_id,title,url,found_by_keyword,first_seen
101605096,As 2582.6-2003 Complete Filled Transport Packages - Methods of Test Vibration Test at Fixed Low Frequency,https://www.scribd.com/document/101605096/As-2582-6-2003-Complete-Filled-Transport-Packages-Methods-of-Test-Vibration-Test-at-Fixed-Low-Frequency,methods transport engineering,2026-09-19 06:57:26
102427144,DIT Automotive Technology Program Requirements,https://www.scribd.com/document/102427144,methods transport engineering,2026-09-19 06:57:26
109694512,Civil Engineering Consultancy Services,https://www.scribd.com/document/109694512/Civil-Engineering-Consultants,methods transport engineering,2026-09-19 06:57:26
128386558,Understanding Transport Costing Methods,https://www.scribd.com/document/128386558/Transport-Costing,methods transport engineering,2026-09-19 06:57:26
144410214,Transport Schedule Update for Jumna-Chagong,https://www.scribd.com/document/144410214/Answer-for-Task-7-Transport,methods transport engineering,2026-09-19 06:57:26
158616080,Chemical Engineering Roadmap to Graduation,https://www.scribd.com/document/158616080/Road-Map-for-Chemical-Engineering,methods transport engineering,2026-09-19 06:57:26
159386949,Process Modeling in Chemical Engineering,https://www.scribd.com/document/159386949/VKA,methods transport engineering,2026-09-19 06:57:26
234143519,Highway Engineering Course Overview,https://www.scribd.com/document/234143519/150601-Highway-Engineering,methods transport engineering,2026-09-19 06:57:26
238212126,Guimaras Public Transport Terminal Proposal,https://www.scribd.com/document/238212126/0-1-Title-Page-docx,methods transport engineering,2026-09-19 06:57:26
243319285,Transportation Engineering Lab Viva Questions,https://www.scribd.com/document/243319285/Viva-Questions-for-Transportation-Engineering-Lab,methods transport engineering,2026-09-19 06:57:26
251334709,Geotechnical Engineering Overview,https://www.scribd.com/document/251334709/Engineering-14-15-xls,methods transport engineering,2026-09-19 06:57:26
255884548,Kirow Cranes for Efficient Switch Renewal,https://www.scribd.com/document/255884548/Kirow-7-Methods-of-Switches-and-Crossing-Renewal,methods transport engineering,2026-09-19 06:57:26
272609655,Transport Phenomena in Chemical Engineering,https://www.scribd.com/document/272609655/CHE3167-Transport-Phenomena-and-Numerical-Methods,methods transport engineering,2026-09-19 06:57:26
285873411,Transportation Engineering Assignment Questions,https://www.scribd.com/document/285873411/Civil-v-Transportation-Engineering-i-10cv56-Assignment,methods transport engineering,2026-09-19 06:57:26
315854180,Transportation Engineering Classroom Guidelines,https://www.scribd.com/document/315854180/Transportation-Engineering-Week-1A,methods transport engineering,2026-09-19 06:57:26
333728947,Highway and Traffic Engineering Course,https://www.scribd.com/document/333728947/CE312-Highway-and-Traffic-Engineering,methods transport engineering,2026-09-19 06:57:26
341672053,Basic Civil Engineering Course Overview,https://www.scribd.com/document/341672053/Basic-Civil-Engineering,methods transport engineering,2026-09-19 06:57:26
353046982,MSc in Civil Engineering for Risk Mitigation,https://www.scribd.com/document/353046982/Civil-Engineering-Risk-Mitigation,methods transport engineering,2026-09-19 06:57:26
360138019,Aeronautical Engineering Exam Syllabus,https://www.scribd.com/document/360138019/Board-of-Aeronautical-Engineering-SB-1,methods transport engineering,2026-09-19 06:57:26
370559979,Key Questions for Transportation Engineering Exam,https://www.scribd.com/document/370559979/Transportation-Engineering-I,methods transport engineering,2026-09-19 06:57:26
371726421,Vehicle Body Engineering Course Overview,https://www.scribd.com/document/371726421/AU307-Vehicle-Body-Engineering,methods transport engineering,2026-09-19 06:57:26
374585424,Vehicle Body Engineering Fundamentals,https://www.scribd.com/document/374585424/Vehicle-Body-Engineering,methods transport engineering,2026-09-19 06:57:26
375077502,Highway and Railway Engineering Syllabus,https://www.scribd.com/document/375077502/Ce208-Highway-and-Railway-Engineering,methods transport engineering,2026-09-19 06:57:26
375092562,Probability in Engineering Design,https://www.scribd.com/document/375092562/Synopsis-MKAQ,methods transport engineering,2026-09-19 06:57:26
375880390,Highway and Traffic Engineering Overview,https://www.scribd.com/document/375880390/CE-5004-Highway-and-Traffic-Engineering,methods transport engineering,2026-09-19 06:57:26
377785677,Railway Engineering Course Outline,https://www.scribd.com/document/377785677/Course-Outline,methods transport engineering,2026-09-19 06:57:26
379444071,Civil Engineering ME Program Structure,https://www.scribd.com/document/379444071/Information-Valid-for-Students-Commencing-2018-Queensland,methods transport engineering,2026-09-19 06:57:26
382083302,Logistic Plan for Material Transport,https://www.scribd.com/document/382083302/Logistic-Plan,methods transport engineering,2026-09-19 06:57:26
384885219,Nautical Engineering Concepts and Practices,https://www.scribd.com/document/384885219/Nautical-Engineering,methods transport engineering,2026-09-19 06:57:26
387607399,Transport Phenomena: Unified Approach Vol. 1,https://www.scribd.com/document/387607399/Transport-Phenomena-a-Harry-c-79355061,methods transport engineering,2026-09-19 06:57:26
390018171,Comprehensive Civil Engineering Guide,https://www.scribd.com/document/390018171/Civil-Engineering-pdf,methods transport engineering,2026-09-19 06:57:26
393166161,Traffic Engineering Syllabus in Gujarati,https://www.scribd.com/document/393166161/2170613,methods transport engineering,2026-09-19 06:57:26
397311209,Railway Management and Engineering Overview,https://www.scribd.com/document/397311209/Railway-management-engineering,methods transport engineering,2026-09-19 06:57:26
398410659,4 Reasons to Pursue Transport Engineering,https://www.scribd.com/document/398410659/Why-Transport-Engineering,methods transport engineering,2026-09-19 06:57:26
398461989,Bridge Engineering Exam Paper - Jan 2019,https://www.scribd.com/document/398461989/Bridge-Engineering-Final-Examination-Paper,methods transport engineering,2026-09-19 06:57:26
401180540,Advantages of Air Transportation,https://www.scribd.com/document/401180540/2-Air-Transportation-Engineering-and-Assignment-1,methods transport engineering,2026-09-19 06:57:26
405464344,Interphase Transport in Isothermal Systems,https://www.scribd.com/document/405464344/275486209-Transport-Phenomena,methods transport engineering,2026-09-19 06:57:26
405731940,Transportation Risk Analysis MOOC Syllabus,https://www.scribd.com/document/405731940/Transportation-Risk-Analysis-MOOC-Syllabus-Revised,methods transport engineering,2026-09-19 06:57:26
408510819,MSc Civil Engineering Specializations at NUS,https://www.scribd.com/document/408510819/MScCE-AY20182019-pdf,methods transport engineering,2026-09-19 06:57:26
409802584,Transportation Engineering Course Overview,https://www.scribd.com/document/409802584/course-syllabus-Transportation-docx,methods transport engineering,2026-09-19 06:57:26
414265332,Bridge Engineering Fundamentals Guide,https://www.scribd.com/document/414265332/Bridge-Engineering-JSA,methods transport engineering,2026-09-19 06:57:26
414738107,Marine Engineering Project Topics,https://www.scribd.com/document/414738107/Marine-Engineering-Project-Topics-and-Materials,methods transport engineering,2026-09-19 06:57:26
423617889,Traffic Engineering Course Overview,https://www.scribd.com/document/423617889/Traffic-Engineering,methods transport engineering,2026-09-19 06:57:26
425538002,Site Engineer Role and Responsibilities,https://www.scribd.com/document/425538002/Site-Engineer-pdf,methods transport engineering,2026-09-19 06:57:26
434547627,Pursuing MSc in Automotive Engineering,https://www.scribd.com/document/434547627/GODSON-PETER-SOP-AUTOMOTIVE-ENGINEERING-docx,methods transport engineering,2026-09-19 06:57:26
437119707,Fundamentals of Transportation Engineering,https://www.scribd.com/document/437119707/Fundamentals-of-Transportation-Engineering-1,methods transport engineering,2026-09-19 06:57:26
439541356,Essential Civil Engineering Books List,https://www.scribd.com/document/439541356/List-of-Essential-Books-for-Civil-Engineering,methods transport engineering,2026-09-19 06:57:26
451333526,Introduction to Transportation Engineering,https://www.scribd.com/document/451333526/TRANSPORTATION-AND-HIGHWAY-ENGINEERING,methods transport engineering,2026-09-19 06:57:26
452872574,"Railway, Bridge & Tunnel Engineering Course",https://www.scribd.com/document/452872574/2160603-RBTE-pdf,methods transport engineering,2026-09-19 06:57:26
454568650,Fabrication Methods Engineer Role Overview,https://www.scribd.com/document/454568650/Fabrication-Methods-Engineer,methods transport engineering,2026-09-19 06:57:26
455709147,Transportation Engineering I Overview,https://www.scribd.com/document/455709147/CE308-Transportation-engineering-I-pdf,methods transport engineering,2026-09-19 06:57:26
458946736,Highway Engineering Exam Questions 2017,https://www.scribd.com/document/458946736/ECE-2412-HIGHWAY-ENGINEERING-II,methods transport engineering,2026-09-19 06:57:26
460287846,Traffic Engineering Course Overview,https://www.scribd.com/document/460287846/2170613-syllabus,methods transport engineering,2026-09-19 06:57:26
470138266,P.G. Diploma in Pipeline Engineering Syllabus,https://www.scribd.com/document/470138266/pipeline-engineering-syllabus-pdf,methods transport engineering,2026-09-19 06:57:26
470898519,Traffic Engineering and Systems Module,https://www.scribd.com/document/470898519/UBGMTW-20-M-Traffic-Engineering-and-Transport-Systems,methods transport engineering,2026-09-19 06:57:26
474628922,Rigging Engineering Fundamentals Course,https://www.scribd.com/document/474628922/Rigging-Courses,methods transport engineering,2026-09-19 06:57:26
475381915,Transportation Engineering II Overview,https://www.scribd.com/document/475381915/Transportation-Engineering-II,methods transport engineering,2026-09-19 06:57:26
481295099,Transportation Engineering II Syllabus,https://www.scribd.com/document/481295099/Transportation-Engineering-II-pdf,methods transport engineering,2026-09-19 06:57:26
481496043,"Railways, Airports & Waterways Overview",https://www.scribd.com/document/481496043/RCE076-Railways-Airports-Water-Ways-docx,methods transport engineering,2026-09-19 06:57:26
481616253,Transportation Planning & Engineering Course,https://www.scribd.com/document/481616253/12-TRANSPORTATION-ENGINEERING-CH,methods transport engineering,2026-09-19 06:57:26
482083168,Intelligent Transport System Overview,https://www.scribd.com/document/482083168/Intelligent-Transport-System,methods transport engineering,2026-09-19 06:57:26
483844446,CE-421 Transportation Engineering Course Outline,https://www.scribd.com/document/483844446/obe-reports-hec-report-section-outline-1,methods transport engineering,2026-09-19 06:57:26
485604932,Railway Engineering Course Overview,https://www.scribd.com/document/485604932/Railway-Engineering,methods transport engineering,2026-09-19 06:57:26
485609213,Transportation Engineering II Syllabus,https://www.scribd.com/document/485609213/Transportation-Engineering-II-pdf,methods transport engineering,2026-09-19 06:57:26
489914587,LEAP Engine Transport Specifications,https://www.scribd.com/document/489914587/LEAP-Engines-Transportation-Guide-V2-0-pdf-extract,methods transport engineering,2026-09-19 06:57:26
492581947,Traffic Engineering Exam Insights,https://www.scribd.com/document/492581947/TRAFFIC-ENGINEERING-MIDTERM-SOLUTIONS-CA%C4%9EDA%C5%9E-ESMER-donu%C5%9Fturuldu,methods transport engineering,2026-09-19 06:57:26
496618541,Transportation Engineering Project Topics,https://www.scribd.com/document/496618541/List-of-M-Tech-Project-Works,methods transport engineering,2026-09-19 06:57:26
497256517,Urban Transportation Planning Course Outline,https://www.scribd.com/document/497256517/3160608,methods transport engineering,2026-09-19 06:57:26
509773262,Transportation Engineering II Overview,https://www.scribd.com/document/509773262/Transportation-Engineering-II,methods transport engineering,2026-09-19 06:57:26
512932427,Diploma Civil Engineering Syllabus 299,https://www.scribd.com/document/512932427/CIVIL-DIPLOMA-STD,methods transport engineering,2026-09-19 06:57:26
514183303,Rainwater Harvesting Techniques,https://www.scribd.com/document/514183303/Methods-of-Rainwater-Harvesting-Components-Transport-and-Storage-07,methods transport engineering,2026-09-19 06:57:26
531668096,Testing Methods for Self Compacting Concrete,https://www.scribd.com/document/531668096/Methods-of-Testing-Self-Compacting-Concrete-Workability,methods transport engineering,2026-09-19 06:57:26
536383685,Bridge Engineering Course Syllabus,https://www.scribd.com/document/536383685/Bridge-Engineering-Syllabus-2021-September,methods transport engineering,2026-09-19 06:57:26
539322003,Renewable Energy Engineering Study Plan,https://www.scribd.com/document/539322003/ME-Renewable-Energy-Engineering-Civil-2020,methods transport engineering,2026-09-19 06:57:26
542183110,Sustainable Transport Planning Strategies,https://www.scribd.com/document/542183110/essay-on-Sustainabilty-of-transport-planing,methods transport engineering,2026-09-19 06:57:26
544313891,Overview of Transport Methods and Rates,https://www.scribd.com/document/544313891/Methods-of-Transport,methods transport engineering,2026-09-19 06:57:26
54622430,Mechanical Engineering Course Schedule,https://www.scribd.com/document/54622430/Mechanical-Engineering-Block-Diagram,methods transport engineering,2026-09-19 06:57:26
548711675,Transport Management and Laws Overview,https://www.scribd.com/document/548711675/2170205,methods transport engineering,2026-09-19 06:57:26
584360754,Heavy Loads Transport Safety Checklist,https://www.scribd.com/document/584360754/FC-4-1-28-Heavy-Loads-Checklist-Form,methods transport engineering,2026-09-19 06:57:26
60460396,MSc in Transport Planning and Engineering,https://www.scribd.com/document/60460396/Transport-Planning-and-Engineering-ENU,methods transport engineering,2026-09-19 06:57:26
611121432,Railway and Airport Engineering Course,https://www.scribd.com/document/611121432/Railway-Airport-Harbour-Engineering-TY-BTech-Part-II,methods transport engineering,2026-09-19 06:57:26
621244373,Highway Engineering Exam Questions 2022,https://www.scribd.com/document/621244373/HIGHWAY-ENGINEERING-FEB-MAR-2022,methods transport engineering,2026-09-19 06:57:26
62485353,Railway Infrastructure Engineering Overview,https://www.scribd.com/document/62485353,methods transport engineering,2026-09-19 06:57:26
660666249,Concrete Transportation Methods Explained,https://www.scribd.com/document/660666249/Methods-of-Transportation-of-Concrete-Dumpers-Trucks-Belt-Conveyors-Monorail-Tremie,methods transport engineering,2026-09-19 06:57:26
668863483,Transportation Engineering Computation Module,https://www.scribd.com/document/668863483/Computation-for-Transportation-Engineering,methods transport engineering,2026-09-19 06:57:26
683888565,MSc in Air Transport Management Overview,https://www.scribd.com/document/683888565/Master-of-Science-in-Air-Transport-Management,methods transport engineering,2026-09-19 06:57:26
691200266,Overview of Transportation Engineering,https://www.scribd.com/document/691200266/Transportation-engineering,methods transport engineering,2026-09-19 06:57:26
718300976,Transportation Engineering Course Overview,https://www.scribd.com/document/718300976/Transportation-Engineering-II-Lec-1,methods transport engineering,2026-09-19 06:57:26
737194075,Transport Worthiness Tests for Boxes,https://www.scribd.com/document/737194075/Transport-worthiness-test-for-CFB,methods transport engineering,2026-09-19 06:57:26
756542971,NPTEL Transportation Engineering Overview,https://www.scribd.com/document/756542971/Nptel-Transportation-Engineering-2,methods transport engineering,2026-09-19 06:57:26
77650395,Thames Tunnel Transport Strategy Overview,https://www.scribd.com/document/77650395/A1-Board-Transport-WEB,methods transport engineering,2026-09-19 06:57:26
818098746,Project Delivery Methods Seminar for Engineers,https://www.scribd.com/document/818098746/project-delivery-methods-transportation-engineers-owners,methods transport engineering,2026-09-19 06:57:26
852308865,Transportation Engineering Exam Guide,https://www.scribd.com/document/852308865/1719057351201-Transportation-Engineering,methods transport engineering,2026-09-19 06:57:26
877008581,Transportation Engineering Exam Paper 2023,https://www.scribd.com/document/877008581/Transportation-engineering,methods transport engineering,2026-09-19 06:57:26
88406198,Transport Properties & Navier-Stokes Analysis,https://www.scribd.com/document/88406198/3005-G016-Transport-Processes-Problem-Sheet-2012,methods transport engineering,2026-09-19 06:57:26
895358872,Transportation Engineering Syllabus,https://www.scribd.com/document/895358872/Transportational-Engineering-Syllabus,methods transport engineering,2026-09-19 06:57:26
936143458,London Transport Guide: Oyster Card Tips,https://www.scribd.com/document/936143458/London-Transport-Guide-S16,methods transport engineering,2026-09-19 06:57:26
953545079,Transport Network Design Methods Explained,https://www.scribd.com/document/953545079/Transportation-Design-Methods,methods transport engineering,2026-09-19 06:57:26
996762222,RTO AMVI New Pre Mains Syllabus,https://www.scribd.com/document/996762222/RTO-AMVI-New-Pre-Mains-Syllabus,methods transport engineering,2026-09-19 06:57:26
997244411,Syllabus of Civil Engineering (BCE) of IOE - Engineering Old,https://www.scribd.com/document/997244411/Syllabus-of-Civil-Engineering-BCE-of-IOE-Engineering-Old,methods transport engineering,2026-09-19 06:57:26
1000740086,CPMAI Domain I Cheat Sheet PMforAll,https://www.scribd.com/document/1000740086/CPMAI-Domain-I-Cheat-Sheet-PMforAll,artificial intelligence 2025,2026-09-19 07:01:42
1012724556,Assignment 1 - Robotics & Artificial Intelligence,https://www.scribd.com/document/1012724556/Assignment-1-Robotics-Artificial-Intelligence,artificial intelligence 2025,2026-09-19 07:01:42
1015710155,Class Xii Artificial Intelligence 2025-26 Syllabus,https://www.scribd.com/document/1015710155/Class-Xii-Artificial-Intelligence-2025-26-Syllabus,artificial intelligence 2025,2026-09-19 07:01:42
1016221586,Artificial Intelligence (Pgcp–Ai),https://www.scribd.com/document/1016221586/Artificial-Intelligence-Pgcp-Ai,artificial intelligence 2025,2026-09-19 07:01:42
1034770022,Artificial Intelligence and Employee Well-Being: Implications For Workforce Management,https://www.scribd.com/document/1034770022/Artificial-Intelligence-and-Employee-Well-Being-Implications-for-Workforce-Management,artificial intelligence 2025,2026-09-19 07:01:42
1037685622,01 Artificial Intelligence,https://www.scribd.com/document/1037685622/01-Artificial-Intelligence,artificial intelligence 2025,2026-09-19 07:01:42
1037742389,01 Artificial Intelligence,https://www.scribd.com/document/1037742389/01-artificial-intelligence,artificial intelligence 2025,2026-09-19 07:01:42
1039725292,Report4 Artificial Intelligence,https://www.scribd.com/document/1039725292/Report4-Artificial-Intelligence,artificial intelligence 2025,2026-09-19 07:01:42
1042037279,Bits f327 Artificial Intelligence For Robotics Handout,https://www.scribd.com/document/1042037279/Bits-f327-Artificial-Intelligence-for-Robotics-Handout,artificial intelligence 2025,2026-09-19 07:01:42
1042156000,Artificial Intelligence Is Not The End of Physicians - Jama,https://www.scribd.com/document/1042156000/Artificial-intelligence-is-not-the-end-of-physicians-jama,artificial intelligence 2025,2026-09-19 07:01:42
1049042461,artificial_intelligence_in_education,https://www.scribd.com/document/1049042461/artificial-intelligence-in-education,artificial intelligence 2025,2026-09-19 07:01:42
1051275091,The Impact of Artificial Intelligence On Teenagers,https://www.scribd.com/document/1051275091/The-Impact-of-Artificial-Intelligence-on-Teenagers,artificial intelligence 2025,2026-09-19 07:01:42
1051524205,Artificial Intelligence Based On Medical Tactics PDF,https://www.scribd.com/document/1051524205/Artificial-Intelligence-based-on-Medical-Tactics-pdf,artificial intelligence 2025,2026-09-19 07:01:42
1062682220,Humane Artificial Intelligence,https://www.scribd.com/document/1062682220/Humane-Artificial-Intelligence,artificial intelligence 2025,2026-09-19 07:01:42
1064418640,Be Artificial Intelligence and Data Science Semester 7 2025 November Machine Learning ML 2019 Pattern,https://www.scribd.com/document/1064418640/Be-Artificial-Intelligence-and-Data-Science-Semester-7-2025-November-Machine-Learning-Ml-2019-Pattern,artificial intelligence 2025,2026-09-19 07:01:42
1068101133,Artificial Intelligence Course,https://www.scribd.com/document/1068101133/Artificial-Intelligence-Course,artificial intelligence 2025,2026-09-19 07:01:42
1076355045,Artificial Intelligence 2025,https://www.scribd.com/document/1076355045/Artificial-Intelligence-2025,artificial intelligence 2025,2026-09-19 07:01:42
472332976,AI's Influence on Macroeconomics: A Case Study,https://www.scribd.com/document/472332976/Artificial-Intelligence,artificial intelligence 2025,2026-09-19 07:01:42
487926426,Impact of AI on Jobs and Economy,https://www.scribd.com/document/487926426/artificial-intelligence-ai,artificial intelligence 2025,2026-09-19 07:01:42
518330266,VW Group's AI-Driven Strategy 2025,https://www.scribd.com/document/518330266/3-done,artificial intelligence 2025,2026-09-19 07:01:42
559533580,Class 10 AI Syllabus 2025-26,https://www.scribd.com/document/559533580/ARTIFICIAL-INTELLIGENCE,artificial intelligence 2025,2026-09-19 07:01:42
617046494,"AI's Role: Augmentation, Not Replacement",https://www.scribd.com/document/617046494/Argumentative-Essay,artificial intelligence 2025,2026-09-19 07:01:42
664699763,M1220 IT Master’s Course Structure,https://www.scribd.com/document/664699763/M1220-Master-of-Information-Technology-in-Artificial-Intelligence-and-Data-Science-S2-2023,artificial intelligence 2025,2026-09-19 07:01:42
789257944,AI Integration in Nursing Education,https://www.scribd.com/document/789257944/Artificial-Intelligence-in-Nursing-2,artificial intelligence 2025,2026-09-19 07:01:42
817359493,Generative AI in Chemistry Education,https://www.scribd.com/document/817359493/Virtual-Special-Issue-Call-for-Papers-Investigating-the-Uses-and-Impacts-of-Generative-Artificial-Intelligence-in-Chemistry-Education-2023-American-Ch,artificial intelligence 2025,2026-09-19 07:01:42
820986843,CSEAI 2025 Conference Call for Papers,https://www.scribd.com/document/820986843/3rd-International-Conference-on-Computer-Science-Engineering-and-Artificial-Intelligence-CSEAI-2025,artificial intelligence 2025,2026-09-19 07:01:42
821012420,ARIN 2025: AI Conference in Sydney,https://www.scribd.com/document/821012420/11th-International-Conference-on-Artificial-Intelligence-ARIN-2025,artificial intelligence 2025,2026-09-19 07:01:42
822732253,AI in Agriculture MOOC: Feb 2025,https://www.scribd.com/document/822732253/MOOC-on-Artificial-Intelligence-FEB2025,artificial intelligence 2025,2026-09-19 07:01:42
823833378,CSEAI 2025 Conference Overview,https://www.scribd.com/document/823833378/3rd-International-Conference-on-Computer-Science-Engineering-and-Artificial-Intelligence-CSEAI-2025,artificial intelligence 2025,2026-09-19 07:01:42
825584597,CESUR Mining Offers $10 Login Bonus,https://www.scribd.com/document/825584597/Artificial-Intelligence-Cloud-Mining-Platform-CESUR-Mining-Offers-New-Users-a-Limited-Time-10-Login-Mining-Reward,artificial intelligence 2025,2026-09-19 07:01:42
826605836,SAI 2025: AI & Soft Computing Conference,https://www.scribd.com/document/826605836/14th-International-Conference-on-Soft-Computing-Artificial-Intelligence-and-Applications-SAI-2025,artificial intelligence 2025,2026-09-19 07:01:42
827630368,AIAPP 2025 Conference Call for Papers,https://www.scribd.com/document/827630368/CFP-12th-International-Conference-on-Artificial-Intelligence-and-Applications-AIAPP-2025,artificial intelligence 2025,2026-09-19 07:01:42
841368131,SAIM 2025: AI & Machine Learning Conference,https://www.scribd.com/document/841368131/CFP-6th-International-Conference-on-Soft-Computing-Artificial-Intelligence-and-Machine-Learning-SAIM-2025,artificial intelligence 2025,2026-09-19 07:01:42
846152472,AI Overview and Future Trends 2025,https://www.scribd.com/document/846152472/Artificial-Intelligence-2025,artificial intelligence 2025,2026-09-19 07:01:42
846165303,AIFU 2025: AI Applications Conference,https://www.scribd.com/document/846165303/11th-International-Conference-on-Artificial-Intelligence-and-Applications-AIFU-2025,artificial intelligence 2025,2026-09-19 07:01:42
846239181,Artificial Intelligence (AI) Strategy For Students,https://www.scribd.com/document/846239181/Artificial-Intelligence-AI-Strategy-for-Students,artificial intelligence 2025,2026-09-19 07:01:42
847456522,HKU AI Literacy Course Overview,https://www.scribd.com/document/847456522/2-notes,artificial intelligence 2025,2026-09-19 07:01:42
848695844,AI Foundations Tutorial Sheet 2024,https://www.scribd.com/document/848695844/Artificial-Intelligence-Tutorial-1,artificial intelligence 2025,2026-09-19 07:01:42
850165392,Artificial Intelligence in Medical Writing,https://www.scribd.com/document/850165392/Artificial-intelligence-in-medical-writing,artificial intelligence 2025,2026-09-19 07:01:42
852609230,AIAD 2025: Call for Papers,https://www.scribd.com/document/852609230/4th-International-Conference-on-Artificial-Intelligence-Advances-AIAD-2025,artificial intelligence 2025,2026-09-19 07:01:42
852625889,ArIT 2025: Advances in AI Techniques,https://www.scribd.com/document/852625889/6th-International-Conference-on-Advances-in-Artificial-Intelligence-Techniques-ArIT-2025,artificial intelligence 2025,2026-09-19 07:01:42
853859365,CISO MindMap 2025 Overview,https://www.scribd.com/document/853859365/CISO-MindMap-2025,artificial intelligence 2025,2026-09-19 07:01:42
857998452,AISC 2025: AI & Soft Computing Conference,https://www.scribd.com/document/857998452/13th-International-Conference-on-Artificial-Intelligence-Soft-Computing-AISC-2025,artificial intelligence 2025,2026-09-19 07:01:42
858490375,AI Transforming Education: Benefits & Challenges,https://www.scribd.com/document/858490375/Artificial-Intelligence-in-Education,artificial intelligence 2025,2026-09-19 07:01:42
860600863,IBM SkillsBuild PBL Program 2025,https://www.scribd.com/document/860600863/IBM-PBL-Program-2025,artificial intelligence 2025,2026-09-19 07:01:42
860949678,AI Introduction Class Notes,https://www.scribd.com/document/860949678/Class-Notes-Introduction-to-Artificial-Intelligence-AI,artificial intelligence 2025,2026-09-19 07:01:42
861299997,International Bachelor in AI at PSL,https://www.scribd.com/document/861299997/plaquette-bsai-psl-2025,artificial intelligence 2025,2026-09-19 07:01:42
863527506,Touchpad AI Class 11 Overview,https://www.scribd.com/document/863527506/Artificial-Intelligence,artificial intelligence 2025,2026-09-19 07:01:42
864405966,Master's in AI for Science Application,https://www.scribd.com/document/864405966/A,artificial intelligence 2025,2026-09-19 07:01:42
864876565,AI for Business Course Syllabus,https://www.scribd.com/document/864876565/ARTIFICIAL-INTELLIGENCE-FOR-BUSINESS,artificial intelligence 2025,2026-09-19 07:01:42
866450325,GCUF BS Artificial Intelligence Results,https://www.scribd.com/document/866450325/Artificial-Intelligence,artificial intelligence 2025,2026-09-19 07:01:42
871199065,AIAD 2025 Conference Overview,https://www.scribd.com/document/871199065/4th-International-Conference-on-Artificial-Intelligence-Advances-AIAD-2025,artificial intelligence 2025,2026-09-19 07:01:42
877204582,Emerging Trends in Artificial Intelligence,https://www.scribd.com/document/877204582/Emerging-Trends-in-Artificial-Intelligence,artificial intelligence 2025,2026-09-19 07:01:42
886970906,Deep Learning in Wafer Defect Detection,https://www.scribd.com/document/886970906/Artificial-Intelligence,artificial intelligence 2025,2026-09-19 07:01:42
889114759,AI Usage Policy for Organization Science,https://www.scribd.com/document/889114759/Organization-Science-Policy-June-2025,artificial intelligence 2025,2026-09-19 07:01:42
890622370,AI Tools Impact on Grade 12 Academic Performance,https://www.scribd.com/document/890622370/Utilization-of-Artificial-Intelligence-Tools-and-Its-Influence-on-the-Academic-Performance-of-Grade-12-Students-at-Mallig-Plains-National-High-School,artificial intelligence 2025,2026-09-19 07:01:42
891462326,NLAI 2025 Conference Overview,https://www.scribd.com/document/891462326/6th-International-Conference-on-NLP-Artificial-Intelligence-Techniques-NLAI-2025,artificial intelligence 2025,2026-09-19 07:01:42
893559672,Artificial Intelligence in 2025,https://www.scribd.com/document/893559672/1-Artificial-Intelligence-in-2025,artificial intelligence 2025,2026-09-19 07:01:42
894426005,CAIML 2025 Conference Details,https://www.scribd.com/document/894426005/6th-International-Conference-on-Artificial-Intelligence-and-Machine-Learning-CAIML-2025,artificial intelligence 2025,2026-09-19 07:01:42
896287297,SIDAVES Newsletter: June 2025 Edition,https://www.scribd.com/document/896287297/SIDAVES-Newsletter-5,artificial intelligence 2025,2026-09-19 07:01:42
896347979,Basics of AI Course in Biomedical Engineering,https://www.scribd.com/document/896347979/Basics-of-Artificial-Intelligence,artificial intelligence 2025,2026-09-19 07:01:42
897432211,Generative AI Use Declaration Form,https://www.scribd.com/document/897432211/Declaration-of-Using-Generative-Artificial-Intelligence,artificial intelligence 2025,2026-09-19 07:01:42
900662989,ARIA 2025: AI & Applications Conference,https://www.scribd.com/document/900662989/12th-International-Conference-on-Artificial-Intelligence-Applications-ARIA-2025,artificial intelligence 2025,2026-09-19 07:01:42
902197390,Ujian Akhir AI di BINUS 2025,https://www.scribd.com/document/902197390/2802557592-TMEA-COSC6012038-FoundationsofArtificialIntelligence-Question,artificial intelligence 2025,2026-09-19 07:01:42
903451750,IC-CGU 2025 Conference Overview,https://www.scribd.com/document/903451750/IC-CGU-2025-Edition-2,artificial intelligence 2025,2026-09-19 07:01:42
903766171,AI Trends and Impacts in 2025,https://www.scribd.com/document/903766171/Artificial-Intelligence-Advancement,artificial intelligence 2025,2026-09-19 07:01:42
906102835,CST401 AI Exam Questions and Topics,https://www.scribd.com/document/906102835/Cst401-Artificial-Intelligence-April-2025,artificial intelligence 2025,2026-09-19 07:01:42
907123164,Introduction to Artificial Intelligence,https://www.scribd.com/document/907123164/Introduction-to-Artificial-Intelligence-AI,artificial intelligence 2025,2026-09-19 07:01:42
908743492,AI Landscape and Future in 2025,https://www.scribd.com/document/908743492/Artificial-Intelligence-in-2025-Breakthroughs-Impact-and-Challenges,artificial intelligence 2025,2026-09-19 07:01:42
910167050,BCAI501 Artificial Intelligence Exam Paper,https://www.scribd.com/document/910167050/Bcai501-Artificial-Intelligence,artificial intelligence 2025,2026-09-19 07:01:42
915258529,Pelatihan AI untuk ASN Banten 2025,https://www.scribd.com/document/915258529/20250825154502surat-Perintah-Tugas-Artificial-Intelligence-Ai-2025,artificial intelligence 2025,2026-09-19 07:01:42
916828546,Journal Impact Factor Overview,https://www.scribd.com/document/916828546/Artificial-Intelligence-in-Medicine,artificial intelligence 2025,2026-09-19 07:01:42
917705166,Dampak AI pada Pekerjaan Indonesia 2025,https://www.scribd.com/document/917705166/Dampak-Artificial-Intelligence,artificial intelligence 2025,2026-09-19 07:01:42
918300194,Free Open-Source Synthetic AI Engines,https://www.scribd.com/document/918300194/List-of-Free-Synthetic-Intelligence-Engine-Software,artificial intelligence 2025,2026-09-19 07:01:42
921263067,AI for Dummies: 3rd Edition Guide,https://www.scribd.com/document/921263067/Artificial-Intelligence,artificial intelligence 2025,2026-09-19 07:01:42
928967422,Future of Artificial Intelligence Explained,https://www.scribd.com/document/928967422/Artificial-Intelligence-Overview,artificial intelligence 2025,2026-09-19 07:01:42
929448042,Future Trends in Artificial Intelligence,https://www.scribd.com/document/929448042/AI-and-the-World-Presentation,artificial intelligence 2025,2026-09-19 07:01:42
936449521,Artificial Intelligence Course Syllabus,https://www.scribd.com/document/936449521/Artificial-Intelligence-Outline-FALL-2025-Student,artificial intelligence 2025,2026-09-19 07:01:42
936664152,Introduction to AI for Beginners,https://www.scribd.com/document/936664152/Artificial-Intelligence-for-Beginners-Introduction-to-Artificial-Intelligence-Alison,artificial intelligence 2025,2026-09-19 07:01:42
937363086,2025 Global AI Report Overview,https://www.scribd.com/document/937363086/Global-AI-Report-2025,artificial intelligence 2025,2026-09-19 07:01:42
940571632,BCA AI Notes for 5th Semester,https://www.scribd.com/document/940571632/Artificial-Intelligence-BCA-Notes,artificial intelligence 2025,2026-09-19 07:01:42
943300275,AI Governance & Accountability Bill 2025,https://www.scribd.com/document/943300275/Artificial-Intelligence-Governance,artificial intelligence 2025,2026-09-19 07:01:42
945836885,AI's Impact on Future Employment Trends,https://www.scribd.com/document/945836885/Artificial-Intelligence,artificial intelligence 2025,2026-09-19 07:01:42
949923683,AI Concepts and Intelligent Agents Guide,https://www.scribd.com/document/949923683/Assignment-1-Artificial-Intelligence,artificial intelligence 2025,2026-09-19 07:01:42
949980540,Essential AI Law Books List,https://www.scribd.com/document/949980540/List-of-Books-on-Artificial-Intelligence,artificial intelligence 2025,2026-09-19 07:01:42
950007070,Ethics in Artificial Intelligence Explained,https://www.scribd.com/document/950007070/Ethics-of-Using-Artificial-Intelligence-Final-Praveen-Verma,artificial intelligence 2025,2026-09-19 07:01:42
951843232,EDUAI 2025: AI in Education Conference,https://www.scribd.com/document/951843232/2nd-International-Conference-on-Education-and-Artificial-Intelligence-EDUAI-2025,artificial intelligence 2025,2026-09-19 07:01:42
957863406,AI's Influence on Job Markets 2024-2025,https://www.scribd.com/document/957863406/ArtificialIntelligence-Employment,artificial intelligence 2025,2026-09-19 07:01:42
959252374,BCA 6th Mid Term Exam: AI Paper UGCA-1945,https://www.scribd.com/document/959252374/Mte-02-Artificial-Intelligence,artificial intelligence 2025,2026-09-19 07:01:42
961347902,ARIN 2026: AI Conference in Zurich,https://www.scribd.com/document/961347902/12th-International-Conference-on-Artificial-Intelligence-ARIN-2026,artificial intelligence 2025,2026-09-19 07:01:42
967032225,Foundations of AI: 3rd Edition Overview,https://www.scribd.com/document/967032225/Artificial-Intelligence,artificial intelligence 2025,2026-09-19 07:01:42
968433463,BS in AI & MS in Data Science Programs,https://www.scribd.com/document/968433463/07-Robotics-and-Artificial-Intelligence-2025-11June,artificial intelligence 2025,2026-09-19 07:01:42
969238643,B.Tech CSE AI Assignment 2025-26,https://www.scribd.com/document/969238643/BCS701-Artificial-Intelligence-Assignment-2,artificial intelligence 2025,2026-09-19 07:01:42
974949337,Artificial Intelligence,https://www.scribd.com/document/974949337/Artificial-Intelligence-Copy-1,artificial intelligence 2025,2026-09-19 07:01:42
977987636,Mid-Semester Test: AI & Computational Intelligence,https://www.scribd.com/document/977987636/2024-2025-Sem-2-Dse-Da04-1-2024-Dseclzg557-Artificial-Comp-Intelligence-Ec2-Regular-29-06-2025-An,artificial intelligence 2025,2026-09-19 07:01:42
979485491,AI Transformations in Healthcare 2024-2025,https://www.scribd.com/document/979485491/Artificial-Intelligence-In-Healthcare-2024-2025,artificial intelligence 2025,2026-09-19 07:01:42
979710770,Human-Centered AI Framework for Social Care,https://www.scribd.com/document/979710770/Human-Centered-Artificial-Intelligence-in-Social-Care,artificial intelligence 2025,2026-09-19 07:01:42
985433803,Introduction to Artificial Intelligence,https://www.scribd.com/document/985433803/Devoir-d-anglais-de-base-MPCI-L1S1-session-normale-Artificial-Intelligence,artificial intelligence 2025,2026-09-19 07:01:42
991037491,An Introduction To Artificial Intelligence,https://www.scribd.com/document/991037491/An-Introduction-to-Artificial-Intelligence-1,artificial intelligence 2025,2026-09-19 07:01:42
998239360,Impact of Artificial Intelligence On The Labor Market,https://www.scribd.com/document/998239360/Impact-of-Artificial-Intelligence-on-the-Labor-Market,artificial intelligence 2025,2026-09-19 07:01:42
1005847843,5.20707 Criminal Law Essay Challenges of Prosecting Inchoate Crimes in Papua New Guinea,https://www.scribd.com/document/1005847843/5-20707-Criminal-Law-Essay-Challenges-of-Prosecting-Inchoate-Crimes-in-Papua-New-Guinea,contemporary law manual,2026-09-19 07:02:29
1025547250,Contemporary Business Law 8th Edition Solution Manual,https://www.scribd.com/document/1025547250/Contemporary-Business-Law-8th-Edition-Solution-Manual,contemporary law manual,2026-09-19 07:02:29
1059873799,Historical_Development_Muslim_Law,https://www.scribd.com/document/1059873799/Historical-Development-Muslim-Law,contemporary law manual,2026-09-19 07:02:29
1070400153,Race and the Law in the United States,https://www.scribd.com/document/1070400153/Race-and-the-Law-in-the-United-States,contemporary law manual,2026-09-19 07:02:29
1072920845,Tlaw402l Law-Of-taxation Th 1.0 0 Tlaw402l,https://www.scribd.com/document/1072920845/Tlaw402l-Law-Of-taxation-Th-1-0-0-Tlaw402l,contemporary law manual,2026-09-19 07:02:29
119135695,Construction Disputes in Malaysia,https://www.scribd.com/document/119135695/Dilemma,contemporary law manual,2026-09-19 07:02:29
144825298,Philippine Police Training Overview,https://www.scribd.com/document/144825298/Review-of-Related-Literature,contemporary law manual,2026-09-19 07:02:29
152873444,Marx's Influence on Education and Class,https://www.scribd.com/document/152873444/Marx-on-education,contemporary law manual,2026-09-19 07:02:29
168531623,Legal Bibliography Outline for Philippines,https://www.scribd.com/document/168531623/Legal-Bibliography-Outline-For-Students,contemporary law manual,2026-09-19 07:02:29
206625585,NLUJ Law Review Call for Submissions,https://www.scribd.com/document/206625585/NLU-Jodhpur-s-Law-Review-Call-for-Volume-2-Issue-2,contemporary law manual,2026-09-19 07:02:29
22627211,Essential Style Manuals for Academic Writing,https://www.scribd.com/document/22627211/Style-Manuals,contemporary law manual,2026-09-19 07:02:29
227454271,Recommended CSS Preparation Books,https://www.scribd.com/document/227454271/Best-Book-on-CSS-Syllabus-Suggested-by-Seniors-CSP-s,contemporary law manual,2026-09-19 07:02:29
238964410,Principles of Effective Legal Writing,https://www.scribd.com/document/238964410/Lecture-6-Principles-of-Legal-Writing-1,contemporary law manual,2026-09-19 07:02:29
255386154,Election Law: Key Cases and Issues,https://www.scribd.com/document/255386154/Election-Law-One-Page-Outline,contemporary law manual,2026-09-19 07:02:29
260803580,Statutory Interpretation Theories Explained,https://www.scribd.com/document/260803580/Short-Leg-Reg-Outline,contemporary law manual,2026-09-19 07:02:29
289426099,Philippine Literature Through the Ages,https://www.scribd.com/document/289426099/PHILIPPINE-LITERATURE-docx,contemporary law manual,2026-09-19 07:02:29
321217200,BIO 1 Syllabus: Contemporary Biology,https://www.scribd.com/document/321217200/BIO-1-Course-Syllabus-UPD,contemporary law manual,2026-09-19 07:02:29
322374589,Public Finance,https://www.scribd.com/document/322374589/Public-Finance,contemporary law manual,2026-09-19 07:02:29
349491045,EDSA Revolution: A Poetic Reflection,https://www.scribd.com/document/349491045/Breaking-My-Social-Hymen,contemporary law manual,2026-09-19 07:02:29
358826528,Deng Xiaoping: A Biography by Vogel,https://www.scribd.com/document/358826528/Ezra-Vogel-Deng-Xiaoping-PDF,contemporary law manual,2026-09-19 07:02:29
363148288,Goldstein Classical Mechanics 3rd PDF,https://www.scribd.com/document/363148288/Goldstein-Classical-Mechanics-3rd-PDF,contemporary law manual,2026-09-19 07:02:29
368540815,Star Wars The Force Awakens Visual Dictionary (Fake),https://www.scribd.com/document/368540815/Star-Wars-the-Force-Awakens-Visual-Dictionary-fake,contemporary law manual,2026-09-19 07:02:29
36856054,APA Citation Guide (6th Ed) .,https://www.scribd.com/document/36856054/APA-Citation-Guide-6th-ed,contemporary law manual,2026-09-19 07:02:29
378519601,Business Ethics and Responsibilities,https://www.scribd.com/document/378519601,contemporary law manual,2026-09-19 07:02:29
388086069,Statistical Techniques 15th Edition Solutions,https://www.scribd.com/document/388086069/docdownloader-com-statistical-techniques-in-business-and-economics-15th-edition-solutions-manual-pdfpdf-pdf,contemporary law manual,2026-09-19 07:02:29
389835336,A Theory of Contemporary Rhetoric,https://www.scribd.com/document/389835336/A-Theory-of-Contemporary-Rhetoric,contemporary law manual,2026-09-19 07:02:29
389843596,Living Conditions in Bangalore Slums,https://www.scribd.com/document/389843596/Living-Conditions-in-Slums-a-Case-Study-in-Bangalore-City,contemporary law manual,2026-09-19 07:02:29
395707840,Law Competitions and Journals 2018 Guide,https://www.scribd.com/document/395707840/Notification-1,contemporary law manual,2026-09-19 07:02:29
397325070,The Four Imams by Muhammad Abu Zahra,https://www.scribd.com/document/397325070/The-Four-Imams-by-Muhammad-Abu-Zahra,contemporary law manual,2026-09-19 07:02:29
399558689,Harris' Quantitative Analysis Overview,https://www.scribd.com/document/399558689/101i-pdf,contemporary law manual,2026-09-19 07:02:29
400698154,Statistical Techniques 15th Edition Solutions,https://www.scribd.com/document/400698154/kupdf-net-statistical-techniques-in-business-and-economics-15th-edition-solutions-manual-pdfpdf-pdf,contemporary law manual,2026-09-19 07:02:29
402048192,Balanis Antenna Solutions Guide,https://www.scribd.com/document/402048192/Balanis-Antenna-2nd-Edition-Solution,contemporary law manual,2026-09-19 07:02:29
405631840,Read Online Here: Best Karate Vol 1 Comprehensive,https://www.scribd.com/document/405631840/Best-Karate-Vol-1-Comprehensive,contemporary law manual,2026-09-19 07:02:29
41035856,Mastering Modern European History Guide,https://www.scribd.com/document/41035856/Best-books,contemporary law manual,2026-09-19 07:02:29
414257409,Conserving Musical Instruments: Insights,https://www.scribd.com/document/414257409/The,contemporary law manual,2026-09-19 07:02:29
419475888,Periodontology Book List for Hygienists,https://www.scribd.com/document/419475888/periodontics-pdf,contemporary law manual,2026-09-19 07:02:29
424816015,Invincible Iron Man Volume 1 Reboot,https://www.scribd.com/document/424816015/Invincible-Iron-Man-Volume-1-Reboot,contemporary law manual,2026-09-19 07:02:29
428112438,Grammar Sense 4 Student Book With Online Practice Access Code Card Advanced Grammar and WR 4spgxvv,https://www.scribd.com/document/428112438/Grammar-Sense-4-Student-Book-With-Online-Practice-Access-Code-Card-Advanced-Grammar-and-Wr-4spgxvv,contemporary law manual,2026-09-19 07:02:29
429914434,Essential Skills for a Better Life,https://www.scribd.com/document/429914434/skills-for-a-better-life,contemporary law manual,2026-09-19 07:02:29
434508518,Pre-Colonial Period in Philippine Literature,https://www.scribd.com/document/434508518/1-Pre-ColonialLiterature-1,contemporary law manual,2026-09-19 07:02:29
438474591,Maat: The 11 Laws of God PDF Download,https://www.scribd.com/document/438474591/Maat,contemporary law manual,2026-09-19 07:02:29
439047028,Handbook of Journalism & Mass Communication,https://www.scribd.com/document/439047028/handbook-of-journalism-and-mass-communication-v-s-gupta-pdf-pdf,contemporary law manual,2026-09-19 07:02:29
461285945,Djamila Ribeiro: Activismo y Filosofía,https://www.scribd.com/document/461285945/Djamila-Ribeiro,contemporary law manual,2026-09-19 07:02:29
463642152,Legal Framework on Manual Scavenging,https://www.scribd.com/document/463642152/ABSTRACT,contemporary law manual,2026-09-19 07:02:29
472196513,Exercise Solutions For Simulation With Arena PDF,https://www.scribd.com/document/472196513/Exercise-Solutions-For-Simulation-With-Arena-pdf,contemporary law manual,2026-09-19 07:02:29
479272919,Contemporary Pharmacy Compounding Guide,https://www.scribd.com/document/479272919/Contemporary-Pharmaceutical-Compounding-Allen-2003,contemporary law manual,2026-09-19 07:02:29
480337406,Philippine Mechanical Engineering Code 2008,https://www.scribd.com/document/480337406/Philippine-Mechanical-Engineering-Code-2008-Special-Edition-pdf,contemporary law manual,2026-09-19 07:02:29
48266386,Working Class Culture and Education Insights,https://www.scribd.com/document/48266386/Learning-to-Labor,contemporary law manual,2026-09-19 07:02:29
488683090,Buku Manual Lengkap Yamaha 125z,https://www.scribd.com/document/488683090/buku-manual-125z,contemporary law manual,2026-09-19 07:02:29
489901108,"Solution Manual For Quantum Mechanics (2nd Edition), by Ahmed Ishtiaq, Fayyazuddin and Riazuddin",https://www.scribd.com/document/489901108/lovesey2015-pdf,contemporary law manual,2026-09-19 07:02:29
491013207,Understanding RA 9775 on Child Pornography,https://www.scribd.com/document/491013207/CHILD-PORNO,contemporary law manual,2026-09-19 07:02:29
496476237,Corporate Impact on Society and Ethics,https://www.scribd.com/document/496476237/DocuRef-the-Corporation,contemporary law manual,2026-09-19 07:02:29
499702373,CSS Criminology Exam Syllabus 2024,https://www.scribd.com/document/499702373/CSS-Syllabus,contemporary law manual,2026-09-19 07:02:29
519590211,"Critical Analysis of Bacon's ""Of Studies""",https://www.scribd.com/document/519590211/Critical-analysis-of-studies-by-francis-bacon-s-essays,contemporary law manual,2026-09-19 07:02:29
521922258,Criminology Course Overview and Syllabus,https://www.scribd.com/document/521922258/criminology-syllabus,contemporary law manual,2026-09-19 07:02:29
523342240,Corporate Finance and Investment Law Syllabus,https://www.scribd.com/document/523342240/Law-Relating-to-Investment-Securities-Corporate-Finance-and-Competition-3,contemporary law manual,2026-09-19 07:02:29
535665431,Financial Markets Solutions Manual,https://www.scribd.com/document/535665431/Solution-Manual-for-Financial-Markets-and-Institutions-12th-Edition-by-Jeff-Maduradocx-Compress,contemporary law manual,2026-09-19 07:02:29
545544286,Military Hand-to-Hand Combat Training,https://www.scribd.com/document/545544286/hand-to-hand-combat-training,contemporary law manual,2026-09-19 07:02:29
553604584,Philippine Law Book Order Form,https://www.scribd.com/document/553604584/Order-Form-2021-Online1,contemporary law manual,2026-09-19 07:02:29
589083720,John Saunders Assassination Overview,https://www.scribd.com/document/589083720/Killing-of-John-Saunders,contemporary law manual,2026-09-19 07:02:29
600651928,Comprehensive Legal Book Inventory,https://www.scribd.com/document/600651928/161-law-books,contemporary law manual,2026-09-19 07:02:29
606904262,Giddens' Sociology 6th Edition PDF,https://www.scribd.com/document/606904262/anthony-giddens-sociology-6-th-anthony-giddens-sociology-6-th-editionpdf-free,contemporary law manual,2026-09-19 07:02:29
62393064,Islamic Law: Origins and Concepts,https://www.scribd.com/document/62393064/9780415470766,contemporary law manual,2026-09-19 07:02:29
630083373,Grass-Roots Justice in Ethiopia - References - Centre Français Des Études Éthiopiennes PDF,https://www.scribd.com/document/630083373/Grass-roots-Justice-in-Ethiopia-References-Centre-francais-des-etudes-ethiopiennes-pdf,contemporary law manual,2026-09-19 07:02:29
634583099,Partners in Christ: A Christian's Duty,https://www.scribd.com/document/634583099/rccg-manual-21-October,contemporary law manual,2026-09-19 07:02:29
641161368,Ethiopia's Hate Speech Regulation Analysis,https://www.scribd.com/document/641161368/ETHIOPIAN-MEDIA-LAW-AND-POLICY,contemporary law manual,2026-09-19 07:02:29
662395439,Motte - Reading Georges Perec,https://www.scribd.com/document/662395439/Motte-Reading-Georges-Perec,contemporary law manual,2026-09-19 07:02:29
690572414,DNA's Role in Shaping Human Identity,https://www.scribd.com/document/690572414/The-Invisible-History-Of-Human-Race-How-Dna-And-Shape-Our-Identities-Futures-Christine-Kenneally,contemporary law manual,2026-09-19 07:02:29
701561474,Call for Articles: India Constitution Journal,https://www.scribd.com/document/701561474/Inviting-Articles-for-India-Foundation-Journal,contemporary law manual,2026-09-19 07:02:29
705284204,Call For Paper DLR 2023,https://www.scribd.com/document/705284204/Call-for-Paper-DLR-2023,contemporary law manual,2026-09-19 07:02:29
714643695,Exploratorium Cookbook II: A Construction Manual For Exploratorium Exhibits and Physiological Optics,https://www.scribd.com/document/714643695/Exploratorium-Cookbook-II-A-Construction-Manual-for-Hipschman-R-Le-Grand-Y-El-Hage-S-G-Gladstone-Physics-Today-3-36-pages-74-74,contemporary law manual,2026-09-19 07:02:29
721664266,Contemporary HRD Challenges Explained,https://www.scribd.com/document/721664266/Contemporary-Issue-in-HRD-PDF-Human-Resources-Payroll,contemporary law manual,2026-09-19 07:02:29
741272174,Indian Traditions and Cultural Practices,https://www.scribd.com/document/741272174/Indian-Tradition-Culture-and-Society,contemporary law manual,2026-09-19 07:02:29
748503475,English Grammar and Composition by Hafiz Karimdad Chughtai,https://www.scribd.com/document/748503475/English-Grammar-and-Composition-by-Hafiz-Karimdad-Chughtai,contemporary law manual,2026-09-19 07:02:29
760810833,Referensi,https://www.scribd.com/document/760810833/Referensi,contemporary law manual,2026-09-19 07:02:29
788911544,Sources of the British Constitution Explained,https://www.scribd.com/document/788911544/Suggested-politics-9-marker-questions-answers,contemporary law manual,2026-09-19 07:02:29
795523033,CATL Lithium-Ion Battery Warranty,https://www.scribd.com/document/795523033/CATL-NA-Warranty-Statement-6-20-22,contemporary law manual,2026-09-19 07:02:29
809991082,Cybernetic Capitalism Explained,https://www.scribd.com/document/809991082/tiqqun-the-cybernetic-hypothesis-Are-na,contemporary law manual,2026-09-19 07:02:29
813193051,Understanding Inter-Temporal Law,https://www.scribd.com/document/813193051/Doctrine-of-Inter-Temporal-law,contemporary law manual,2026-09-19 07:02:29
818372475,Social Media's Role in Modern Warfare,https://www.scribd.com/document/818372475/Social-media-as-a-tool-for-war,contemporary law manual,2026-09-19 07:02:29
8214977,GTS Curriculum Manual Overview,https://www.scribd.com/document/8214977/tracking-timetable,contemporary law manual,2026-09-19 07:02:29
83868753,"Profile of Paul Gogulski, P.E.",https://www.scribd.com/document/83868753/Gogulski-CV-11,contemporary law manual,2026-09-19 07:02:29
854844326,Global Conference on Law Trends 2023,https://www.scribd.com/document/854844326/1-3-25-Room-2-Conference-Schedule,contemporary law manual,2026-09-19 07:02:29
860235415,Assessment Methods for Law Course Exams,https://www.scribd.com/document/860235415/assessment-methods,contemporary law manual,2026-09-19 07:02:29
879730916,Market Integration and Modernization Insights,https://www.scribd.com/document/879730916/Contemporary-World-Week-45-Reviewer,contemporary law manual,2026-09-19 07:02:29
882032814,Examining Patriarchy in Contemporary Ireland,https://www.scribd.com/document/882032814/Document,contemporary law manual,2026-09-19 07:02:29
887588586,Capitalization of Proper Names in Law,https://www.scribd.com/document/887588586/BBCOA-com,contemporary law manual,2026-09-19 07:02:29
889578246,Constitutional Law Course Overview,https://www.scribd.com/document/889578246/Constitutional-Law,contemporary law manual,2026-09-19 07:02:29
892619317,Evolution of Labor Law History,https://www.scribd.com/document/892619317/Labor-Law,contemporary law manual,2026-09-19 07:02:29
892683522,Contemporary Universal History Course,https://www.scribd.com/document/892683522/CONTEMPORARY-WORLD-HISTORY-pdf,contemporary law manual,2026-09-19 07:02:29
892727917,Ethiopian Media Law on Hate Speech,https://www.scribd.com/document/892727917/ETHIOPIAN-MEDIA-LAW-AND-POLICY,contemporary law manual,2026-09-19 07:02:29
904936951,Evolution of Globalization Waves,https://www.scribd.com/document/904936951/Contemporary-World-Globalization-Notes,contemporary law manual,2026-09-19 07:02:29
911389900,Call for Chapters: Black Hollywood Today,https://www.scribd.com/document/911389900/EditedVolumeContemporary-2020,contemporary law manual,2026-09-19 07:02:29
920431520,Military Law Course Overview at SIU,https://www.scribd.com/document/920431520/T1685-Military-Law,contemporary law manual,2026-09-19 07:02:29
936125772,Bharatiya Sakshya Adhiniyam Overview,https://www.scribd.com/document/936125772/Law-of-Evidence-Revised-Syllabus-UL-16-074852,contemporary law manual,2026-09-19 07:02:29
948270500,Involuntary Servitude in Philippine Law,https://www.scribd.com/document/948270500/Involuntary-Servitude-Constitutional-Law,contemporary law manual,2026-09-19 07:02:29
958332688,Legal Argumentation and Perelman's Logic,https://www.scribd.com/document/958332688/Review-of-the-book-LEGAL-LOGIC-New-Rhetoric,contemporary law manual,2026-09-19 07:02:29
960988648,Cyber Operations and Humanitarian Law,https://www.scribd.com/document/960988648/02-humanity-and-necessity-0,contemporary law manual,2026-09-19 07:02:29
971421346,Impact of Electronic Legal Databases,https://www.scribd.com/document/971421346/Evaluate-the-Role-of-Electronic-Legal-Databases-Su,contemporary law manual,2026-09-19 07:02:29
984940482,Corporate Finance & Securities Law in India,https://www.scribd.com/document/984940482/corp-finance,contemporary law manual,2026-09-19 07:02:29
1060813282,Library Brochure 240524,https://www.scribd.com/document/1060813282/Library-Brochure-240524,astronomy ebook 2005,2026-09-19 07:28:10
111352220,Physics-Astronomy Reserve Collection,https://www.scribd.com/document/111352220/List-of-Physics-Books,astronomy ebook 2005,2026-09-19 07:28:10
185668684,Transforming Cognitive Deficits: Arrowsmith,https://www.scribd.com/document/185668684/Arrowsmith-Woman-Who-Changed-Her-Brain,astronomy ebook 2005,2026-09-19 07:28:10
266961005,DAMA-DMBOK Guide Overview,https://www.scribd.com/document/266961005/26290-pdf,astronomy ebook 2005,2026-09-19 07:28:10
323508192,Gaurav Munjal: Unacademy Founder Profile,https://www.scribd.com/document/323508192/Cool-Tutors-of-the-Tube-04-09-2016-Times-of-India,astronomy ebook 2005,2026-09-19 07:28:10
341013155,Swordships of Scorpio: Dray Prescot's Journey,https://www.scribd.com/document/341013155/Swordships-of-Scorpio,astronomy ebook 2005,2026-09-19 07:28:10
351411158,Pathria Statistical Mechanics Solutions,https://www.scribd.com/document/351411158/PDF,astronomy ebook 2005,2026-09-19 07:28:10
358423184,Ethical Writings of Maimonides PDF,https://www.scribd.com/document/358423184/Ethical-Writings-of-Maimonides-PDF,astronomy ebook 2005,2026-09-19 07:28:10
358463355,Introduction to Euclidean Quantum Gravity,https://www.scribd.com/document/358463355/Euclidean-Quantum-Gravity-Hawking-PDF,astronomy ebook 2005,2026-09-19 07:28:10
358490319,Euroschiavi Marco Della Luna Antonio Miclavez PDF,https://www.scribd.com/document/358490319/Euroschiavi-Marco-Della-Luna-Antonio-Miclavez-PDF,astronomy ebook 2005,2026-09-19 07:28:10
358584429,Guide to Atoms and Einstein's Universe,https://www.scribd.com/document/358584429,astronomy ebook 2005,2026-09-19 07:28:10
358607646,Exalted North PDF Guide Download,https://www.scribd.com/document/358607646/Exalted-North-PDF,astronomy ebook 2005,2026-09-19 07:28:10
358802667,Extremophiles in Extreme Environments,https://www.scribd.com/document/358802667/Extremophiles-Microbial-Life-in-Extreme-Environments-PDF,astronomy ebook 2005,2026-09-19 07:28:10
399282929,Akasa-Puspa: Saga Espacial Española,https://www.scribd.com/document/399282929/De-Nemesis-a-Akasa,astronomy ebook 2005,2026-09-19 07:28:10
436014676,Buku Fisika Modern Kenneth Krane PDF Keco,https://www.scribd.com/document/436014676/Pingpdf-com-Download-Buku-Fisika-Modern-Kenneth-Krane-PDF-Keco,astronomy ebook 2005,2026-09-19 07:28:10
453739382,Wills Eye Manual: Diagnosis & Treatment,https://www.scribd.com/document/453739382/6a5b0c209a02cd52c13b5d7c54350dacfad1-pdf,astronomy ebook 2005,2026-09-19 07:28:10
458097215,Lal Kitab: A Rare Astrology Guide,https://www.scribd.com/document/458097215/lal-kitab-a-rare-book-on-astrology,astronomy ebook 2005,2026-09-19 07:28:10
465830009,Chicago Style Bibliography Examples,https://www.scribd.com/document/465830009/CHICAGO-MANUAL-OF-STYLE,astronomy ebook 2005,2026-09-19 07:28:10
548986099,Science and Inventions of Leonardo Da Vinci Wikipedia,https://www.scribd.com/document/548986099/Science-and-Inventions-of-Leonardo-Da-Vinci-Wikipedia,astronomy ebook 2005,2026-09-19 07:28:10
56920428,UTS Harvard Referencing Guide,https://www.scribd.com/document/56920428/Referencing,astronomy ebook 2005,2026-09-19 07:28:10
616526180,Sidereus Nuncius,https://www.scribd.com/document/616526180/Sidereus-Nuncius,astronomy ebook 2005,2026-09-19 07:28:10
645166247,Crueldade com o Assum Preto,https://www.scribd.com/document/645166247/Assum-Preto-cego-dum-zoio-num-vendo-a-luz-ai-canta-de-dor-xapuri-info-pdf,astronomy ebook 2005,2026-09-19 07:28:10
680777565,Panduan Penulisan Daftar Pustaka,https://www.scribd.com/document/680777565/9-Daftar-Pustaka,astronomy ebook 2005,2026-09-19 07:28:10
783872171,Imam Ghazali Books in English PDF,https://www.scribd.com/document/783872171/imam-al-ghazali-books-in-english,astronomy ebook 2005,2026-09-19 07:28:10
815928633,Shapiro on Black Holes and Neutron Stars,https://www.scribd.com/document/815928633/Stuart-L-Shapiro,astronomy ebook 2005,2026-09-19 07:28:10
816035861,Reflections on Mathematics and Culture,https://www.scribd.com/document/816035861/Reflection,astronomy ebook 2005,2026-09-19 07:28:10
820769986,Haußelberg: Highest Point in Lüneburg Heath,https://www.scribd.com/document/820769986/Hau%C3%9Felberg,astronomy ebook 2005,2026-09-19 07:28:10
853868235,Anandamela Pujabarshiki 2012 Overview,https://www.scribd.com/document/853868235/0a23ead,astronomy ebook 2005,2026-09-19 07:28:10
865327961,Civil Engineering E-Book Collection,https://www.scribd.com/document/865327961/Civil-Engineering-eBooks,astronomy ebook 2005,2026-09-19 07:28:10
889061137,Calcutta University E-Resources 2015,https://www.scribd.com/document/889061137/E-Resources-2015,astronomy ebook 2005,2026-09-19 07:28:10
897347411,Programming Puzzles in Python,https://www.scribd.com/document/897347411/Free-Textbooks-English-International,astronomy ebook 2005,2026-09-19 07:28:10
964135945,Analisis Tanggung Jawab Manajer Perusahaan,https://www.scribd.com/document/964135945/eBook-Ekonomi-ITA-Gallino-Luciano-Perusahaan-yang-Tidak-Bertanggung-Jawab,astronomy ebook 2005,2026-09-19 07:28:10
1035109134,Digital dentistry LASERS,https://www.scribd.com/document/1035109134/Digital-dentistry-LASERS,dentistry,2026-09-19 07:28:17
139259146,3D Anatomy Resource for Dentists,https://www.scribd.com/document/139259146/3D-Head-and-Neck-Anatomy-for-Dentistry-Cracked,dentistry,2026-09-19 07:28:17
17101765,Equine Dental Care and Age Chart,https://www.scribd.com/document/17101765/Equine-Dentistry,dentistry,2026-09-19 07:28:17
210914866,Community Dentistry Reviewer,https://www.scribd.com/document/210914866/Community-Dentistry-Reviewer,dentistry,2026-09-19 07:28:17
236594277,ORE Exam Essential Reading List,https://www.scribd.com/document/236594277/Ore-Reading-List,dentistry,2026-09-19 07:28:17
241974820,Dentist Cover Letter Example,https://www.scribd.com/document/241974820/Dentistry-Associate-Cover-Letter-1,dentistry,2026-09-19 07:28:17
243989254,Dentistry MMI Interview Questions Guide,https://www.scribd.com/document/243989254/Interview-Questions,dentistry,2026-09-19 07:28:17
267212751,Children's Preventive Dentistry Guide,https://www.scribd.com/document/267212751/Children,dentistry,2026-09-19 07:28:17
280174298,Hippocratic Oath For Dentistry - Unlocked,https://www.scribd.com/document/280174298,dentistry,2026-09-19 07:28:17
288858029,Forensic Radiology in Dental Identification,https://www.scribd.com/document/288858029,dentistry,2026-09-19 07:28:17
342127870,Primary Prevention in Dentistry,https://www.scribd.com/document/342127870/Professor-Dr-Sulafa-El-Samarrai-Preventive-Dentistry-Lec1,dentistry,2026-09-19 07:28:17
353458702,Composite Layering Technique in Dentistry,https://www.scribd.com/document/353458702/pg42-44-Aesthetic-layering-pdf,dentistry,2026-09-19 07:28:17
354203986,OSCEs For Dentistry PDF,https://www.scribd.com/document/354203986/osces-for-dentistry-pdf,dentistry,2026-09-19 07:28:17
355280503,Prosthodontist Profile: Mrunal Doiphode,https://www.scribd.com/document/355280503/CV-Mrunal-Doiphode-July-2017-for-Dubai,dentistry,2026-09-19 07:28:17
358486267,European Journal of Esthetic Dentistry,https://www.scribd.com/document/358486267/European-Journal-Esthetic-Dentistry-PDF,dentistry,2026-09-19 07:28:17
363148357,Goldstein Esthetics in Dentistry,https://www.scribd.com/document/363148357/Goldstein-Esthetics-in-Dentistry,dentistry,2026-09-19 07:28:17
406994011,Premkumar's Pediatric Dentistry Manual,https://www.scribd.com/document/406994011/Manual-of-Pediatric-Dentistry,dentistry,2026-09-19 07:28:17
410139630,Music Therapy for Dental Anxiety Management,https://www.scribd.com/document/410139630/Music-Therapy-In-Dentistry-Its-Application-In-Management-Of-Anxious-Dental-Patients-Indian-Journal-of-Research,dentistry,2026-09-19 07:28:17
419930813,Soben Peter Community Dentistry PDF Download,https://www.scribd.com/document/419930813/Pingpdf-com-Soben-Peter-Community-Dentistry-PDF-Free-Download,dentistry,2026-09-19 07:28:17
420438293,Forensic Dentistry in Legal Identification,https://www.scribd.com/document/420438293/Forensic-Dentistry-a-Piece-to-Grim-Puzzle,dentistry,2026-09-19 07:28:17
425920407,Flexible Thermoplastic Dentures in Dentistry,https://www.scribd.com/document/425920407/Flexible-Thermoplastic-Denture-Base-pdf,dentistry,2026-09-19 07:28:17
452227920,PDF - BGB Contemporary Implant Dentistry PDF,https://www.scribd.com/document/452227920/PDF-bgb-Contemporary-Implant-Dentistry-pdf,dentistry,2026-09-19 07:28:17
465591774,Digital Esthetic Dentistry Insights,https://www.scribd.com/document/465591774/Digitally-Enhanced-Esthetic-Dentistry,dentistry,2026-09-19 07:28:17
501882490,Ameloglyphics in Forensic Dentistry,https://www.scribd.com/document/501882490/Ameloglyphics-A-feasible-forensic-tool-in-dentistry,dentistry,2026-09-19 07:28:17
504240468,Slow Dentistry Course with Dr. Roig,https://www.scribd.com/document/504240468/Course-Slow-Dentistry-versao-22abril2019-12h34,dentistry,2026-09-19 07:28:17
514832855,Husayn Kamil: Muslim Dentist Insights,https://www.scribd.com/document/514832855/Muslim-Scholar-Contribution-in-Restorative-Dentistry,dentistry,2026-09-19 07:28:17
515275924,Understanding Occlusion in Dentistry Course,https://www.scribd.com/document/515275924/Occlusion-in-General-Dentistry,dentistry,2026-09-19 07:28:17
517774165,Fundamentals of Implant Dentistry: Prosthodontic Principles Supports The Concept That,https://www.scribd.com/document/517774165/FundamentalsofImplantDentistryProsthodonticPrinciples-BookReview-final,dentistry,2026-09-19 07:28:17
626137302,Ball Therapy for Canine Dental Health,https://www.scribd.com/document/626137302/Advanced-Animal-Dentistry-Ball-Therapy,dentistry,2026-09-19 07:28:17
64055990,Air Polishing for Supragingival & Subgingival Care,https://www.scribd.com/document/64055990/Airflow-September-Dentistry,dentistry,2026-09-19 07:28:17
669410901,Decision Making in Implant Dentistry,https://www.scribd.com/document/669410901/decision-making-implant,dentistry,2026-09-19 07:28:17
681550927,iADH's Special Care Dentistry Curriculum,https://www.scribd.com/document/681550927/iADH-Develops-an-Undergraduate-Curriculum-in-Special-Care-Dentistry-JCDA,dentistry,2026-09-19 07:28:17
698806555,Ordinance Against Illegal Dentistry,https://www.scribd.com/document/698806555/Illegal-Practice-of-Dentistry-Ordinance,dentistry,2026-09-19 07:28:17
707761821,Ronald E Goldsteins Esthetics in Dentistry,https://www.scribd.com/document/707761821/Ronald-E-Goldsteins-Esthetics-in-Dentistry,dentistry,2026-09-19 07:28:17
728851344,OET Dentistry Role-Play Sample Test,https://www.scribd.com/document/728851344/Speaking-Sample-Test-2-Dentistry,dentistry,2026-09-19 07:28:17
732603224,"Clinical Periodontology and Implant Dentistry, 6th.2",https://www.scribd.com/document/732603224/Clinical-Periodontology-and-Implant-Dentistry-6th-2,dentistry,2026-09-19 07:28:17
739447637,Nitrous Oxide Guidelines for Dentistry,https://www.scribd.com/document/739447637/ADA-guidelines-relative-analgesia,dentistry,2026-09-19 07:28:17
842848353,Social Media's Role in Dentistry Risks & Benefits,https://www.scribd.com/document/842848353/The-Impact-of-Social-Media-on-Dentistry,dentistry,2026-09-19 07:28:17
853132151,Pet Ball Therapy Resources Advanced Animal Dentistry,https://www.scribd.com/document/853132151/Pet-Ball-Therapy-Resources-Advanced-Animal-Dentistry,dentistry,2026-09-19 07:28:17
903906473,Children's Preventative Dentistry Guide,https://www.scribd.com/document/903906473/Spotlight-Article-6-Childrens-Dentistry-March-2023,dentistry,2026-09-19 07:28:17
111667576,Chaffey's Digital Marketing Best Practices,https://www.scribd.com/document/111667576/1012-Dave-Chaffey,university law,2026-09-19 07:28:18
132586800,The 12 Universal Laws Explained,https://www.scribd.com/document/132586800/12-Laws,university law,2026-09-19 07:28:18
134990,Understanding the 12 Universal Laws,https://www.scribd.com/document/134990/Universal-Laws,university law,2026-09-19 07:28:18
165211956,Southeast University Assignment Cover Sheet,https://www.scribd.com/document/165211956/01-Southeast-University,university law,2026-09-19 07:28:18
167684406,KSLU Company Law Model Question Papers,https://www.scribd.com/document/167684406/QP-Company-Law-kslu,university law,2026-09-19 07:28:18
181576587,Monash Business Law Electives Overview,https://www.scribd.com/document/181576587/Business-Law-pdf,university law,2026-09-19 07:28:18
204228978,NALSAR Student Law Review Call for Papers,https://www.scribd.com/document/204228978,university law,2026-09-19 07:28:18
217037512,Law of Torts Course Outline,https://www.scribd.com/document/217037512/Law-of-Tort,university law,2026-09-19 07:28:18
22537412,Law Examination Questions 2008,https://www.scribd.com/document/22537412/Public-Law-2008-Zone-A-Paper,university law,2026-09-19 07:28:18
231431693,Republic Act No. 1425: Rizal Law Overview,https://www.scribd.com/document/231431693/Rizal-Law,university law,2026-09-19 07:28:18
259398401,Navigating Mother-Daughter-in-Law Tensions,https://www.scribd.com/document/259398401/Daughter-in-Law-Relationship,university law,2026-09-19 07:28:18
276165898,Law School Interview Questions Guide,https://www.scribd.com/document/276165898/Law-Interview-Questions,university law,2026-09-19 07:28:18
291872746,Monash University JD Program Overview,https://www.scribd.com/document/291872746/Master-of-Laws-Juris-Doctor-2016,university law,2026-09-19 07:28:18
316599709,Origin and Insights of Murphy's Law,https://www.scribd.com/document/316599709/Muphys-Law,university law,2026-09-19 07:28:18
317353428,Perpetual Help Law School Curriculum,https://www.scribd.com/document/317353428/University-of-Perpetual-Help-Bachelor-of-Laws-Curriculum,university law,2026-09-19 07:28:18
324744476,Remedial Law in the Philippines PDF,https://www.scribd.com/document/324744476/Remedial-Law-Philippines-PDF,university law,2026-09-19 07:28:18
329509530,Law and Religion: An Interdisciplinary Study,https://www.scribd.com/document/329509530/Law-and-Religion,university law,2026-09-19 07:28:18
353901795,Importance of the Rizal Law Today,https://www.scribd.com/document/353901795/Thought-Paper-Rizal-Law,university law,2026-09-19 07:28:18
357269194,McGuckin's Christian Law Synthesis,https://www.scribd.com/document/357269194/John-a-McGuckin-The-Ascent-of-Christian-Law,university law,2026-09-19 07:28:18
363695656,Constitutional Law Review for Judge Baddiri,https://www.scribd.com/document/363695656/Reviewer-in-Constitutional-Law,university law,2026-09-19 07:28:18
364523259,The 12 Universal Laws Explained,https://www.scribd.com/document/364523259/the-12-universal-laws-pdf,university law,2026-09-19 07:28:18
366574644,Understanding Eternal and Natural Law,https://www.scribd.com/document/366574644/Natural-Law,university law,2026-09-19 07:28:18
375722598,Understanding Fundamental Law Principles,https://www.scribd.com/document/375722598/Law-the-Fundamental-Truth,university law,2026-09-19 07:28:18
378271897,Law and Justice in Globalization Topics,https://www.scribd.com/document/378271897/Law-and-Justice-Globalized-World-Topics-2018,university law,2026-09-19 07:28:18
401575235,Understanding Legal Systems and Law,https://www.scribd.com/document/401575235/Law,university law,2026-09-19 07:28:18
402804819,Transnational Law: Concepts and Definitions,https://www.scribd.com/document/402804819/Transnational-Law-Jessup-pdf,university law,2026-09-19 07:28:18
403048233,Mekelle University: History and Growth,https://www.scribd.com/document/403048233/background-of-mekelle-university,university law,2026-09-19 07:28:18
403427333,Teaching Law as Practice of Law,https://www.scribd.com/document/403427333/Is-teaching-law-a-practice-of-law-docx,university law,2026-09-19 07:28:18
411424078,Generalized Hooke's Law Explained,https://www.scribd.com/document/411424078/Generalized-Hooke-s-Law-3-12-07-pdf,university law,2026-09-19 07:28:18
421081462,History of Silliman University,https://www.scribd.com/document/421081462/History-of-Silliman-University-Throughout-the-Years-Since-1901,university law,2026-09-19 07:28:18
423130727,Law University Campus Design Proposal,https://www.scribd.com/document/423130727/Law-University-Synopsis,university law,2026-09-19 07:28:18
424795929,Introduction to Law Course Outline,https://www.scribd.com/document/424795929/Intro-to-Law-Syllabus-Law,university law,2026-09-19 07:28:18
428921804,Impact of Martial Law 1972-1981,https://www.scribd.com/document/428921804/Martial-Law,university law,2026-09-19 07:28:18
430268501,Tax Law Exam Notes Overview,https://www.scribd.com/document/430268501/Www-Studocu-Com-en-Au-Document-Queensland-University-of-Technology-Introduction-to-Taxation-Law-Lecture-Notes-Tax-Law-Exam-Notes-Final-195771-View,university law,2026-09-19 07:28:18
431320350,Overview of the Rizal Law (RA 1425),https://www.scribd.com/document/431320350/Rizal-Law,university law,2026-09-19 07:28:18
432400537,Shaheed Zulfiqar Ali Bhutto Law Merit List,https://www.scribd.com/document/432400537/Shaheed-Zulfiqar-Ali-Bhutto-University-of-Law-Karachi-First-Merit-List,university law,2026-09-19 07:28:18
434139534,Understanding Parkinson's Law in Bureaucracy,https://www.scribd.com/document/434139534/The-law,university law,2026-09-19 07:28:18
438465298,Mizzou Law Personal Statement Example,https://www.scribd.com/document/438465298/garrison-howell-personal-statement,university law,2026-09-19 07:28:18
442479325,Acknowledgment in Business Law Assignment,https://www.scribd.com/document/442479325/Business-Law-assignment-docx,university law,2026-09-19 07:28:18
443281185,Why I Chose Law School,https://www.scribd.com/document/443281185/Why-Law-School-Essay,university law,2026-09-19 07:28:18
469347615,Manchester-LLM (Public International Law),https://www.scribd.com/document/469347615/Manchester-LLM-Public-International-law,university law,2026-09-19 07:28:18
471686201,Administrative Law Exam Questions 2018,https://www.scribd.com/document/471686201/Canadian-Administrative-Law-sample-exam,university law,2026-09-19 07:28:18
471901194,Universal Laws of Reality Explained,https://www.scribd.com/document/471901194/Universal-Laws,university law,2026-09-19 07:28:18
478217635,"Review of ""The Law of Admiralty""",https://www.scribd.com/document/478217635/Review-of-The-Law-of-Admiralty-By-Grant-Gilmore-and-Charles-pdf,university law,2026-09-19 07:28:18
485237588,History of the Rizal Law (RA 1425),https://www.scribd.com/document/485237588/Rizal-Law,university law,2026-09-19 07:28:18
488693899,Understanding Equity Law in Business,https://www.scribd.com/document/488693899/Equity-Law-docx,university law,2026-09-19 07:28:18
488829538,Law Personal Statement Example,https://www.scribd.com/document/488829538/Sample-Personal-Statement-Law,university law,2026-09-19 07:28:18
500315613,Ohm's Law Virtual Lab Guide,https://www.scribd.com/document/500315613/Ohms-Law-Remote-lab,university law,2026-09-19 07:28:18
514309887,Administrative Law Exam Guide,https://www.scribd.com/document/514309887/Admin-Law-Syllabus-Exam-Questions,university law,2026-09-19 07:28:18
515326387,Law Colleges in West Bengal Overview,https://www.scribd.com/document/515326387/List-of-Law-Colleges-in-West-Bengal,university law,2026-09-19 07:28:18
517690028,History of Silliman University,https://www.scribd.com/document/517690028/4-silliman-University-History,university law,2026-09-19 07:28:18
518834403,12 Divine Universal Laws Explained,https://www.scribd.com/document/518834403/12-Divine-Universal-Laws,university law,2026-09-19 07:28:18
520700418,Land Revenue and Acquisition Laws Overview,https://www.scribd.com/document/520700418/Land-Law-Syllabus,university law,2026-09-19 07:28:18
522772932,Constitutional Law Lecture Notes,https://www.scribd.com/document/522772932/Constitutional-law-Lecture-Notes,university law,2026-09-19 07:28:18
535558373,Seven Universal Laws Explained,https://www.scribd.com/document/535558373/Seven-Universal-Laws-that-Govern-Your-Life-1,university law,2026-09-19 07:28:18
536662230,LLM Master of Laws Scholarships Available,https://www.scribd.com/document/536662230/International-LawScholarship-2pp-A4-2,university law,2026-09-19 07:28:18
54264632,Southeast University Assignment Cover Page,https://www.scribd.com/document/54264632/Southeast-University,university law,2026-09-19 07:28:18
5439950,Holmes' Practical Approach to Law,https://www.scribd.com/document/5439950/Holmes-notes,university law,2026-09-19 07:28:18
556101204,MSc Project Management at BPP University,https://www.scribd.com/document/556101204/Statement-of-Purpose,university law,2026-09-19 07:28:18
614609673,Law of Torts by R.K. Bangia PDF,https://www.scribd.com/document/614609673/tiips-law-of-torts,university law,2026-09-19 07:28:18
616016988,Australian Intellectual Property Law Overview,https://www.scribd.com/document/616016988/Australian-Intellectual-Property-Law,university law,2026-09-19 07:28:18
622786478,Understanding the Law of Attraction,https://www.scribd.com/document/622786478/The-Law-of-Attraction,university law,2026-09-19 07:28:18
625158128,Overview of Maritime Law Concepts,https://www.scribd.com/document/625158128/Module-1-MarLaw-CERIA,university law,2026-09-19 07:28:18
628534598,History of Takshashila University,https://www.scribd.com/document/628534598/Taxila-university,university law,2026-09-19 07:28:18
646313452,12 Immutable Laws of the Universe,https://www.scribd.com/document/646313452/12-Immutable-Universal-Laws-Laws-of-the-Universe,university law,2026-09-19 07:28:18
660875581,Understanding Customary Law Concepts,https://www.scribd.com/document/660875581/CUSTOMARY-LAW,university law,2026-09-19 07:28:18
662279293,Understanding Zipf–Mandelbrot Law,https://www.scribd.com/document/662279293/Zipf-Mandelbrot-law,university law,2026-09-19 07:28:18
673426301,Top UK Universities List 2016-2017,https://www.scribd.com/document/673426301/UK-university-list,university law,2026-09-19 07:28:18
688856335,Techniques of Social Control Through Law,https://www.scribd.com/document/688856335/METHODS-OF-SOCIAL-CONTROL-THROUGH-LAW,university law,2026-09-19 07:28:18
749312626,Harvard University Overview and Rankings,https://www.scribd.com/document/749312626/2B1-Harvard-University,university law,2026-09-19 07:28:18
76113522,John Austin's Command Theory of Law,https://www.scribd.com/document/76113522/Austinian-Theory-of-Law,university law,2026-09-19 07:28:18
76553468,Preparing for Oxford Law Studies,https://www.scribd.com/document/76553468,university law,2026-09-19 07:28:18
78764058,Oxford University: History and Highlights,https://www.scribd.com/document/78764058/Oxford-University,university law,2026-09-19 07:28:18
821989787,Jagannath University Subject List 2023,https://www.scribd.com/document/821989787/Jagannath-University-Subject-List-and-Seats-Jnu-Subject-List-2023-Dhaka-Campus,university law,2026-09-19 07:28:18
863602786,AAUA 2025/2026 Admission Cut-Off Marks,https://www.scribd.com/document/863602786/Adekunle-Ajasin-University-Cut-Off-Mark-2025-2026-AJLS,university law,2026-09-19 07:28:18
876685044,Universities in Southwest Nigeria List,https://www.scribd.com/document/876685044/Universities-In-Southwest-Nigeria,university law,2026-09-19 07:28:18
90764185,AMT and AVT Curriculum Overview,https://www.scribd.com/document/90764185/Aviation-Maintenance-Electronics-Technology,university law,2026-09-19 07:28:18
910846158,Human Rights Law LLB Notes,https://www.scribd.com/document/910846158/Human-Rights-Law-Notes,university law,2026-09-19 07:28:18
926555188,The 36 Universal Spiritual Laws,https://www.scribd.com/document/926555188/The-36-Universal-Laws,university law,2026-09-19 07:28:18
929102449,University of Auckland Exchange Partners,https://www.scribd.com/document/929102449/Exchange-Partner-List,university law,2026-09-19 07:28:18
1045600224,Introduction To Law Course Outline For Second Semester Llb1 2023 Final,https://www.scribd.com/document/1045600224/Introduction-to-Law-Course-Outline-for-Second-Semester-Llb1-2023-Final,human rights law professional research paper,2026-09-19 07:28:19
105475706,2013 UQ International Student Fees,https://www.scribd.com/document/105475706/2013-fees,second year biomedical engineering 2013,2026-09-19 07:28:19
107094714,US Court Fraud Linked to Banking Failures,https://www.scribd.com/document/107094714/12-09-26-J-Zernik-Large-scale-fraud-in-US-court-records-is-linked-to-failing-banking-regulation-OpEdNews,human rights law professional research paper,2026-09-19 07:28:19
112863857,Sociology of Human Rights Overview,https://www.scribd.com/document/112863857/Sociology-of-Human-Rights-Syllabus-12-13,human rights law professional research paper,2026-09-19 07:28:19
112944704,Hardiman Research Scholarships at NUI Galway,https://www.scribd.com/document/112944704/Hardiman-Scholarship-Poster,second year biomedical engineering 2013,2026-09-19 07:28:19
114898722,Matchwomen's Festival 2013 Overview,https://www.scribd.com/document/114898722,art history,2026-09-19 07:28:19
121178893,Importance of Studying History,https://www.scribd.com/document/121178893/Why-study-History,art history,2026-09-19 07:28:19
126421162,UCC Biomedical Engineering Study Plan,https://www.scribd.com/document/126421162/9-UCC-Biomedical-Engineering,second year biomedical engineering 2013,2026-09-19 07:28:19
132221570,Gabriela Youth: Feminism in Action,https://www.scribd.com/document/132221570/Research-Paper-on-Gabriella-and-Feminism,human rights law professional research paper,2026-09-19 07:28:19
132863338,UDayton Final Exam Schedule 2013,https://www.scribd.com/document/132863338/Year-Dates-2013,second year biomedical engineering 2013,2026-09-19 07:28:19
135473491,Comprehensive Art History Timeline,https://www.scribd.com/document/135473491/Art-History-Timeline,art history,2026-09-19 07:28:19
138266857,Academic vs. Professional Credentials Explained,https://www.scribd.com/document/138266857/The-Differences-Between-Academic-and-Professional-Credentials,human rights law professional research paper,2026-09-19 07:28:19
143758372,Israeli Supreme Court Conspiracy Insights,https://www.scribd.com/document/143758372/13-05-26-Israeli-Supreme-Court-Conspiracy-Theory,human rights law professional research paper,2026-09-19 07:28:19
158191678,Overview of the Medieval Period,https://www.scribd.com/document/158191678/Medieval-History,art history,2026-09-19 07:28:19
15970984,Denmark's Position on Violence Against Women,https://www.scribd.com/document/15970984/Sample-Position-Paper,human rights law professional research paper,2026-09-19 07:28:19
163924356,Pursuing a PhD in Biomedical Engineering,https://www.scribd.com/document/163924356/SOP-Biomedical-Engineering,second year biomedical engineering 2013,2026-09-19 07:28:19
168817217,The Decision to Stop Making Art,https://www.scribd.com/document/168817217/Stopping-Making-Art-by-Danto,art history,2026-09-19 07:28:19
172686901,Timeline of Western Art Movements,https://www.scribd.com/document/172686901/Western-Art-History-Timeline,art history,2026-09-19 07:28:19
17829998,Overview of Pop Art Movement History,https://www.scribd.com/document/17829998/Pop-Arts-History,art history,2026-09-19 07:28:19
186712154,Convocation Speech for Engineering Graduates,https://www.scribd.com/document/186712154/Convocation-Speech,second year biomedical engineering 2013,2026-09-19 07:28:19
204150497,Helsinki Accords: Human Rights & Responsibilities,https://www.scribd.com/document/204150497/Process-paper,human rights law professional research paper,2026-09-19 07:28:19
204794513,Jain Tirthankar Art from Gupta Period,https://www.scribd.com/document/204794513/29-Art-History-Jain-Tirthankar,art history,2026-09-19 07:28:19
214591104,Bachelor of Biomedical Science Overview,https://www.scribd.com/document/214591104/BachelorBiomedicalScience-SOHSF-F3041,second year biomedical engineering 2013,2026-09-19 07:28:19
214859880,Edinburgh Mechanical Engineering Overview,https://www.scribd.com/document/214859880/Mechanical-Engineering,second year biomedical engineering 2013,2026-09-19 07:28:19
218745663,History and Types of Porcelain,https://www.scribd.com/document/218745663/Asian-Art-Galleries,art history,2026-09-19 07:28:19
230411479,Patients' Bill of Rights Overview,https://www.scribd.com/document/230411479/Patients-Bill-of-Rights,human rights law professional research paper,2026-09-19 07:28:19
230877547,Exploring India's Sacred Art,https://www.scribd.com/document/230877547/Exploring-India-s-Sacred-Art,art history,2026-09-19 07:28:19
237228392,History of Indian Jewelry,https://www.scribd.com/document/237228392/History-of-Indian-Jewelry,art history,2026-09-19 07:28:19
239042697,Comprehensive Art History Timeline,https://www.scribd.com/document/239042697/Art-History-Timeline,art history,2026-09-19 07:28:19
239606136,Opposition to Lowering Criminal Age,https://www.scribd.com/document/239606136/Pap-Position-Paper-on-Juvenile-Justice-Law-110812,human rights law professional research paper,2026-09-19 07:28:19
241029843,National Seminar on Human Rights Issues,https://www.scribd.com/document/241029843/National-Seminar-Human-Right-pdf,human rights law professional research paper,2026-09-19 07:28:19
241132972,Human Rights Career Opportunities,https://www.scribd.com/document/241132972/Human-Rights,human rights law professional research paper,2026-09-19 07:28:19
241392219,Mesoamerican Art History Overview,https://www.scribd.com/document/241392219/MesoAmerican-Art-History-Study-Guide,art history,2026-09-19 07:28:19
249122548,Display Industry NPI & Quality Expert,https://www.scribd.com/document/249122548/resume-mei-chiao-lin-dec-2014,second year biomedical engineering 2013,2026-09-19 07:28:19
258554482,International Humanitarian Law Syllabus,https://www.scribd.com/document/258554482/Course-Syllabus-International-Humanitarian-Law,human rights law professional research paper,2026-09-19 07:28:19
260404742,Biomedical Engineering Academic Plan,https://www.scribd.com/document/260404742/EBIM,second year biomedical engineering 2013,2026-09-19 07:28:19
262683437,Timeline of Indian Art and History,https://www.scribd.com/document/262683437/Indian-Art-History-Timeline,art history,2026-09-19 07:28:19
267229663,Biotech Course Sequence 2013-2014,https://www.scribd.com/document/267229663/Course-sequence-CHG-biotech-biomed,second year biomedical engineering 2013,2026-09-19 07:28:19
270277678,Biomedical Engineering Personal Statement,https://www.scribd.com/document/270277678/personal-statement,second year biomedical engineering 2013,2026-09-19 07:28:19
270543789,Ritu Yellaram's Profile Summary,https://www.scribd.com/document/270543789/IGTC-Batch-2013-2015,second year biomedical engineering 2013,2026-09-19 07:28:19
292856521,National Seminar on Human Rights Law,https://www.scribd.com/document/292856521/Brochure-National-Seminar-on-International-Human-Rights-Law-Prospects-and-Challenges,human rights law professional research paper,2026-09-19 07:28:19
293166227,Biomedical Engineering Electives 2013-14,https://www.scribd.com/document/293166227/Viii-b-e-Biomedical-Engineering101013052319,second year biomedical engineering 2013,2026-09-19 07:28:19
305182688,Understanding Human Trafficking Dynamics,https://www.scribd.com/document/305182688/human-trafficking-research-paper-pdf,human rights law professional research paper,2026-09-19 07:28:19
305458545,LLM Aspirations in Human Rights Law,https://www.scribd.com/document/305458545/hlavkova-esej,human rights law professional research paper,2026-09-19 07:28:19
31219056,Denmark's Stance on Violence Against Women,https://www.scribd.com/document/31219056/5-Sample-Position-Paper,human rights law professional research paper,2026-09-19 07:28:19
316684700,Canon of Exhibitions: A New Study,https://www.scribd.com/document/316684700/Canon-of-Exhibition,art history,2026-09-19 07:28:19
320734367,ISSCC 2014: Biointerface Circuits Course,https://www.scribd.com/document/320734367/ISSCC-ShortCourse,second year biomedical engineering 2013,2026-09-19 07:28:19
324153998,Overview of Performance Art History,https://www.scribd.com/document/324153998/performance-art-docx,art history,2026-09-19 07:28:19
326385149,Biomedical Engineering Project Course 2013,https://www.scribd.com/document/326385149/En-Cours-2013-Lfsab1506,second year biomedical engineering 2013,2026-09-19 07:28:19
336855702,Policy Recommendations for Human Rights Program,https://www.scribd.com/document/336855702/POLICY-RECOMMENDATION,human rights law professional research paper,2026-09-19 07:28:19
337638814,Development Ethics and Human Rights,https://www.scribd.com/document/337638814/2009-Des-Gasper-Development-Ethics-and-Human-Development,human rights law professional research paper,2026-09-19 07:28:19
352245543,Muslim Divorce Law in the Philippines,https://www.scribd.com/document/352245543/Adoption-of-Muslim-Divorce-Law,human rights law professional research paper,2026-09-19 07:28:19
352733124,LL.B. Curriculum Overview for TU,https://www.scribd.com/document/352733124/Law-Curriculum-in-Tu-Nepal-Law-Campus,human rights law professional research paper,2026-09-19 07:28:19
353061113,Ethical Principles for Research Conduct,https://www.scribd.com/document/353061113/Research-Ethics,human rights law professional research paper,2026-09-19 07:28:19
354568156,Camile Cortez: Human Rights Advocate,https://www.scribd.com/document/354568156/Camile-Cortez-CV-pdf,human rights law professional research paper,2026-09-19 07:28:19
358494720,Euthanasia and Human Rights Overview,https://www.scribd.com/document/358494720/Euthanasia-and-Human-Rights-PDF,human rights law professional research paper,2026-09-19 07:28:19
359654444,Professional Ethics in Engineering Syllabus,https://www.scribd.com/document/359654444/Professional-Ethics-Syllabus,human rights law professional research paper,2026-09-19 07:28:19
359796392,Human Rights Advocacy Course Overview,https://www.scribd.com/document/359796392/Human-Rights-Advocacy,human rights law professional research paper,2026-09-19 07:28:19
36297481,Understanding the Role of Art in History,https://www.scribd.com/document/36297481/what-is-art,art history,2026-09-19 07:28:19
364494626,Rights of Elderly in India: A Human Rights Perspective,https://www.scribd.com/document/364494626/3-4-44-459-2,human rights law professional research paper,2026-09-19 07:28:19
364672414,GRE Score Report Summary,https://www.scribd.com/document/364672414/gre-score,second year biomedical engineering 2013,2026-09-19 07:28:19
36707361,Social History of Art: Key Theories Explained,https://www.scribd.com/document/36707361/Social-History-of-Art,art history,2026-09-19 07:28:19
368666215,CRISPR in Health Emergencies: Sweden's Stance,https://www.scribd.com/document/368666215/Position-Paper-Sweden,human rights law professional research paper,2026-09-19 07:28:19
37311199,Crist's Support for Gay Rights Initiatives,https://www.scribd.com/document/37311199/Governor-Charlie-Crist-LGBT-Position-Paper,human rights law professional research paper,2026-09-19 07:28:19
373381045,Transgender Rights in the Philippines,https://www.scribd.com/document/373381045/Transgender-Rights,human rights law professional research paper,2026-09-19 07:28:19
373381255,Advocating LGBT Rights in the Philippines,https://www.scribd.com/document/373381255/Position-paper-of-LGBT,human rights law professional research paper,2026-09-19 07:28:19
382114287,History of Chainsaw Carving Art,https://www.scribd.com/document/382114287/chainsaw-art,art history,2026-09-19 07:28:19
382633520,A Brief History of The Word Curator' - Art - Agenda - Phaidon,https://www.scribd.com/document/382633520/A-brief-history-of-the-word-curator-Art-Agenda-Phaidon,art history,2026-09-19 07:28:19
38379574,Filipino Patients' Bill of Rights,https://www.scribd.com/document/38379574/Filipino-Patients-Bill-of-Rights,human rights law professional research paper,2026-09-19 07:28:19
391341942,Understanding Art Forms and Subjects,https://www.scribd.com/document/391341942/Forms-of-Art,art history,2026-09-19 07:28:19
394677864,Art History Timeline Overview,https://www.scribd.com/document/394677864/History-of-Art,art history,2026-09-19 07:28:19
395935622,Computational Medicine and Engineering Course,https://www.scribd.com/document/395935622/Introduction-to-Computational-Medicine-and-Biomedical-Engineering,second year biomedical engineering 2013,2026-09-19 07:28:19
396514422,"Pop Art, Op Art, Minimalism Overview",https://www.scribd.com/document/396514422/Chapter-30-Pop-Art-Op-Art-Minimalism-Conceptualism-Art-History,art history,2026-09-19 07:28:19
396715534,Siddharth Nair: Innovator in Healthcare Tech,https://www.scribd.com/document/396715534/Siddharth-Nair-speaker-Profile,second year biomedical engineering 2013,2026-09-19 07:28:19
396723575,Professional Ethics Project Guidelines,https://www.scribd.com/document/396723575/Professional-Ethics-Ll-b-Project-File,human rights law professional research paper,2026-09-19 07:28:19
401279687,Biomedical Instrumentation Overview,https://www.scribd.com/document/401279687/EC365-Biomedical-Engineering,second year biomedical engineering 2013,2026-09-19 07:28:19
401370787,Marshall Arisman: Art and Influence,https://www.scribd.com/document/401370787/Art-Revolution,art history,2026-09-19 07:28:19
402269456,Overview of Art Movements and History,https://www.scribd.com/document/402269456/Art-Periods-docx,art history,2026-09-19 07:28:19
403127488,How to Write a Position Paper,https://www.scribd.com/document/403127488/Writing-a-Position-Paper,human rights law professional research paper,2026-09-19 07:28:19
407798386,Art for Art's Sake: Origins in England,https://www.scribd.com/document/407798386/Art-for-Art-Sake,art history,2026-09-19 07:28:19
414159807,KTU Official Transcript for B.Tech Degree,https://www.scribd.com/document/414159807/Transcript-Except-Mba,second year biomedical engineering 2013,2026-09-19 07:28:19
414376310,Article 15: Rights Limitations in Sri Lanka,https://www.scribd.com/document/414376310/Article-15-of-Sri-Lankan-Constitution,human rights law professional research paper,2026-09-19 07:28:19
415059959,Overview of Philippine Art History,https://www.scribd.com/document/415059959/Historical-Overview-Philippine-Art,art history,2026-09-19 07:28:19
415661873,Art History vs. Art Appreciation Explained,https://www.scribd.com/document/415661873/ART-APPRECIATION-AND-ART-HISTORY,art history,2026-09-19 07:28:19
415679605,Introduction to Architectural History,https://www.scribd.com/document/415679605/1-Introduction-to-History-of-Architecture,art history,2026-09-19 07:28:19
416553384,Art History vs. Art Appreciation Explained,https://www.scribd.com/document/416553384/WHAT-IS-THE-DIFFERENCE-BETWEEN-ART-HISTORY-AND-ART-APPRECIATION-pdf,art history,2026-09-19 07:28:19
422955194,Human Flow: Refugee Crisis Insights,https://www.scribd.com/document/422955194/Human-Flow-Documentary-Research-paper,human rights law professional research paper,2026-09-19 07:28:19
423519128,Assumptions of Art,https://www.scribd.com/document/423519128/Assumptions-of-Art,art history,2026-09-19 07:28:19
425031336,Research Associate Positions at CMHLP,https://www.scribd.com/document/425031336/Job-Description-CMHLP,human rights law professional research paper,2026-09-19 07:28:19
429040287,Timeline of Western Art Movements,https://www.scribd.com/document/429040287/23-1TimelineOfWesternArtHistory,art history,2026-09-19 07:28:19
430129927,ICN Position on Nurses and Human Rights,https://www.scribd.com/document/430129927/ICN-Nurses-Human-Rights,human rights law professional research paper,2026-09-19 07:28:19
431117169,Understanding Plastic Arts and Sculpture,https://www.scribd.com/document/431117169/Plastic-Art,art history,2026-09-19 07:28:19
431980027,Human Rights: Western vs. Islamic Perspectives,https://www.scribd.com/document/431980027/Islamic-Human-Rights-Research,human rights law professional research paper,2026-09-19 07:28:19
432153114,LLAA Art History Project Guidelines,https://www.scribd.com/document/432153114/llaa-assignment-3-4-art-history-project,art history,2026-09-19 07:28:19
433116037,Art Movements Through History,https://www.scribd.com/document/433116037/2-Art-History-and-Movements,art history,2026-09-19 07:28:19
433195296,Philosophical Perspectives on Animal Rights,https://www.scribd.com/document/433195296/Animal-Rights,human rights law professional research paper,2026-09-19 07:28:19
433521991,Advocating LGBT Rights in the Philippines,https://www.scribd.com/document/433521991/u5,human rights law professional research paper,2026-09-19 07:28:19
434382570,Indian Law Bibliography and Resources,https://www.scribd.com/document/434382570/biblio,human rights law professional research paper,2026-09-19 07:28:19
436599878,Middle School Research Paper Topics,https://www.scribd.com/document/436599878/Research-Paper-Topics-for-Middle-School,human rights law professional research paper,2026-09-19 07:28:19
440037896,Bioengineering Course Overview,https://www.scribd.com/document/440037896/BIE-Description-of-Courses-AY1314,second year biomedical engineering 2013,2026-09-19 07:28:19
440872279,"Women, Art, and Society Overview",https://www.scribd.com/document/440872279/WOMEN-ART-AND-SOCIETY-BY-WHITNEY-CHADWIC-pdf,art history,2026-09-19 07:28:19
442390758,Urgency of Passing the SOGIE Bill,https://www.scribd.com/document/442390758/SOGIE-BILL-POSITION-PAPER,human rights law professional research paper,2026-09-19 07:28:19
444722263,Biomedical Engineering Course Syllabus,https://www.scribd.com/document/444722263/EC482-Biomedical-Engineering-careeryuga,second year biomedical engineering 2013,2026-09-19 07:28:19
445186003,LGBT Rights: A Position Paper,https://www.scribd.com/document/445186003/373381255-Position-paper-of-LGBT,human rights law professional research paper,2026-09-19 07:28:19
446120672,Position Paper on Same-Sex Marriage,https://www.scribd.com/document/446120672/POSITION-PAPER,human rights law professional research paper,2026-09-19 07:28:19
447585053,Clil History of Art,https://www.scribd.com/document/447585053/Clil-History-of-art,art history,2026-09-19 07:28:19
448352694,Position Paper on Domestic Violence,https://www.scribd.com/document/448352694/POSITION-PAPER,human rights law professional research paper,2026-09-19 07:28:19
448425710,UCD MSc Human Rights Statement of Purpose,https://www.scribd.com/document/448425710/Statement-of-Purpose-UCD-Dublin-docx-pdf,human rights law professional research paper,2026-09-19 07:28:19
453195054,Theories of Art Explained,https://www.scribd.com/document/453195054/tafepiv-Theories-of-Art-Resource,art history,2026-09-19 07:28:19
455527197,Public Law Module Overview - UOL,https://www.scribd.com/document/455527197/4-Public-Law-Module-Descriptor,human rights law professional research paper,2026-09-19 07:28:19
455766907,Universal Declaration of Human Rights - Wikipedia PDF,https://www.scribd.com/document/455766907/Universal-Declaration-of-Human-Rights-Wikipedia-pdf,human rights law professional research paper,2026-09-19 07:28:19
457275783,Flow Measurement Engineering Handbook,https://www.scribd.com/document/457275783/flow-measurement-engineering-handbook-third-edition,second year biomedical engineering 2013,2026-09-19 07:28:19
461671254,Biomedical Engineering Course Syllabus,https://www.scribd.com/document/461671254/EC482-Biomedical-Engineering-ktustudents-in,second year biomedical engineering 2013,2026-09-19 07:28:19
461695431,Humorous Aspects of Medieval Art,https://www.scribd.com/document/461695431/Medieval-Art,art history,2026-09-19 07:28:19
461903271,Understanding Contemporary Art by Smith,https://www.scribd.com/document/461903271/Terry-Smith-What-is-Contemporary-Art,art history,2026-09-19 07:28:19
465533668,Art History Timeline - For Dummies,https://www.scribd.com/document/465533668/Art-History-Timeline-For-Dummies,art history,2026-09-19 07:28:19
467629967,Biomedical Equipment Maintenance SOP,https://www.scribd.com/document/467629967/BME-03-Maintenance-of-Biomedical-equipment,second year biomedical engineering 2013,2026-09-19 07:28:19
467700925,Egyptian Influence on Greek Art,https://www.scribd.com/document/467700925/Egyptian-and-Greek-Art-History-notes,art history,2026-09-19 07:28:19
47177524,Accessing US Supreme Court Records,https://www.scribd.com/document/47177524/11-01-18-Press-Release-Request-Filed-to-Inspect-and-to-Copy-US-Supreme-Court-Electronic-Records,human rights law professional research paper,2026-09-19 07:28:19
471778693,PhD Study Plan in Biomedical Engineering,https://www.scribd.com/document/471778693/CSC-Study-plan-for-2019-pdf,second year biomedical engineering 2013,2026-09-19 07:28:19
472698456,Comprehensive Fashion History Timeline,https://www.scribd.com/document/472698456/Fashion-History-Timeline-1-pdf,art history,2026-09-19 07:28:19
47416377,European Research Institutions in Theology,https://www.scribd.com/document/47416377/Public-Theology-Research-Centers-Europe,human rights law professional research paper,2026-09-19 07:28:19
476250256,Pursuing Medical Systems Engineering at OVGU,https://www.scribd.com/document/476250256/SOP-for-otto-Von-University-pdf,second year biomedical engineering 2013,2026-09-19 07:28:19
476984075,Constitutional Law Assignment Guidelines,https://www.scribd.com/document/476984075/A831949442-18499-21-2020-LAW201-Bcom,human rights law professional research paper,2026-09-19 07:28:19
477781762,Rosalind Krauss: Influential Art Theorist,https://www.scribd.com/document/477781762/Rosalind-Krauss,art history,2026-09-19 07:28:19
481509881,Comparing Human Rights Documents: UNDHR & PH Bill of Rights,https://www.scribd.com/document/481509881/37VISTAL-LRSSS2-2-1-docx,human rights law professional research paper,2026-09-19 07:28:19
483263985,Patient Rights to Care and Consent,https://www.scribd.com/document/483263985/Patients-Rights-docx,human rights law professional research paper,2026-09-19 07:28:19
489205793,PicsArt: History and Milestones,https://www.scribd.com/document/489205793/HISTORY-OF-PICSART,art history,2026-09-19 07:28:19
490371985,Understanding Contemporary Art Practices,https://www.scribd.com/document/490371985/Contemporary-Art-Practices,art history,2026-09-19 07:28:19
490698792,The Botanical Mind: Art and Spirituality,https://www.scribd.com/document/490698792/The-Botanical-Mind-Camden-Art-Centre,art history,2026-09-19 07:28:19
491494077,Butterflies in Art History: Warburg's Insights,https://www.scribd.com/document/491494077/Nymph-Motif-Phantom-Affect-Part-II-Aby-W-pdf,art history,2026-09-19 07:28:19
492278093,Criminal Law Book 2 Course Overview,https://www.scribd.com/document/492278093/Criminal-Law-Book-2,human rights law professional research paper,2026-09-19 07:28:19
495333098,Civil Liberties and Free Speech Issues,https://www.scribd.com/document/495333098/Research-Essay-Topics,human rights law professional research paper,2026-09-19 07:28:19
497748416,Art History Timeline Overview,https://www.scribd.com/document/497748416/ArtHistoryTimelineGraphicOrganizerHandoutforArtHistory-1,art history,2026-09-19 07:28:19
503135122,Research Team Roles and Responsibilities,https://www.scribd.com/document/503135122/Research-Team-Responsibilities-2,human rights law professional research paper,2026-09-19 07:28:19
503994527,Indemnity Evolution in Case Law,https://www.scribd.com/document/503994527/CONTRACTS-II-RESEARCH-PAPER-ADDITIONAL,human rights law professional research paper,2026-09-19 07:28:19
504717674,Major Eras of Human History,https://www.scribd.com/document/504717674/Ages-of-History,art history,2026-09-19 07:28:19
504793867,Barbara Kruger: Feminist Art Impact,https://www.scribd.com/document/504793867/art-history-assignment-39596,art history,2026-09-19 07:28:19
504838043,Professional Practices Exam Paper 2020,https://www.scribd.com/document/504838043/PROFESSIONAL-PRACTICES-FINAL-PAPER-FINAL,human rights law professional research paper,2026-09-19 07:28:19
504968124,Curriculum Vitae of Gunel Israfilova,https://www.scribd.com/document/504968124/CV-Gunel-ISRAFILOVA-2,human rights law professional research paper,2026-09-19 07:28:19
507257089,Health Law Research Topics in India,https://www.scribd.com/document/507257089/Health-Laws,human rights law professional research paper,2026-09-19 07:28:19
507311629,Art History Timeline Overview,https://www.scribd.com/document/507311629/Art-History-Timeline,art history,2026-09-19 07:28:19
509843842,Understanding Art Forgery Today,https://www.scribd.com/document/509843842/The-Art-of-the-Phony-by-Charles-Hope-The-New-York-Review-of-Books,art history,2026-09-19 07:28:19
513951542,Community Engagement in Grade 12,https://www.scribd.com/document/513951542/Community-Engagement-12-Module,human rights law professional research paper,2026-09-19 07:28:19
515772675,Gond Art: History and Techniques,https://www.scribd.com/document/515772675/gond-art,art history,2026-09-19 07:28:19
517447523,Chung Ling Soo and Magic History,https://www.scribd.com/document/517447523/Box-4-general-magic-history,art history,2026-09-19 07:28:19
522092849,Media Law Assessment Questions 2021,https://www.scribd.com/document/522092849/Media-and-Law-Question-Paper-First-Open-Book-Assesment-Semester-IX-August-2021,human rights law professional research paper,2026-09-19 07:28:19
522713249,Understanding Art History's Significance,https://www.scribd.com/document/522713249/What-is-Art-History,art history,2026-09-19 07:28:19
525363064,Architectural History Timeline,https://www.scribd.com/document/525363064/TIMELINE-HISTORY-OF-ARCHITECTURE,art history,2026-09-19 07:28:19
530489012,Understanding Representational Art,https://www.scribd.com/document/530489012/Representational-Art,art history,2026-09-19 07:28:19
531586164,Adolescent History Taking Essentials,https://www.scribd.com/document/531586164/Physical-Diagnosis-The-Art-of-History-Taking,art history,2026-09-19 07:28:19
532012300,Farzana Begum: Advocate & Human Rights Leader,https://www.scribd.com/document/532012300/Farzana-Begum-Legal-and-Institutional-Expert,human rights law professional research paper,2026-09-19 07:28:19
532362232,Examining Women's Absence in Art History,https://www.scribd.com/document/532362232/WHY-HAVE-THERE-BEEN-NO-GREAT-WOMEN-ARTISTS,art history,2026-09-19 07:28:19
537363011,Human Behavior and Victimology Course,https://www.scribd.com/document/537363011/Human-Behavior-and-Victimology,human rights law professional research paper,2026-09-19 07:28:19
542266082,"Law, Economics, and Human Behavior Insights",https://www.scribd.com/document/542266082/01-SSRN-id586649-the-Law-and-Economics-of-Irrational-Behaviour,human rights law professional research paper,2026-09-19 07:28:19
555539932,Opposition to Same-Sex Marriage in the Philippines,https://www.scribd.com/document/555539932/POSITION-PAPER,human rights law professional research paper,2026-09-19 07:28:19
560354345,Resumen de la Historia del Arte,https://www.scribd.com/document/560354345/Resumen-historia-arte,art history,2026-09-19 07:28:19
564618798,The Essential Role of Art in Life,https://www.scribd.com/document/564618798/Why-art-is-important,art history,2026-09-19 07:28:19
567541450,Biomedical Engineering Course Syllabus,https://www.scribd.com/document/567541450/EC482-Biomedical-Engineering,second year biomedical engineering 2013,2026-09-19 07:28:19
574046269,Art History Timeline Infographic,https://www.scribd.com/document/574046269/Art-History-Timeline,art history,2026-09-19 07:28:19
585203226,Etruscan Influence on Roman Art,https://www.scribd.com/document/585203226/ROMAN-ART,art history,2026-09-19 07:28:19
586136026,Culinary Arts History Timeline,https://www.scribd.com/document/586136026/1-1-CULINARY-HISTORY-TIMELINE,art history,2026-09-19 07:28:19
597561211,Biomedical Engineering Course Outline,https://www.scribd.com/document/597561211/Biomedical-Engineering-pdf,second year biomedical engineering 2013,2026-09-19 07:28:19
608970306,Frida Kahlo's Symbolic Self-Portrait,https://www.scribd.com/document/608970306/manz-art-history,art history,2026-09-19 07:28:19
614326083,Art History Timeline Infographic,https://www.scribd.com/document/614326083/Art-History-Timeline-Infographic,art history,2026-09-19 07:28:19
62039684,New Titles on African Art,https://www.scribd.com/document/62039684/African-Art-Books,art history,2026-09-19 07:28:19
62056906,1987 Philippine Constitution: Bill of Rights,https://www.scribd.com/document/62056906/Article-3-Bill-of-Rights,human rights law professional research paper,2026-09-19 07:28:19
62265438,Art History's Shift Beyond Modernism,https://www.scribd.com/document/62265438/Art-History-After-Modernism-Beltings,art history,2026-09-19 07:28:19
624537446,Western Art Movements Timeline,https://www.scribd.com/document/624537446/Art-History-Timeline,art history,2026-09-19 07:28:19
631305183,Importance of Ethics in Research,https://www.scribd.com/document/631305183/Importance-of-Ethics-in-Research,human rights law professional research paper,2026-09-19 07:28:19
634731883,Subject and Content in Art Appreciation,https://www.scribd.com/document/634731883/ART-APPRECIATION-Lesson-4,art history,2026-09-19 07:28:19
635324921,Legalizing Abortion: A Human Rights Imperative,https://www.scribd.com/document/635324921/Why-Abortion-Should-Be-Legalized-Argumentative-Essay,human rights law professional research paper,2026-09-19 07:28:19
636445576,Overview of Korean Dynasties and History,https://www.scribd.com/document/636445576/Korean-History,art history,2026-09-19 07:28:19
645022585,Oxford Engineering Science Course Overview,https://www.scribd.com/document/645022585/Engineering-VS-options-pdf,second year biomedical engineering 2013,2026-09-19 07:28:19
6552571,Sri Lanka's Position on Refugee Rights and Torture,https://www.scribd.com/document/6552571/PP-Sri-Lanka-1,human rights law professional research paper,2026-09-19 07:28:19
656743347,Bachelor of Engineering Course Planner,https://www.scribd.com/document/656743347/BH-EnG-Biomedical-Hawthorn-Classroom-Based,second year biomedical engineering 2013,2026-09-19 07:28:19
657754959,Denmark's Stance on Violence Against Women,https://www.scribd.com/document/657754959/Sample-Position-Paper,human rights law professional research paper,2026-09-19 07:28:19
675294213,Vasily Surikov: Master of History Painting,https://www.scribd.com/document/675294213/Vasily-Surikov-Russian-History-Painter,art history,2026-09-19 07:28:19
678705276,Reem Shalaata: Biomedical Engineer Profile,https://www.scribd.com/document/678705276/CV-Reem-Shalaata-3-1,second year biomedical engineering 2013,2026-09-19 07:28:19
682774457,Biomedical Engineering Book List,https://www.scribd.com/document/682774457/BME-BOOK,second year biomedical engineering 2013,2026-09-19 07:28:19
685789654,Komal Nath's Engineering CV,https://www.scribd.com/document/685789654/cv-komal,second year biomedical engineering 2013,2026-09-19 07:28:19
701952265,Art History: Prehistoric to Contemporary,https://www.scribd.com/document/701952265/HISTORY-OF-ART-Prehistoric-to-Contemporary,art history,2026-09-19 07:28:19
72525897,Biomedical Engineering Exam 2005,https://www.scribd.com/document/72525897/23-11-BioMechanics-BM,second year biomedical engineering 2013,2026-09-19 07:28:19
742837697,Decolonizing Nature in Contemporary Art,https://www.scribd.com/document/742837697/Decolonizing-Nature,art history,2026-09-19 07:28:19
749115257,Master’s in Electrical Engineering Curriculum,https://www.scribd.com/document/749115257/Master-of-Science-in-Electrical-Engineering,second year biomedical engineering 2013,2026-09-19 07:28:19
76644372,History of Sindhi Embroidery,https://www.scribd.com/document/76644372/Embroidery-History,art history,2026-09-19 07:28:19
817037226,Review of Enderle's Biomedical Engineering,https://www.scribd.com/document/817037226/Introduction-to-Biomedical-Engineering-Second-Edit,second year biomedical engineering 2013,2026-09-19 07:28:19
832881186,Law Student Internship Cover Letter,https://www.scribd.com/document/832881186/Sample-Cover-Letter-CV-for-Law-Students,human rights law professional research paper,2026-09-19 07:28:19
843743014,Human Rights Officer Job Opening,https://www.scribd.com/document/843743014/Job-Description-Human-Rights-Officer,human rights law professional research paper,2026-09-19 07:28:19
846926971,Patronism in the Open Art Market,https://www.scribd.com/document/846926971/PATRONISM-vs-ART-MARKET,art history,2026-09-19 07:28:19
851190720,History: Science or Art Debate,https://www.scribd.com/document/851190720/History-Art-or-Science,art history,2026-09-19 07:28:19
892374622,USC Biomedical Engineering Curriculum,https://www.scribd.com/document/892374622/USC-Biomedical-Engineering-Curriculum-Emphasis,second year biomedical engineering 2013,2026-09-19 07:28:19
901817076,Denmark's Position on Gender Violence,https://www.scribd.com/document/901817076/Position-Paper-1,human rights law professional research paper,2026-09-19 07:28:19
91795339,Cyber Law and Cyber Crime Overview,https://www.scribd.com/document/91795339/Cyber-Law-Research-Paper,human rights law professional research paper,2026-09-19 07:28:19
919436133,History of Art Reading List at King's,https://www.scribd.com/document/919436133/History-of-Art-Reading-List-King-s-College-Cambridge,art history,2026-09-19 07:28:19
97136799,Electrical Engineering Degree Plan 2012-2013,https://www.scribd.com/document/97136799/Sample-Electrical-Engineering-Degree-Program-2012-2013,second year biomedical engineering 2013,2026-09-19 07:28:19
982189947,Human Rights Law Overview for LLB Students,https://www.scribd.com/document/982189947/Human-Rights-Syllabus,human rights law professional research paper,2026-09-19 07:28:19
98245155,History and Significance of Pastel Art,https://www.scribd.com/document/98245155/Pastel-History,art history,2026-09-19 07:28:19
986819045,Administrative Law Exam Scenarios,https://www.scribd.com/document/986819045/Administrative-Law-Question-Problems,human rights law professional research paper,2026-09-19 07:28:19
99442662,Court System Fraud Analysis Report,https://www.scribd.com/document/99442662/12-07-07-Large-scale-fraud-in-the-computer-systems-of-the-US-and-Israeli-courts-to-be-detailed-in-an-international-computer-science-conference,human rights law professional research paper,2026-09-19 07:28:19
119138654,Enhancing Classroom Questioning Techniques,https://www.scribd.com/document/119138654,techniques commercial law lecture notes,2026-09-19 07:34:32
146685714,Real Estate Finance Lecture Notes,https://www.scribd.com/document/146685714/Real-Estate-Finance-and-Investment-Lecture-Notes,techniques commercial law lecture notes,2026-09-19 07:34:32
169550964,Money and Banking Course Overview,https://www.scribd.com/document/169550964/Money-and-Banking,techniques commercial law lecture notes,2026-09-19 07:34:32
202580850,Business Process Modeling Course Overview,https://www.scribd.com/document/202580850/DISC-230-Introduction-to-Business-Process-Modeling-Hassan-Rauf,techniques commercial law lecture notes,2026-09-19 07:34:32
233125930,Cost of Lawful Business in Arequipa,https://www.scribd.com/document/233125930/ProjectProposal-JARC,techniques commercial law lecture notes,2026-09-19 07:34:32
275294129,Comprehensive Law Review Resources,https://www.scribd.com/document/275294129/bokred1,techniques commercial law lecture notes,2026-09-19 07:34:32
329693388,Justinian I: Goals and Achievements,https://www.scribd.com/document/329693388/byzantium-lecture-notes,techniques commercial law lecture notes,2026-09-19 07:34:32
391567332,Legal Research Fundamentals,https://www.scribd.com/document/391567332/Leg-Res-Notes,techniques commercial law lecture notes,2026-09-19 07:34:32
393100638,BAR Exam Success Study Guide,https://www.scribd.com/document/393100638/Materials-and-Tips,techniques commercial law lecture notes,2026-09-19 07:34:32
401851361,Tax Benefits and VAT Regulations Explained,https://www.scribd.com/document/401851361/Taxation-Law-Bar-Review-Lecture-Notes,techniques commercial law lecture notes,2026-09-19 07:34:32
402855248,Special Commercial Law Reviewer PDF,https://www.scribd.com/document/402855248/Docobook-com-Special-Commercial-Law-Reviewer-PDF,techniques commercial law lecture notes,2026-09-19 07:34:32
416617078,Ateneo Pre-Bar Review 2019 Details,https://www.scribd.com/document/416617078/ateneo-bar-review-2019-a,techniques commercial law lecture notes,2026-09-19 07:34:32
423642430,Law on Persons and Family Relations,https://www.scribd.com/document/423642430/The-Law-on-Persons-and-Family-Relations-RABUYA1-docx,techniques commercial law lecture notes,2026-09-19 07:34:32
437478288,Notes on Business Law by Soriano,https://www.scribd.com/document/437478288/notes-in-business-law-by-fidelito-soriano-pdf-41-pdf,techniques commercial law lecture notes,2026-09-19 07:34:32
439487412,Business Law Notes by Fidelito Soriano,https://www.scribd.com/document/439487412/notes-in-business-law-by-fidelito-soriano-pdf-41-pdf,techniques commercial law lecture notes,2026-09-19 07:34:32
439817404,Notes on Business Law by Soriano,https://www.scribd.com/document/439817404/notes-in-business-law-by-fidelito-soriano-pdf-41-pdf,techniques commercial law lecture notes,2026-09-19 07:34:32
441506221,Forensic Science Course Overview,https://www.scribd.com/document/441506221/fs-syllabus-wm-2020,techniques commercial law lecture notes,2026-09-19 07:34:32
464335617,Overview of Investment Banking Basics,https://www.scribd.com/document/464335617/Overview-of-Investment-Banking,techniques commercial law lecture notes,2026-09-19 07:34:32
466677887,Notes in Business Law by Soriano,https://www.scribd.com/document/466677887/437478288-notes-in-business-law-by-fidelito-soriano-pdf-41-pdf-pdf,techniques commercial law lecture notes,2026-09-19 07:34:32
467466358,Class 10 Geography: Water Resources Notes,https://www.scribd.com/document/467466358/Xth-Chapter-3-Water-Resources-Lecture-Notes-pdf,techniques commercial law lecture notes,2026-09-19 07:34:32
471469144,Droit commercial en RDC : enjeux et lois,https://www.scribd.com/document/471469144/Introduction-TFC-droit-commercial,techniques commercial law lecture notes,2026-09-19 07:34:32
48572944,Future of Package Travel Law Lecture,https://www.scribd.com/document/48572944/Professor-predicts-future-of-package-travel,techniques commercial law lecture notes,2026-09-19 07:34:32
514073273,Commercial Banking Course Overview 2020,https://www.scribd.com/document/514073273/Commercial-Banking,techniques commercial law lecture notes,2026-09-19 07:34:32
514220760,Arbitration Law and Procedure Module,https://www.scribd.com/document/514220760/02-1-LLM228r1-Arbitration-Law-Practice-and-Procedure,techniques commercial law lecture notes,2026-09-19 07:34:32
518111927,Types of Lectures,https://www.scribd.com/document/518111927/Types-of-Lectures,techniques commercial law lecture notes,2026-09-19 07:34:32
556573769,Banking Law and Practice Course Overview,https://www.scribd.com/document/556573769/LAW-AND-PRACTICE-OF-BANKING,techniques commercial law lecture notes,2026-09-19 07:34:32
58010366,2023 Bar Exam Topnotchers,https://www.scribd.com/document/58010366/Books-Used-by-Topnotchers,techniques commercial law lecture notes,2026-09-19 07:34:32
605535282,Business Law Course Overview and Syllabus,https://www.scribd.com/document/605535282/Business-Law,techniques commercial law lecture notes,2026-09-19 07:34:32
656267841,Estimation and Costing Notes PDF Download,https://www.scribd.com/document/656267841/Estimating-and-Costing-Notes-Download,techniques commercial law lecture notes,2026-09-19 07:34:32
711205502,ORE1 Study Schedule for Dental Exams,https://www.scribd.com/document/711205502/ORE1-Study-Plan-April-24,techniques commercial law lecture notes,2026-09-19 07:34:32
718775660,Transfer of Title in Commercial Law,https://www.scribd.com/document/718775660/Commercial-Law-Lecture-Notes,techniques commercial law lecture notes,2026-09-19 07:34:32
724889845,Civil Engineering Notes,https://www.scribd.com/document/724889845/Civil-Engineering-Notes-2,techniques commercial law lecture notes,2026-09-19 07:34:32
776211432,Course Outline - Introduction To Real Estate Law,https://www.scribd.com/document/776211432/Course-Outline-Introduction-to-Real-Estate-Law,techniques commercial law lecture notes,2026-09-19 07:34:32
882409380,Modular Structure Lecture Notes Overview,https://www.scribd.com/document/882409380/Lecture-Notes-Scribd,techniques commercial law lecture notes,2026-09-19 07:34:32
88342434,Bar Exam Study Planner Guide,https://www.scribd.com/document/88342434/Bar-Review-Planner,techniques commercial law lecture notes,2026-09-19 07:34:32
888163615,Free Online Lecture: Commercial Law Updates,https://www.scribd.com/document/888163615/tax,techniques commercial law lecture notes,2026-09-19 07:34:32
892624660,Congolese Commercial Law Overview,https://www.scribd.com/document/892624660/Introduction-to-TFC-commercial-law,techniques commercial law lecture notes,2026-09-19 07:34:32
918796518,Commercial Law Lecture Notes: Insurance Concepts,https://www.scribd.com/document/918796518/Commercial-Law-2-Lecture-Notes-First-Meeting-2025-09-06,techniques commercial law lecture notes,2026-09-19 07:34:32
949610354,Philippine Law on Obligations & Contracts,https://www.scribd.com/document/949610354/Obligations-and-Contracts-Lecture-Notes,techniques commercial law lecture notes,2026-09-19 07:34:32
987503828,Bussiness Law,https://www.scribd.com/document/987503828/bussiness-law,techniques commercial law lecture notes,2026-09-19 07:34:32
1003108784,Methodology Sample,https://www.scribd.com/document/1003108784/Methodology-Sample,statistics Taiwan 2007,2026-09-19 07:34:37
1004087586,2016 Resume DB Tsai,https://www.scribd.com/document/1004087586/2016-Resume-DB-Tsai,statistics Taiwan 2007,2026-09-19 07:34:37
136462243,Energy Statistics by Country Notes,https://www.scribd.com/document/136462243/2009-Energy-Statistics-Database-Notes-UNdata,statistics Taiwan 2007,2026-09-19 07:34:37
136640716,Hotel Occupancy and Traveler Statistics,https://www.scribd.com/document/136640716/2011-Domestic-Tourism-by-DOT,statistics Taiwan 2007,2026-09-19 07:34:37
142635781,AHSMC Newsletter Highlights 2008,https://www.scribd.com/document/142635781/NEWS81,statistics Taiwan 2007,2026-09-19 07:34:37
152390455,Foreign Direct Investment in Bangladesh,https://www.scribd.com/document/152390455/Foreign-Direct-Investment-in-Bangladesh,statistics Taiwan 2007,2026-09-19 07:34:37
162950895,EU and Global Trade Statistics Overview,https://www.scribd.com/document/162950895/statistics-of-chain-movements,statistics Taiwan 2007,2026-09-19 07:34:37
173302296,Myanmar Tourism Statistics Overview,https://www.scribd.com/document/173302296/2010,statistics Taiwan 2007,2026-09-19 07:34:37
183327767,New York Foreign Student Statistics 2010,https://www.scribd.com/document/183327767/Newyork-2010,statistics Taiwan 2007,2026-09-19 07:34:37
190883433,International Sales Executive Resume,https://www.scribd.com/document/190883433/Recume-CV,statistics Taiwan 2007,2026-09-19 07:34:37
201267341,Youth Unemployment Trends in Hong Kong,https://www.scribd.com/document/201267341/box-12q3-5-1,statistics Taiwan 2007,2026-09-19 07:34:37
201757382,The Power of Reading by Krashen,https://www.scribd.com/document/201757382/The-Power-of-Reading-Stephen-Krashen,statistics Taiwan 2007,2026-09-19 07:34:37
218054838,Avian Influenza Global Statistics 2014,https://www.scribd.com/document/218054838/Global-Statistics-Avian-Influenza,statistics Taiwan 2007,2026-09-19 07:34:37
229095429,A Model of Inflation in Taiwan,https://www.scribd.com/document/229095429/A-Model-of-Inflation-in-Taiwan,statistics Taiwan 2007,2026-09-19 07:34:37
23772462,Global CO2 Emissions Trends 1997-2007,https://www.scribd.com/document/23772462/Carbon-Emissions,statistics Taiwan 2007,2026-09-19 07:34:37
238309466,Malaysia's Major Imports 2007-2011,https://www.scribd.com/document/238309466/jp3-6-1,statistics Taiwan 2007,2026-09-19 07:34:37
250709518,Publication ASEAN Investment Map 09,https://www.scribd.com/document/250709518/Publication-ASEAN-Investment-Map-09,statistics Taiwan 2007,2026-09-19 07:34:37
26015945,"Yudi Prasetya: MBA, Music Educator & Consultant",https://www.scribd.com/document/26015945/Yudi-Prasetya-Resume,statistics Taiwan 2007,2026-09-19 07:34:37
263840398,Top Global Ports by Container Traffic 2004-2008,https://www.scribd.com/document/263840398/Port-Traffic,statistics Taiwan 2007,2026-09-19 07:34:37
2748308,Antidumping Review of Taiwanese Steel,https://www.scribd.com/document/2748308/Notice-Partial-Rescission-of-Antidumping-Duty-Administrative-Review-etc-Stainless-Steel-Sheet-and-Strip-in-Coils-from-Taiwan,statistics Taiwan 2007,2026-09-19 07:34:37
287449098,Psychological Factors in Elite Table Tennis,https://www.scribd.com/document/287449098/048,statistics Taiwan 2007,2026-09-19 07:34:37
288422973,Vietnam's Growing Footwear Industry,https://www.scribd.com/document/288422973/The-Shoe-Market-in-Vietnam,statistics Taiwan 2007,2026-09-19 07:34:37
306992438,Singapore's Governance and Economic Success,https://www.scribd.com/document/306992438/Topic-5-Singaporean-Good-Governance-5,statistics Taiwan 2007,2026-09-19 07:34:37
31228243,Muchiu (Henry) Chang's Professional Profile,https://www.scribd.com/document/31228243/Henry-Chang-Resume-20100504,statistics Taiwan 2007,2026-09-19 07:34:37
314434222,Significant Earthquakes in India,https://www.scribd.com/document/314434222/Earthquake-Facts,statistics Taiwan 2007,2026-09-19 07:34:37
317350981,Tall Building Height Calculator Guide,https://www.scribd.com/document/317350981/CTBUHHeightCalculator-WebVersion-pdf,statistics Taiwan 2007,2026-09-19 07:34:37
319705158,Nigeria's Underdevelopment Unveiled,https://www.scribd.com/document/319705158/How-Really-Underdeveloped-is-Nigeria,statistics Taiwan 2007,2026-09-19 07:34:37
321381015,Trends in Philippine Tourism 2010-2015,https://www.scribd.com/document/321381015/Current-Trends,statistics Taiwan 2007,2026-09-19 07:34:37
32390575,Dr. Satyanarayana Bhavanari: Math Achievements,https://www.scribd.com/document/32390575/Brief-Biodata-of-Prof-Dr-Bhavanari-Satyanarayana-March-2011-Department-of-Mathematics-Acharya-Nagarjuna-University-Andhra-Pradesh-INDIA,statistics Taiwan 2007,2026-09-19 07:34:37
329088329,Philippines GDP Growth Trends 2000-2016,https://www.scribd.com/document/329088329/Report-Philippin,statistics Taiwan 2007,2026-09-19 07:34:37
348263846,MR Emo Music Retrieval in The Emotion Plane,https://www.scribd.com/document/348263846/Mr-Emo-Music-Retrieval-in-the-Emotion-Plane,statistics Taiwan 2007,2026-09-19 07:34:37
351575730,India vs. China in Science Publishing,https://www.scribd.com/document/351575730/0128,statistics Taiwan 2007,2026-09-19 07:34:37
357888123,High-Impact Paper Structure Insights,https://www.scribd.com/document/357888123/sun2014-pdf,statistics Taiwan 2007,2026-09-19 07:34:37
358730038,Export Company Profile Overview PDF,https://www.scribd.com/document/358730038/Export-Company-Profile-PDF,statistics Taiwan 2007,2026-09-19 07:34:37
363584602,Brian Safran: Immigration Specialist Profile,https://www.scribd.com/document/363584602/Safran-Res12wb,statistics Taiwan 2007,2026-09-19 07:34:37
375410258,Fanglu Sun's Academic Profile,https://www.scribd.com/document/375410258/2018-cv,statistics Taiwan 2007,2026-09-19 07:34:37
3915985,"China, India, Indonesia Economic Updates",https://www.scribd.com/document/3915985/News-11th-Jul-2008,statistics Taiwan 2007,2026-09-19 07:34:37
399388471,E-Waste Management Rules in India 2018,https://www.scribd.com/document/399388471/E-waste-Management-in-India,statistics Taiwan 2007,2026-09-19 07:34:37
401405259,Malaysian Cosmetic Market Current and Future Prospects,https://www.scribd.com/document/401405259/Malaysian-Cosmetic-Market-Current-and-Future-Prospects,statistics Taiwan 2007,2026-09-19 07:34:37
401651411,CIMB-Principal Greater China Equity Fund,https://www.scribd.com/document/401651411/Cwa,statistics Taiwan 2007,2026-09-19 07:34:37
406246081,Multinational Management: Education & R&D,https://www.scribd.com/document/406246081/Multinational-Management-a-Strategic-Pag-1-145-Paginas-63-79-Paginas-12-Ocr,statistics Taiwan 2007,2026-09-19 07:34:37
41280271,Global TGI Insights for Marketers,https://www.scribd.com/document/41280271/TGIUpdate1,statistics Taiwan 2007,2026-09-19 07:34:37
437443416,Profil Siti Maghfirotul Ulyah,https://www.scribd.com/document/437443416/2019-Daftar-Riwayat-Hidup-Siti-Maghfirotul-Ulyah,statistics Taiwan 2007,2026-09-19 07:34:37
439216990,Beck Cognitive Insight Scale (BCIS),https://www.scribd.com/document/439216990/Beck-Cognitive-Insight-Scale-BCIS,statistics Taiwan 2007,2026-09-19 07:34:37
44028951,ASEAN FDI Sources (2007-2009),https://www.scribd.com/document/44028951/Asean-Fdi-Sources,statistics Taiwan 2007,2026-09-19 07:34:37
442265143,Wal-Mart vs Carrefour in China,https://www.scribd.com/document/442265143/Walmart-Case-Study,statistics Taiwan 2007,2026-09-19 07:34:37
478132912,Data Mining: Etymology,https://www.scribd.com/document/478132912/Data-mining-pdf,statistics Taiwan 2007,2026-09-19 07:34:37
488036240,Sharif Muhammad Majedul's IT Resume,https://www.scribd.com/document/488036240/Cell-bridge-RESUME-Sharif-docx,statistics Taiwan 2007,2026-09-19 07:34:37
49224010,Singapore's Economic Overview 2007,https://www.scribd.com/document/49224010/SINGAPORE-ECONS-MACRO-FACTS,statistics Taiwan 2007,2026-09-19 07:34:37
50248324,Top Tourist Sources to ASEAN 2010,https://www.scribd.com/document/50248324/Top-ten-country-regional-sources-of-visitors-to-ASEAN,statistics Taiwan 2007,2026-09-19 07:34:37
516114343,Joss Paper - Wikipedia,https://www.scribd.com/document/516114343/Joss-paper-Wikipedia,statistics Taiwan 2007,2026-09-19 07:34:37
519595512,Tejaswi Navilarekallu: Academic Profile,https://www.scribd.com/document/519595512/cv-4,statistics Taiwan 2007,2026-09-19 07:34:37
533281971,Highschool Football League: Format,https://www.scribd.com/document/533281971/66,statistics Taiwan 2007,2026-09-19 07:34:37
535200060,HRM Practices and Organizational Performance,https://www.scribd.com/document/535200060/18-RDL1-Annotated-Bibliography-worksheet,statistics Taiwan 2007,2026-09-19 07:34:37
56656700,Hong Kong Visitor Trends 2000-2010,https://www.scribd.com/document/56656700/Untitled,statistics Taiwan 2007,2026-09-19 07:34:37
56800218,Ph.D. Resume: Systems & Engineering Expert,https://www.scribd.com/document/56800218/Industrial-Engineer-or-Business-Analyst-or-Supply-Chain-Analyst,statistics Taiwan 2007,2026-09-19 07:34:37
57064295,Global Crude Steel Production Data 2010,https://www.scribd.com/document/57064295/2010-Statistics-Tables,statistics Taiwan 2007,2026-09-19 07:34:37
58986903,Mizoram Gender Statistics Report 2011,https://www.scribd.com/document/58986903/P-1-June-30,statistics Taiwan 2007,2026-09-19 07:34:37
596989226,Statistical Disclosure Control Insights,https://www.scribd.com/document/596989226/References-Ok,statistics Taiwan 2007,2026-09-19 07:34:37
59781972,Global Carpet Tile Market Insights,https://www.scribd.com/document/59781972,statistics Taiwan 2007,2026-09-19 07:34:37
604066396,Junior High Students' Views on English Teachers,https://www.scribd.com/document/604066396/materi-ikku,statistics Taiwan 2007,2026-09-19 07:34:37
611437058,List of Countries Forecast 2025 - Deagel,https://www.scribd.com/document/611437058/List-of-Countries-Forecast-2025-Deagel,statistics Taiwan 2007,2026-09-19 07:34:37
617612074,Hitchhiker's Guide To The Investment Universe - 20 Stunning Market Statistics - 1Q19,https://www.scribd.com/document/617612074/Hitchhiker-s-Guide-to-the-Investment-Universe-20-Stunning-Market-Statistics-1Q19,statistics Taiwan 2007,2026-09-19 07:34:37
65126474,Taiwan Bans Mercury Thermometers,https://www.scribd.com/document/65126474/Temp-4,statistics Taiwan 2007,2026-09-19 07:34:37
660836835,Shih Et Al. 2010 - 12C,https://www.scribd.com/document/660836835/Shih-et-al-2010-12C,statistics Taiwan 2007,2026-09-19 07:34:37
673420817,Facebook - Wikipedia,https://www.scribd.com/document/673420817/Facebook-Wikipedia,statistics Taiwan 2007,2026-09-19 07:34:37
706276739,History and Overview of Netball,https://www.scribd.com/document/706276739/Netball-Wikipedia,statistics Taiwan 2007,2026-09-19 07:34:37
777443876,Olfor Fastener Eurasia Magazine,https://www.scribd.com/document/777443876/Olfor-Fastener-Eurasia-Magazine,statistics Taiwan 2007,2026-09-19 07:34:37
78123140,Knowledge Management in E-Commerce Communities,https://www.scribd.com/document/78123140/Doc-1,statistics Taiwan 2007,2026-09-19 07:34:37
783366632,Effects of Extensive Reading on ESL Proficiency,https://www.scribd.com/document/783366632/Sample-Methodology-3,statistics Taiwan 2007,2026-09-19 07:34:37
78483809,Global Sourcing Manager Profile,https://www.scribd.com/document/78483809,statistics Taiwan 2007,2026-09-19 07:34:37
802484828,Hong Kong-ASEAN Economic Relations 2023,https://www.scribd.com/document/802484828/ISSH21-2023-20230913-en-2,statistics Taiwan 2007,2026-09-19 07:34:37
82131001,Fiji Tourism and Migration Statistics 2011,https://www.scribd.com/document/82131001/10-7Visitor-Arrv-by-Cntry-of-Res,statistics Taiwan 2007,2026-09-19 07:34:37
823342006,Measles Mortality Estimation in Taiwan,https://www.scribd.com/document/823342006/Challenges-of-measuring-the-Healthcare-Access-and-7,statistics Taiwan 2007,2026-09-19 07:34:37
853631283,Efficiency of Chinese Airports Analysis,https://www.scribd.com/document/853631283/Chang-Yu-e-Chen-2013,statistics Taiwan 2007,2026-09-19 07:34:37
892579291,Chi-Square Analysis of Gender in Online Learning,https://www.scribd.com/document/892579291/chi-square-method-1,statistics Taiwan 2007,2026-09-19 07:34:37
898202205,SMJK Chung Ling Land Dispute Overview,https://www.scribd.com/document/898202205/537160271,statistics Taiwan 2007,2026-09-19 07:34:37
964856138,Fisheye Camera Traffic Monitoring System,https://www.scribd.com/document/964856138/ICCE-2020-ICYv4-PDFx-ICCE-Taiwan-%E6%8A%95%E7%A8%BF,statistics Taiwan 2007,2026-09-19 07:34:37
988386836,Kikuchi - Towards - A - Transnational History in East Asia,https://www.scribd.com/document/988386836/Kikuchi-towards-a-transnational-History-in-East-Asia,statistics Taiwan 2007,2026-09-19 07:34:37
1042222329,Public Health Exam Notes-1,https://www.scribd.com/document/1042222329/Public-Health-Exam-Notes-1,public administration exam notes 2011,2026-09-19 07:34:38
1042377386,10 Public Administration,https://www.scribd.com/document/1042377386/10-Public-Administration,public administration exam notes 2011,2026-09-19 07:34:38
1060787437,Public Administration -2 Notes,https://www.scribd.com/document/1060787437/Public-Administration-2-Notes,public administration exam notes 2011,2026-09-19 07:34:38
230905325,ACCT 2111 Financial Accounting Syllabus,https://www.scribd.com/document/230905325/2010-11-ACCT2111-Syllabus,public administration exam notes 2011,2026-09-19 07:34:38
291550802,Public Administration Tips by IAS Prem Ranjan,https://www.scribd.com/document/291550802/Tips,public administration exam notes 2011,2026-09-19 07:34:38
325896010,Public Administration Exam Guidelines,https://www.scribd.com/document/325896010/Css-Public-Administration-2014,public administration exam notes 2011,2026-09-19 07:34:38
388964802,CSS Forum - CSS Examination Preparation & Civil Service of Pakistan,https://www.scribd.com/document/388964802/CSS-Forum-CSS-Examination-Preparation-Civil-Service-of-Pakistan,public administration exam notes 2011,2026-09-19 07:34:38
408210039,BYJU's Learning App Case Study,https://www.scribd.com/document/408210039/Byju-the-learning-app-case-study-notes,public administration exam notes 2011,2026-09-19 07:34:38
427058989,Diego v. Castillo Case Digest Summary,https://www.scribd.com/document/427058989/Diego-v-Castillo-2004,public administration exam notes 2011,2026-09-19 07:34:38
44170500,Maldives Academic Calendar 2024-2025,https://www.scribd.com/document/44170500/2011-Academic-Calendar-Maldives,public administration exam notes 2011,2026-09-19 07:34:38
458164996,AP Gov Unit 4 Study Notes,https://www.scribd.com/document/458164996/gov-notes,public administration exam notes 2011,2026-09-19 07:34:38
45847779,Bayero University Diploma Application,https://www.scribd.com/document/45847779/Ed-Die-Mogul-Exam,public administration exam notes 2011,2026-09-19 07:34:38
459152750,Health Care Management Exam Questions,https://www.scribd.com/document/459152750/Health-Care-Management-doc,public administration exam notes 2011,2026-09-19 07:34:38
474595335,Sustainable Development Exam Questions,https://www.scribd.com/document/474595335/SUSTAINABLE-DEVELOPMENT-EXAM-PAPER,public administration exam notes 2011,2026-09-19 07:34:38
477505230,ECON 329: Game Theory Syllabus,https://www.scribd.com/document/477505230/ECON-329-Game-Theory-Syllabus-Fall-2020-doc,public administration exam notes 2011,2026-09-19 07:34:38
478113562,Legal Profession: Principles and Standards,https://www.scribd.com/document/478113562/NOTES-ON-LEGAL-PROFESSION,public administration exam notes 2011,2026-09-19 07:34:38
48875051,CBSE Summative Exam II Guidelines 2011,https://www.scribd.com/document/48875051/cir07-2011,public administration exam notes 2011,2026-09-19 07:34:38
611261474,2022 Criminal Law Bar Exam Erratum,https://www.scribd.com/document/611261474/CrimLaw-Bar-Exam-2022-Suggested-Answers,public administration exam notes 2011,2026-09-19 07:34:38
61630242,Caseworker Exam Notice and Schedule,https://www.scribd.com/document/61630242/Caseworker-Exam-Notice,public administration exam notes 2011,2026-09-19 07:34:38
633239751,Advanced Public Administration Exam 2022,https://www.scribd.com/document/633239751/PS-6218-Advanced-Public-Administration,public administration exam notes 2011,2026-09-19 07:34:38
69329272,2011-2012 Committee Charge and Agenda,https://www.scribd.com/document/69329272/Charges-for-Committees-2011-12,public administration exam notes 2011,2026-09-19 07:34:38
722866727,Urban Law Exit Exam Questions,https://www.scribd.com/document/722866727/Model-Exit-Exam-UP-0-Ecsu,public administration exam notes 2011,2026-09-19 07:34:38
736891434,Public Administration Study Guide,https://www.scribd.com/document/736891434/Public-Administration-booklist,public administration exam notes 2011,2026-09-19 07:34:38
747700266,Public Administration Exam 2021 Guide,https://www.scribd.com/document/747700266/CSS-Public-Administration-Paper-2021,public administration exam notes 2011,2026-09-19 07:34:38
774227566,Public Administration Exam Review Guide,https://www.scribd.com/document/774227566/Pointers-for-Review-Prelims,public administration exam notes 2011,2026-09-19 07:34:38
79715579,PSYC 212: Perception Course Syllabus,https://www.scribd.com/document/79715579/201109-FALL-2011-PSYC212-PERCEPTION-SYLLABUS,public administration exam notes 2011,2026-09-19 07:34:38
811883210,Underground Utility Exam Reference List,https://www.scribd.com/document/811883210/Underground-CBT-Reference-List-odd,public administration exam notes 2011,2026-09-19 07:34:38
81492215,ABR Exam Security Policy January 2012 History,https://www.scribd.com/document/81492215/Untitled,public administration exam notes 2011,2026-09-19 07:34:38
81936567,Open Centre Exam Application 2011,https://www.scribd.com/document/81936567/01-PRINCE2-Public-Exam-Application-2011-OZ-V3,public administration exam notes 2011,2026-09-19 07:34:38
85473952,EnP Exam Guide: June 2012 Details,https://www.scribd.com/document/85473952/Everything-About-2012-Enp-Exams,public administration exam notes 2011,2026-09-19 07:34:38
874271630,Business Studies P1 Exam Notes Overview,https://www.scribd.com/document/874271630/Business-Studies-P1-Exam-Notes,public administration exam notes 2011,2026-09-19 07:34:38
918589434,FSSA Rules 2011: Key Exam Points,https://www.scribd.com/document/918589434/Fssa-Rules-2011-Chap-1-Notes,public administration exam notes 2011,2026-09-19 07:34:38
922245663,Public Administration Exam Overview,https://www.scribd.com/document/922245663/Evaluable-points-activity-Scenario-2-FIRST-THEORETICAL-BLOCK-PUBLIC-ADMINISTRATIVE-THINKING-I-GROUP1,public administration exam notes 2011,2026-09-19 07:34:38
929436715,Human Rights Exam Notes Overview,https://www.scribd.com/document/929436715/Human-Rights-Exam-Notes,public administration exam notes 2011,2026-09-19 07:34:38
933402817,CSS 2021 Public Administration Past Paper,https://www.scribd.com/document/933402817/Public-Administration-2021,public administration exam notes 2011,2026-09-19 07:34:38
935649396,Understanding Public Administration Concepts,https://www.scribd.com/document/935649396/Lesson-1-the-Meaning-of-Public-Administration-1,public administration exam notes 2011,2026-09-19 07:34:38
980604430,CSS 2026 Public Administration Mock Exam,https://www.scribd.com/document/980604430/Public-Add-Mock-2-Ansar,public administration exam notes 2011,2026-09-19 07:34:38
987664302,Recruitment 2026,https://www.scribd.com/document/987664302/Recruitment-2026,public administration exam notes 2011,2026-09-19 07:34:38
994974501,Government Expenditure On Education Exam Notes,https://www.scribd.com/document/994974501/Government-Expenditure-on-Education-Exam-Notes,public administration exam notes 2011,2026-09-19 07:34:38
996707352,Official - GS F333 Public Administration,https://www.scribd.com/document/996707352/Official-GS-F333-Public-Administration-1,public administration exam notes 2011,2026-09-19 07:34:38
109093851,Importance and Function of International Law,https://www.scribd.com/document/109093851/Function-of-International-Law,international business principles worksheet,2026-09-19 07:34:40
124908612,International Marketing Question Bank,https://www.scribd.com/document/124908612/International-Marketing-Question-Bank,international business principles worksheet,2026-09-19 07:34:40
125279294,Master in Business Management Overview,https://www.scribd.com/document/125279294/Master-1,international business principles worksheet,2026-09-19 07:34:40
143652378,International Taxation Analysis for 3M,https://www.scribd.com/document/143652378/International-Taxation-Worksheet-Answer-Key,international business principles worksheet,2026-09-19 07:34:40
153112165,Evolution of International Trade History,https://www.scribd.com/document/153112165/History-of-International-Trade,international business principles worksheet,2026-09-19 07:34:40
166578752,Case Analysis Worksheet: Define The Problem,https://www.scribd.com/document/166578752/Case-Analysis-Worksheet-1,international business principles worksheet,2026-09-19 07:34:40
216765438,Financial Management Principles Worksheet,https://www.scribd.com/document/216765438,international business principles worksheet,2026-09-19 07:34:40
232922611,Overview of International Economic Law,https://www.scribd.com/document/232922611/International-Economic-Law,international business principles worksheet,2026-09-19 07:34:40
255290270,Legal Principles in Shipping Business,https://www.scribd.com/document/255290270/Legal-Principles-in-Shipping-Business-2012,international business principles worksheet,2026-09-19 07:34:40
256232393,Advanced Business Writing: Worksheet 7: A Financial Report,https://www.scribd.com/document/256232393,international business principles worksheet,2026-09-19 07:34:40
266570411,International REALTOR® Referral Contract,https://www.scribd.com/document/266570411/International-Realtor-Referral-Form,international business principles worksheet,2026-09-19 07:34:40
270852746,7 Principles of Cooperatives Explained,https://www.scribd.com/document/270852746/7-Cooperative-Principles,international business principles worksheet,2026-09-19 07:34:40
28647950,Grade 11 Trademark Worksheet,https://www.scribd.com/document/28647950/1-Worksheet-on-Trademarks-for-Grade-11-Business-Studies-Auto-Saved,international business principles worksheet,2026-09-19 07:34:40
296079108,Domestic vs International Business Differences,https://www.scribd.com/document/296079108/Difference-Between-Domestic-and-International-Business,international business principles worksheet,2026-09-19 07:34:40
307717864,HBP Case Analysis Worksheet,https://www.scribd.com/document/307717864/Hbp-Case-Analysis-Worksheet,international business principles worksheet,2026-09-19 07:34:40
329477948,Principles of Management Syllabus MG1351,https://www.scribd.com/document/329477948/Principles-of-Management-syllabus,international business principles worksheet,2026-09-19 07:34:40
330229774,Basic Accounting Course Outline,https://www.scribd.com/document/330229774/Fundamentals-of-accounting,international business principles worksheet,2026-09-19 07:34:40
336944091,Genicon Market Entry Analysis Worksheet,https://www.scribd.com/document/336944091/Genicon-Individual-Case-Prep-Worksheet,international business principles worksheet,2026-09-19 07:34:40
358143731,Endorsement of Unidroit Principles 2010,https://www.scribd.com/document/358143731/Unidroit-Principles-of-International-Commercial-Contracts-2010,international business principles worksheet,2026-09-19 07:34:40
358421594,Ethical Issues in International Business,https://www.scribd.com/document/358421594/ethical-issues-in-international-business-pdf,international business principles worksheet,2026-09-19 07:34:40
358427995,Ethics in International Business Overview,https://www.scribd.com/document/358427995/Ethics-in-International-Business-PDF,international business principles worksheet,2026-09-19 07:34:40
358848118,Overview of Law Sources in Jamaica,https://www.scribd.com/document/358848118/Worksheet-1-Overview-of-Sources-of-Law,international business principles worksheet,2026-09-19 07:34:40
388063803,ACCT 221 Principles of Accounting I,https://www.scribd.com/document/388063803/Acct-221-Principles-of-Accounting-1-Outline,international business principles worksheet,2026-09-19 07:34:40
391940303,Minor in International Business Program,https://www.scribd.com/document/391940303/Minor-in-International-Business,international business principles worksheet,2026-09-19 07:34:40
399211412,BBA Program Course Worksheet,https://www.scribd.com/document/399211412/BBA-Worksheet,international business principles worksheet,2026-09-19 07:34:40
404283293,Cambridge IGCSE Business Studies PDF,https://www.scribd.com/document/404283293/Cambridge-Igcse-Business-Studies-Coursebook-With-CD-Rom-Cambridge-International,international business principles worksheet,2026-09-19 07:34:40
405661209,WOCCU Cooperative Operating Principles,https://www.scribd.com/document/405661209/2017-WOCCU-International-Operating-Principles,international business principles worksheet,2026-09-19 07:34:40
409757825,International Business Management Syllabus,https://www.scribd.com/document/409757825/BA5301-IBM-5004-IMC-Syllabus,international business principles worksheet,2026-09-19 07:34:40
424011797,Global Business Management Overview,https://www.scribd.com/document/424011797/Business-and-Management-in-a-Global-Context-MN1178,international business principles worksheet,2026-09-19 07:34:40
424413091,International Business Law Overview,https://www.scribd.com/document/424413091/IBT-Chapter-2,international business principles worksheet,2026-09-19 07:34:40
425534705,International Business Management Report,https://www.scribd.com/document/425534705/Business-Management-1B-Project-Question,international business principles worksheet,2026-09-19 07:34:40
44152222,Introduction to International Marketing,https://www.scribd.com/document/44152222/What-is-International-Marketing,international business principles worksheet,2026-09-19 07:34:40
459773811,Simple Past Tense Worksheet,https://www.scribd.com/document/459773811/WORKSHEET-8,international business principles worksheet,2026-09-19 07:34:40
467658050,Unimark International: Design as Business,https://www.scribd.com/document/467658050/unimark-design-of-business-and-the-business-of-design,international business principles worksheet,2026-09-19 07:34:40
484228898,Management Concepts Worksheet for Students,https://www.scribd.com/document/484228898/Worksheet-1-BST-Ch-1,international business principles worksheet,2026-09-19 07:34:40
492260058,Worksheet - Chapter 30: Accounting Fundamentals,https://www.scribd.com/document/492260058/worksheet-30,international business principles worksheet,2026-09-19 07:34:40
493296507,ICAEW Spreadsheet Practice Principles,https://www.scribd.com/document/493296507/Twenty-Principles-for-Good-Spreadsheet-Practice-1606374704,international business principles worksheet,2026-09-19 07:34:40
51049973,Business Ethics Worksheet and Concepts,https://www.scribd.com/document/51049973/WORKSHEET,international business principles worksheet,2026-09-19 07:34:40
510563497,Fundamentals of Accounting I Course Guide,https://www.scribd.com/document/510563497/Fundamentals-of-Accounting-I-New-course-outline-1,international business principles worksheet,2026-09-19 07:34:40
515333571,Worksheet - Chapter 6: Business Structure (A Level),https://www.scribd.com/document/515333571/Worksheet-06-MNCs-and-Privatisation,international business principles worksheet,2026-09-19 07:34:40
515334651,Worksheet - Chapter 7: Size of Business (A Level),https://www.scribd.com/document/515334651/Worksheet-07-Takeover,international business principles worksheet,2026-09-19 07:34:40
515334677,Worksheet - Chapter 8: External Influences On Business Activity (Not Economic) (A Level),https://www.scribd.com/document/515334677/Worksheet-08-External-Factors-Not-Economic,international business principles worksheet,2026-09-19 07:34:40
515334691,Worksheet Answers - Chapter 6: Business Structure (A Level),https://www.scribd.com/document/515334691/Worksheet-Answers-06,international business principles worksheet,2026-09-19 07:34:40
515334745,Worksheet Answers - Chapter 7: Size of Business (A Level),https://www.scribd.com/document/515334745/worksheet-answers-07,international business principles worksheet,2026-09-19 07:34:40
515334813,Worksheet Answers - Chapter 8: External Influences On Business Activity (Not Economic) (A Level),https://www.scribd.com/document/515334813/worksheet-answers-08,international business principles worksheet,2026-09-19 07:34:40
522006991,Business Studies Worksheet: Economic Sectors,https://www.scribd.com/document/522006991/BUSINESS-STUDIES-WORKSHEET,international business principles worksheet,2026-09-19 07:34:40
543932724,Addressing Apple's Ethical Responsibilities,https://www.scribd.com/document/543932724/1-Worksheet,international business principles worksheet,2026-09-19 07:34:40
564204393,Accounting Transactions and Analysis,https://www.scribd.com/document/564204393/Worksheet-1,international business principles worksheet,2026-09-19 07:34:40
567879685,Sectors of Industry in Applied Economics,https://www.scribd.com/document/567879685/wk2-Q4-Applied-Eco-worksheet,international business principles worksheet,2026-09-19 07:34:40
569348203,Worksheet - Chapter 2: Business Structure,https://www.scribd.com/document/569348203/worksheet-02,international business principles worksheet,2026-09-19 07:34:40
574328461,International Business Contract Principles,https://www.scribd.com/document/574328461/PUMBA-DSE-A-506-LDIM-1-2-Principles-of-International-Business-Contract-Notes,international business principles worksheet,2026-09-19 07:34:40
585143981,Conclusion - International Business Management Institute,https://www.scribd.com/document/585143981/8-Conclusion-International-Business-Management-Institute,international business principles worksheet,2026-09-19 07:34:40
60181668,Principles of Business Negotiation,https://www.scribd.com/document/60181668/Introduction-of-Business-Negotiation,international business principles worksheet,2026-09-19 07:34:40
605409803,Evolution of Global Human Rights Law,https://www.scribd.com/document/605409803/International-Protection-of-Human-Rights-Worksheet-1,international business principles worksheet,2026-09-19 07:34:40
611286655,Principles of Management: Key Concepts,https://www.scribd.com/document/611286655/Principles-of-management-Fill-in-the-blanks,international business principles worksheet,2026-09-19 07:34:40
626186821,Business Location Benefits in Africa,https://www.scribd.com/document/626186821/S4-Business-Studies-Location-Decisions-Case-Study,international business principles worksheet,2026-09-19 07:34:40
63063282,Accounting Principles and Assumptions,https://www.scribd.com/document/63063282/Principles-Assumptions-Constraints,international business principles worksheet,2026-09-19 07:34:40
639812454,MBA International Business Syllabus,https://www.scribd.com/document/639812454/M-B-A-International-Business,international business principles worksheet,2026-09-19 07:34:40
65101615,Components of Business Environment,https://www.scribd.com/document/65101615/Business-Environment,international business principles worksheet,2026-09-19 07:34:40
651381415,Fundamentals of Accounting I Module,https://www.scribd.com/document/651381415/Fundamentalof-Accounting-I-course-outline,international business principles worksheet,2026-09-19 07:34:40
663348429,Legal Principles in Shipping Business Exam,https://www.scribd.com/document/663348429/Legal-Principles-in-Shipping-Business-2014,international business principles worksheet,2026-09-19 07:34:40
669159454,International Business Assignment Guide,https://www.scribd.com/document/669159454/Assignment-Cover-Page-BBD2224-International-Business,international business principles worksheet,2026-09-19 07:34:40
670112269,Personal Skills Audit Worksheet,https://www.scribd.com/document/670112269/Skills-Audit-Worksheet,international business principles worksheet,2026-09-19 07:34:40
690003483,BTEC Level 3 Unit 6: Management Principles,https://www.scribd.com/document/690003483/BTEC-Business-Unit-6-Principles-of-Managment-curriculum-map,international business principles worksheet,2026-09-19 07:34:40
715208023,Time Series Analysis & Moving Averages,https://www.scribd.com/document/715208023/ASAL-Business-worksheet-21-1,international business principles worksheet,2026-09-19 07:34:40
715208318,Cash Flow Forecast for Tanvi’s Trinkets,https://www.scribd.com/document/715208318/ASAL-Business-worksheet-30-1,international business principles worksheet,2026-09-19 07:34:40
717312446,Human Rights Revision Worksheet,https://www.scribd.com/document/717312446/Veer-Amin-Y8-QH-Unit-6-Revision-Worksheet,international business principles worksheet,2026-09-19 07:34:40
803585239,Inventory Control Chart Analysis,https://www.scribd.com/document/803585239/ASAL-Business-worksheet-24-1,international business principles worksheet,2026-09-19 07:34:40
81496383,Domestic vs. International Business Differences,https://www.scribd.com/document/81496383/Difference-Between-Domestic-and-International-Business,international business principles worksheet,2026-09-19 07:34:40
828444009,Exam Paper: International Taxation Principles,https://www.scribd.com/document/828444009/Principles-of-International-Taxation-June-2024-Module-1-question-paper,international business principles worksheet,2026-09-19 07:34:40
832822163,Important Questions for 1st PUC Business,https://www.scribd.com/document/832822163/I-PUC-BUSINESS-STUDIES-IMPORTANT-QUESTIONS,international business principles worksheet,2026-09-19 07:34:40
843923497,Break-Even Analysis Worksheet,https://www.scribd.com/document/843923497/Worksheet-22-1-Profit-Loss-and-Break-even,international business principles worksheet,2026-09-19 07:34:40
848996642,Principles of Accounts Worksheet,https://www.scribd.com/document/848996642/Trial-balance-Assessment-Paper-2,international business principles worksheet,2026-09-19 07:34:40
857202107,Internal Trade and International Business Worksheet,https://www.scribd.com/document/857202107/International-Business-Worksheet-2,international business principles worksheet,2026-09-19 07:34:40
874557523,BSc International Business Management Insights,https://www.scribd.com/document/874557523/BSc-Hons-International-Business-Management-at-Anglia-Ruskin-University-1,international business principles worksheet,2026-09-19 07:34:40
878123317,Class 12 Business Studies Worksheet,https://www.scribd.com/document/878123317/Business-Studies-Worksheet,international business principles worksheet,2026-09-19 07:34:40
882452947,Segmenting International Markets Strategies,https://www.scribd.com/document/882452947/Principles-of-Marketing-Global-Edition-Segmenting-International-Markets,international business principles worksheet,2026-09-19 07:34:40
977585792,Medical Physics A-Level Worksheet,https://www.scribd.com/document/977585792/A-Level-Physics-9702-Medical-Physics-Worksheet,international business principles worksheet,2026-09-19 07:34:40
980863190,Grade 11 IBDP Business Management Revision,https://www.scribd.com/document/980863190/Grade-11-IBDP-Business-Management-Unit-1-Revision-Worksheet-Paper-1-Style,international business principles worksheet,2026-09-19 07:34:40
1002891578,Nguyen Binh Minh-Resume,https://www.scribd.com/document/1002891578/Nguyen-Binh-Minh-Resume,mechanical engineering Vietnam 1998,2026-09-19 08:33:14
1004914903,JD Technical Support Thermax Vietnam 260210,https://www.scribd.com/document/1004914903/JD-Technical-Support-Thermax-Vietnam-260210-1,mechanical engineering Vietnam 1998,2026-09-19 08:33:14
1011566912,IEEE Xplore Conference Template A4 For WAAM TIG Abstract PID,https://www.scribd.com/document/1011566912/IEEE-Xplore-Conference-Template-a4-for-WAAM-TIG-Abstract-PID,mechanical engineering Vietnam 1998,2026-09-19 08:33:14
1019430089,2025-CEE AGENDA ME07-Gas Turbine Fundamentals and Power Plant Engineering Rev1,https://www.scribd.com/document/1019430089/2025-CEE-AGENDA-ME07-Gas-Turbine-Fundamentals-and-Power-Plant-Engineering-Rev1,mechanical engineering Vietnam 1998,2026-09-19 08:33:14
1020904620,Plus Design Asia - Plumbing & Fire Job Description,https://www.scribd.com/document/1020904620/Plus-Design-Asia-Plumbing-Fire-Job-Description,mechanical engineering Vietnam 1998,2026-09-19 08:33:14
1024835966,S335JR,https://www.scribd.com/document/1024835966/S335JR,mechanical engineering Vietnam 1998,2026-09-19 08:33:14
1025739086,2. Application Form,https://www.scribd.com/document/1025739086/2-Application-Form,mechanical engineering Vietnam 1998,2026-09-19 08:33:14
1029765656,Product Engineer 1565598707,https://www.scribd.com/document/1029765656/Product-Engineer-1565598707,mechanical engineering Vietnam 1998,2026-09-19 08:33:14
103000868,Comparison of ASTM A36 and A283 Gr C,https://www.scribd.com/document/103000868/Comparison-A36-A283-Gr-C,mechanical engineering Vietnam 1998,2026-09-19 08:33:14
1032119789,"Tuyển MEP Engineer tại Boustead Projects (Vietnam) Co., Ltd T122025",https://www.scribd.com/document/1032119789/Tuye-n-MEP-Engineer-ta-i-Boustead-Projects-Vietnam-Co-Ltd-T122025,mechanical engineering Vietnam 1998,2026-09-19 08:33:14
1036801849,Cylinder Elbow Steam Engine,https://www.scribd.com/document/1036801849/Cylinder-Elbow-Steam-Engine,mechanical engineering Vietnam 1998,2026-09-19 08:33:14
1037768452,Nguyen Quoc Bao TopCV - VN 040426.213824,https://www.scribd.com/document/1037768452/Nguyen-Quoc-Bao-TopCV-vn-040426-213824,mechanical engineering Vietnam 1998,2026-09-19 08:33:14
1051755858,Cylinder Elbow Steam Engine,https://www.scribd.com/document/1051755858/Cylinder-Elbow-Steam-Engine,mechanical engineering Vietnam 1998,2026-09-19 08:33:14
1053972732,LOR - Nguyen Minh Thang - No.2,https://www.scribd.com/document/1053972732/LOR-Nguyen-Minh-Thang-No-2,mechanical engineering Vietnam 1998,2026-09-19 08:33:14
1055436279,Autobiography NTHU (Technology Engineering),https://www.scribd.com/document/1055436279/Autobiography-NTHU-Technology-Engineering,mechanical engineering Vietnam 1998,2026-09-19 08:33:14
1059255637,Muhammad AbaidUllah Trainee Engineer (Mechanical),https://www.scribd.com/document/1059255637/Muhammad-AbaidUllah-Trainee-Engineer-Mechanical,mechanical engineering Vietnam 1998,2026-09-19 08:33:14
106251567,Engineering Surveying LSGI2961 Overview,https://www.scribd.com/document/106251567/lsgi2961,mechanical engineering Vietnam 1998,2026-09-19 08:33:14
1070091591,Cv Nguyen Huutoan Eng (1),https://www.scribd.com/document/1070091591/Cv-Nguyen-Huutoan-Eng-1,mechanical engineering Vietnam 1998,2026-09-19 08:33:14
1076777372,Mechanical Engineer ( Ahmed Magdy ),https://www.scribd.com/document/1076777372/Mechanical-Engineer-Ahmed-Magdy,mechanical engineering Vietnam 1998,2026-09-19 08:33:14
108825625,Mechanical Engineer in Shipbuilding,https://www.scribd.com/document/108825625/Amit-Bante-Resume,mechanical engineering Vietnam 1998,2026-09-19 08:33:14
110154280,BAOLINH Inquiry for Foundry Equipment,https://www.scribd.com/document/110154280/BAOLINH-Cooperation,mechanical engineering Vietnam 1998,2026-09-19 08:33:14
111435270,Power Plant Engineering Course Overview,https://www.scribd.com/document/111435270/Power-Plant-Course-Outline,mechanical engineering Vietnam 1998,2026-09-19 08:33:14
117131560,Ion Popescu: Mechanical Engineer Profile,https://www.scribd.com/document/117131560/General-CV-Ion-Popescu,mechanical engineering Vietnam 1998,2026-09-19 08:33:14
118419468,FPSO Poster,https://www.scribd.com/document/118419468/FPSO-Poster,mechanical engineering Vietnam 1998,2026-09-19 08:33:14
121004727,1998 Kawasaki KX250 Specifications,https://www.scribd.com/document/121004727/1998-KX250-Specs,mechanical engineering Vietnam 1998,2026-09-19 08:33:14
122766097,Advanced Fracture Mechanics Course,https://www.scribd.com/document/122766097/rahman-advanced-fracture-mechanics-pdf,mechanical engineering Vietnam 1998,2026-09-19 08:33:14
127157818,Pilz 4-Day Machinery Safety Course,https://www.scribd.com/document/127157818/Pilz-4-day-safety-course,mechanical engineering Vietnam 1998,2026-09-19 08:33:14
129533006,Fluid Mechanics I Course Outline,https://www.scribd.com/document/129533006/Fluid-Mechanics-Course-Outline,mechanical engineering Vietnam 1998,2026-09-19 08:33:14
129681411,JIS Standards for Flange Dimensions,https://www.scribd.com/document/129681411/Jis,mechanical engineering Vietnam 1998,2026-09-19 08:33:14
130776858,Mechanics 3 Course Overview and Schedule,https://www.scribd.com/document/130776858/12inf,mechanical engineering Vietnam 1998,2026-09-19 08:33:14
131281445,Project Manager Resume Overview,https://www.scribd.com/document/131281445,mechanical engineering Vietnam 1998,2026-09-19 08:33:14
133387788,ASME (Mechanical) Code Issues - Bolting Requirements in Code,https://www.scribd.com/document/133387788/ASME-mechanical-Code-Issues-Bolting-Requirements-in-Code,mechanical engineering Vietnam 1998,2026-09-19 08:33:14
134912883,Engineering Professional Resume Summary,https://www.scribd.com/document/134912883/Project-Manager-Engineering-Manufacturing-in-Dallas-Ft-Worth-TX-Resume-Marlin-Jones,mechanical engineering Vietnam 1998,2026-09-19 08:33:14
135316083,Amit Saraswat - Mechanical Engineer CV,https://www.scribd.com/document/135316083/ad,mechanical engineering Vietnam 1998,2026-09-19 08:33:14
135438502,Douglas F. Walters: Career Overview,https://www.scribd.com/document/135438502,mechanical engineering Vietnam 1998,2026-09-19 08:33:14
136655156,Transition from BS 5268 to Eurocodes,https://www.scribd.com/document/136655156/Farewell-to-BS-5268,mechanical engineering Vietnam 1998,2026-09-19 08:33:14
13729069,Architect CV of Do Tuan Hanh,https://www.scribd.com/document/13729069/cv-of-%C4%90%E1%BB%97-Tu%E1%BA%A5n-H%E1%BA%A1nh,mechanical engineering Vietnam 1998,2026-09-19 08:33:14
140783647,AS9100 Internal Audit Expertise in LA,https://www.scribd.com/document/140783647/Sample-Resumes,mechanical engineering Vietnam 1998,2026-09-19 08:33:14
140900432,Binh Phuoc Ethanol Plant Schedule,https://www.scribd.com/document/140900432/Sample-Project-Schedule,mechanical engineering Vietnam 1998,2026-09-19 08:33:14
143178334,Arun Kumar: SPRD Specialist at SKM,https://www.scribd.com/document/143178334/ArunKumar-JL,mechanical engineering Vietnam 1998,2026-09-19 08:33:14
143905673,Indra Sakti: Mechanical Engineer Profile,https://www.scribd.com/document/143905673/Indra-Sakti-CV,mechanical engineering Vietnam 1998,2026-09-19 08:33:14
144749755,David Polakowski: Electrical Engineer CV,https://www.scribd.com/document/144749755,mechanical engineering Vietnam 1998,2026-09-19 08:33:14
144915582,Mostak Uddin Ahmad's CV: Wartsila Experience,https://www.scribd.com/document/144915582/CV-MOSTAK,mechanical engineering Vietnam 1998,2026-09-19 08:33:14
146347586,Datalogic ADC Vietnam Internship 2013,https://www.scribd.com/document/146347586/DATALOGIC-ADC-Summer-Internship-Program-2013-1,mechanical engineering Vietnam 1998,2026-09-19 08:33:14
151758527,Engineering Thermodynamics Course Overview,https://www.scribd.com/document/151758527/Engineering-Thermo,mechanical engineering Vietnam 1998,2026-09-19 08:33:14
152183436,Elmustafa's Profile in Mechanical Engineering,https://www.scribd.com/document/152183436/Abdelmageed-a-Elmustafa,mechanical engineering Vietnam 1998,2026-09-19 08:33:14
15329524,Mechanical Commissioning Engineer CV,https://www.scribd.com/document/15329524/Mechanical-Commissioning-Engineer-CV,mechanical engineering Vietnam 1998,2026-09-19 08:33:14
155239512,Global Expansion of Toyota Manufacturing,https://www.scribd.com/document/155239512,mechanical engineering Vietnam 1998,2026-09-19 08:33:14
156969541,Engineering Leadership & Training Expert,https://www.scribd.com/document/156969541/VP-Engineering-Industrial-Equipment-in-Chicago-IL-Resume-Neil-Barker,mechanical engineering Vietnam 1998,2026-09-19 08:33:14
158180231,IEM Cycle Test II: Mechanical Engineering,https://www.scribd.com/document/158180231/IEM-question-paper,mechanical engineering Vietnam 1998,2026-09-19 08:33:14
159107638,Stephen Timoshenko: Engineering Pioneer,https://www.scribd.com/document/159107638/Timoshenko,mechanical engineering Vietnam 1998,2026-09-19 08:33:14
159319842,Pig Production Technician Resume Example,https://www.scribd.com/document/159319842/161,mechanical engineering Vietnam 1998,2026-09-19 08:33:14
160668422,Civil Engineer CV of Ho Van Thang,https://www.scribd.com/document/160668422/Curriculum-Vitae,mechanical engineering Vietnam 1998,2026-09-19 08:33:14
161869399,Babbitt Alloys for Oil & Gas Bearings,https://www.scribd.com/document/161869399/tilting-pad-bearing,mechanical engineering Vietnam 1998,2026-09-19 08:33:14
166702905,Ravi Ranjan's Chemical Engineering Resume,https://www.scribd.com/document/166702905,mechanical engineering Vietnam 1998,2026-09-19 08:33:14
16730602,Maximum Noise Levels for Vehicles,https://www.scribd.com/document/16730602/TCVN-5948-1999,mechanical engineering Vietnam 1998,2026-09-19 08:33:14
168517445,Mechanical Engineer Resume: Firas Makahleh,https://www.scribd.com/document/168517445/RESUME-for-Mechanical-Engineer-MSC-PMP-CSE,mechanical engineering Vietnam 1998,2026-09-19 08:33:14
168569195,Mechanical Static Engineer Job Description,https://www.scribd.com/document/168569195/Mechanic-Engineer-Static-Equipment,mechanical engineering Vietnam 1998,2026-09-19 08:33:14
170513690,Engineering Measurements Course Overview,https://www.scribd.com/document/170513690/Engineering-Measurements-TAZC232,mechanical engineering Vietnam 1998,2026-09-19 08:33:14
170595418,Oil and Gas Field Service Resume,https://www.scribd.com/document/170595418/Harry-Hong-CV,mechanical engineering Vietnam 1998,2026-09-19 08:33:14
171369583,Chevron 2012.05 Vietnam Factsheet,https://www.scribd.com/document/171369583/Chevron-2012-05-Vietnam-Factsheet,mechanical engineering Vietnam 1998,2026-09-19 08:33:14
1738683,Beau Moreau: Mechanical Engineer Resume,https://www.scribd.com/document/1738683/Beau-Randall-Moreau-Resume,mechanical engineering Vietnam 1998,2026-09-19 08:33:14
174071320,Stephen W. Tsai: Composite Materials Expert,https://www.scribd.com/document/174071320/C-V-Stephen-W-Tsai,mechanical engineering Vietnam 1998,2026-09-19 08:33:14
175275577,Mechanics of Composite Materials,https://www.scribd.com/document/175275577/Composite-Materials-and-Mechanics,mechanical engineering Vietnam 1998,2026-09-19 08:33:14
17545852,Solidworks Design Engineer Resume,https://www.scribd.com/document/17545852/Elec-Mech-Dsgn-Engineer-Resume-SolidWorks,mechanical engineering Vietnam 1998,2026-09-19 08:33:14
177345824,Environmental Engineering Manager CV,https://www.scribd.com/document/177345824/YMT3,mechanical engineering Vietnam 1998,2026-09-19 08:33:14
177458587,"Mechanical Engineering (Contract - 2 Years) - Jakarta - Tetra Pak Stainless Equipment, PT - Indonesia - Jobsdb",https://www.scribd.com/document/177458587/Mechanical-Engineering-Contract-2-Years-Jakarta-Tetra-Pak-Stainless-Equipment-Pt-Indonesia-Jobsdb,mechanical engineering Vietnam 1998,2026-09-19 08:33:14
177587813,Mechanical Engineering Other Topics - Vertical Shaft Deflection,https://www.scribd.com/document/177587813/Mechanical-Engineering-Other-Topics-Vertical-Shaft-Deflection,mechanical engineering Vietnam 1998,2026-09-19 08:33:14
179611070,Supply Chain Project Manager Resume,https://www.scribd.com/document/179611070/Supply-Chain-Project-Manager-in-Chicago-IL-Resume-Lon-Blumenthal,mechanical engineering Vietnam 1998,2026-09-19 08:33:14
186012061,Source Inspection Coordinator Roles,https://www.scribd.com/document/186012061/Source-Inspection-Coordinator-Positions,mechanical engineering Vietnam 1998,2026-09-19 08:33:14
186500961,Introduction to Vehicle Design Concepts,https://www.scribd.com/document/186500961/08a605-Vehicle-Design-II,mechanical engineering Vietnam 1998,2026-09-19 08:33:14
188517798,Basic Mechanical Dry Operation Certification,https://www.scribd.com/document/188517798/Training-Certification,mechanical engineering Vietnam 1998,2026-09-19 08:33:14
192317184,Mechanical Designer with CAD Expertise,https://www.scribd.com/document/192317184,mechanical engineering Vietnam 1998,2026-09-19 08:33:14
193458641,Su Tu Trang Gas Field Overview,https://www.scribd.com/document/193458641/Su-Tu-Trang-Gas-Field,mechanical engineering Vietnam 1998,2026-09-19 08:33:14
19564070,Hussein Kharroubi: Mechanical Engineer CV,https://www.scribd.com/document/19564070/Curriculum-vitae,mechanical engineering Vietnam 1998,2026-09-19 08:33:14
199993307,Metalne Konstrukcije,https://www.scribd.com/document/199993307/Metalne-konstrukcije,mechanical engineering Vietnam 1998,2026-09-19 08:33:14
200800643,Mechanical Engineer Resume Overview,https://www.scribd.com/document/200800643/heavy-equipment-and-light,mechanical engineering Vietnam 1998,2026-09-19 08:33:14
202397286,Storm Sewer Calculations with Manning's Equation,https://www.scribd.com/document/202397286/Storm-Sewer-Hydraulic-Calculations-With-the-Manning-Equation-Engineering-Excel-Spreadsheets,mechanical engineering Vietnam 1998,2026-09-19 08:33:14
203131753,Principles of Laser Engineering,https://www.scribd.com/document/203131753/Course-Outline-Laser-Engineering,mechanical engineering Vietnam 1998,2026-09-19 08:33:14
20511772,Mohd Saufi Abdullah's Mechanical Engineering Resume,https://www.scribd.com/document/20511772/Resume-OPIE,mechanical engineering Vietnam 1998,2026-09-19 08:33:14
20511899,Mohd Saufi Abdullah's Resume,https://www.scribd.com/document/20511899/Resume-Saufi,mechanical engineering Vietnam 1998,2026-09-19 08:33:14
2075357,MBA Graduate in Engineering Management,https://www.scribd.com/document/2075357/New-Microsoft-Word-Document-2-amit,mechanical engineering Vietnam 1998,2026-09-19 08:33:14
21322723,Mechanical Engineer Resume Overview,https://www.scribd.com/document/21322723/Resume-for-Faisal,mechanical engineering Vietnam 1998,2026-09-19 08:33:14
214670376,Workshop Engineer Role at Hydro Australia,https://www.scribd.com/document/214670376/Workshop-Engineer-Vietnam,mechanical engineering Vietnam 1998,2026-09-19 08:33:14
21601077,Ruhr University Vietnam Scholarship Program,https://www.scribd.com/document/21601077/The-Scholarship-Program,mechanical engineering Vietnam 1998,2026-09-19 08:33:14
217821597,Wesman Engineering Company Overview,https://www.scribd.com/document/217821597/Wesman-Engineering-Co,mechanical engineering Vietnam 1998,2026-09-19 08:33:14
218641659,Readings - Mechanics and Design of Concrete Structures - Civil and Environmental Engineering - MIT OpenCourseWare,https://www.scribd.com/document/218641659/Readings-Mechanics-and-Design-of-Concrete-Structures-Civil-and-Environmental-Engineering-MIT-OpenCourseWare,mechanical engineering Vietnam 1998,2026-09-19 08:33:14
224350963,Mechanical Engineer Resume Sample,https://www.scribd.com/document/224350963/Mech-Resume-1,mechanical engineering Vietnam 1998,2026-09-19 08:33:14
225184620,Vietsovpetro DNV Project Personnel List,https://www.scribd.com/document/225184620/BK14-BT7-016-001-Rev-A-List-Personnel-Gaslift-BK14BT7-Updated-2014-04-01,mechanical engineering Vietnam 1998,2026-09-19 08:33:14
225313769,DFMA Course Syllabus Overview,https://www.scribd.com/document/225313769/107103012,mechanical engineering Vietnam 1998,2026-09-19 08:33:14
228098341,Writing An Abstract Update 051112,https://www.scribd.com/document/228098341,mechanical engineering Vietnam 1998,2026-09-19 08:33:14
22858381,MEP Engineer with UAE Experience,https://www.scribd.com/document/22858381/mep-engineer,mechanical engineering Vietnam 1998,2026-09-19 08:33:14
228764538,Scott Davis: Mechanical Engineering Leader,https://www.scribd.com/document/228764538/ScottDavis-pdf,mechanical engineering Vietnam 1998,2026-09-19 08:33:14
229490134,FPSO Operations and Specifications Overview,https://www.scribd.com/document/229490134/Fpso-Overview,mechanical engineering Vietnam 1998,2026-09-19 08:33:14
230383019,ICF Railway Milestones Overview,https://www.scribd.com/document/230383019/Milestones-of-ICF,mechanical engineering Vietnam 1998,2026-09-19 08:33:14
230810812,Study of Contact-Impact Force Models in Multibody Mechanical Systems,https://www.scribd.com/document/230810812/Flores,mechanical engineering Vietnam 1998,2026-09-19 08:33:14
231368968,Power Plant Engineering Overview,https://www.scribd.com/document/231368968/10m703-Power-Plant-Engineering,mechanical engineering Vietnam 1998,2026-09-19 08:33:14
231688936,Engineering Executive Resume Overview,https://www.scribd.com/document/231688936,mechanical engineering Vietnam 1998,2026-09-19 08:33:14
232192899,Achour Mokrab: Engineering Profile,https://www.scribd.com/document/232192899/my-CV,mechanical engineering Vietnam 1998,2026-09-19 08:33:14
233763803,Alternative Fuels for IC Engines,https://www.scribd.com/document/233763803/Alternate-Fuels-for-IC-Engines-4,mechanical engineering Vietnam 1998,2026-09-19 08:33:14
234347843,Pickup Truck Aerodynamics References,https://www.scribd.com/document/234347843,mechanical engineering Vietnam 1998,2026-09-19 08:33:14
235427479,Engineering Mechanics Syllabus Overview,https://www.scribd.com/document/235427479/Ge6253-Engineering-Mechanics-l-t-p-c3-1-0-4,mechanical engineering Vietnam 1998,2026-09-19 08:33:14
237230257,Safety Relief Valve Training Course,https://www.scribd.com/document/237230257/Safety-Relief-Valve-Selection-Operation-TroubleShooting,mechanical engineering Vietnam 1998,2026-09-19 08:33:14
243457963,SDSU Environmental Engineering Overview,https://www.scribd.com/document/243457963/Environmental-Engineering,mechanical engineering Vietnam 1998,2026-09-19 08:33:14
243627811,Mechanical Engineering Reference List,https://www.scribd.com/document/243627811/MECH-ENG,mechanical engineering Vietnam 1998,2026-09-19 08:33:14
244064974,ASME eBooks: Free Downloads Available,https://www.scribd.com/document/244064974/asme-2010-ebooks-pdf,mechanical engineering Vietnam 1998,2026-09-19 08:33:14
244867039,Mechanics Materials: J. Hearn,https://www.scribd.com/document/244867039/32658-fm-pdf,mechanical engineering Vietnam 1998,2026-09-19 08:33:14
245258097,History of Belgrade Mechanical Engineering Faculty,https://www.scribd.com/document/245258097/History-of-the-Faculty-of-Mechanical-Engineering,mechanical engineering Vietnam 1998,2026-09-19 08:33:14
246240404,Risk-Based Pipeline Integrity Training,https://www.scribd.com/document/246240404/Risk-Based-Pipeline-Integrity-Management-Course,mechanical engineering Vietnam 1998,2026-09-19 08:33:14
246710901,Energy-Based Swing-Up Control for Pendulum,https://www.scribd.com/document/246710901/Inverted-Pendulum-Ieee,mechanical engineering Vietnam 1998,2026-09-19 08:33:14
248153408,Automatic Side Stand Retrieval System,https://www.scribd.com/document/248153408/Automatic-Side-Stand,mechanical engineering Vietnam 1998,2026-09-19 08:33:14
248695919,Engineering Project Manager Resume,https://www.scribd.com/document/248695919/09-01-16-DCD-EngineeringResume,mechanical engineering Vietnam 1998,2026-09-19 08:33:14
250721614,Intelligent Control for Motor Drives,https://www.scribd.com/document/250721614,mechanical engineering Vietnam 1998,2026-09-19 08:33:14
25220614,Izar Nazrul's Mechanical Engineering Resume,https://www.scribd.com/document/25220614/Resume-Naz,mechanical engineering Vietnam 1998,2026-09-19 08:33:14
253470452,EMS Energy Solutions Overview,https://www.scribd.com/document/253470452/EMS-Energy-Catalogue,mechanical engineering Vietnam 1998,2026-09-19 08:33:14
25505304,Experienced Mechanical Project Engineer,https://www.scribd.com/document/25505304/Irfan-Ahmad,mechanical engineering Vietnam 1998,2026-09-19 08:33:14
255564024,Math Tutor with Engineering Background,https://www.scribd.com/document/255564024/e-port-john-thomas-resume-20140130-1,mechanical engineering Vietnam 1998,2026-09-19 08:33:14
256530396,Talk?: David Hayes,https://www.scribd.com/document/256530396/Vietnam,mechanical engineering Vietnam 1998,2026-09-19 08:33:14
257233552,HVAC Engineering Expertise of Clifford Baum,https://www.scribd.com/document/257233552,mechanical engineering Vietnam 1998,2026-09-19 08:33:14
258044075,ASME Student Membership Application,https://www.scribd.com/document/258044075/Student-Membership-Application-pdf,mechanical engineering Vietnam 1998,2026-09-19 08:33:14
259355224,Anil Kakodkar: Achievements and Biography,https://www.scribd.com/document/259355224/Anil-Kakodkar,mechanical engineering Vietnam 1998,2026-09-19 08:33:14
259369478,Tuan Vo-Dinh: Pioneer in Photonics,https://www.scribd.com/document/259369478,mechanical engineering Vietnam 1998,2026-09-19 08:33:14
259815934,Structural Engineering Other Technical Topics - Flag Pole,https://www.scribd.com/document/259815934,mechanical engineering Vietnam 1998,2026-09-19 08:33:14
25990674,Senior Mechanical Engineer Resume,https://www.scribd.com/document/25990674/Qualifications-CV-Template1-1,mechanical engineering Vietnam 1998,2026-09-19 08:33:14
259906947,Gear & Pulley Engineering - How To Specify (AGMA) Face Gear Quality PDF,https://www.scribd.com/document/259906947/Gear-Pulley-engineering-How-to-Specify-AGMA-Face-Gear-Quality-pdf,mechanical engineering Vietnam 1998,2026-09-19 08:33:14
260001771,Engineering Mechanics Course Overview,https://www.scribd.com/document/260001771/ME-100-Engineering-Mechanics-Course-Outline,mechanical engineering Vietnam 1998,2026-09-19 08:33:14
261021772,CAE Engineer Job Opening at RBVH,https://www.scribd.com/document/261021772/CAE-Engineer,mechanical engineering Vietnam 1998,2026-09-19 08:33:14
261619697,Electrical Design Role at CPG Vietnam,https://www.scribd.com/document/261619697/hoc-av-qua-jobasdas,mechanical engineering Vietnam 1998,2026-09-19 08:33:14
262210723,Mechatronics Course Reference Guide,https://www.scribd.com/document/262210723/Mechatronics-Bibliography,mechanical engineering Vietnam 1998,2026-09-19 08:33:14
26428877,Mechanical Engineer with DOD Clearance,https://www.scribd.com/document/26428877/Resume-Glen-J-lesnick-2010,mechanical engineering Vietnam 1998,2026-09-19 08:33:14
265260430,CV of Tong Yew Meng,https://www.scribd.com/document/265260430/CV-Mr-Tong-Yew-Meng,mechanical engineering Vietnam 1998,2026-09-19 08:33:14
268526225,Mechanical Engineering CAD Drawing,https://www.scribd.com/document/268526225/2013-A3-Body,mechanical engineering Vietnam 1998,2026-09-19 08:33:14
268526955,Petro Vietnam Skills Competition 2013,https://www.scribd.com/document/268526955/2013-A3-1-Base-Plate,mechanical engineering Vietnam 1998,2026-09-19 08:33:14
268527126,Petro Vietnam Skills Competition 2013,https://www.scribd.com/document/268527126/2013-A3-RPL-016-1,mechanical engineering Vietnam 1998,2026-09-19 08:33:14
268919097,Production Engineer Resume Overview,https://www.scribd.com/document/268919097/Mechanical-Production-Engineer-Samphhhhhle-Resume,mechanical engineering Vietnam 1998,2026-09-19 08:33:14
269313745,Creative Design in Mechanical Engineering,https://www.scribd.com/document/269313745/productFlyer-978-981-3083-57-8,mechanical engineering Vietnam 1998,2026-09-19 08:33:14
27008214,Mechanical Design Engineer Resume,https://www.scribd.com/document/27008214/NEW-RES,mechanical engineering Vietnam 1998,2026-09-19 08:33:14
270461048,Isısan Klima Tesisatı - 3,https://www.scribd.com/document/270461048/%C4%B1s%C4%B1san-klima-tesisat%C4%B1-3,mechanical engineering Vietnam 1998,2026-09-19 08:33:14
274163750,Chiller Plant Replacement Meeting Minutes,https://www.scribd.com/document/274163750/21-2015-04-22-MOM-IC-TW-TSC-1,mechanical engineering Vietnam 1998,2026-09-19 08:33:14
276219708,Lead Mechanical Design Engineer Profile,https://www.scribd.com/document/276219708,mechanical engineering Vietnam 1998,2026-09-19 08:33:14
277392797,Recommended Textbooks for Engineering Courses,https://www.scribd.com/document/277392797/BRC-Textbook-List-2012Mech-PT,mechanical engineering Vietnam 1998,2026-09-19 08:33:14
281150099,Theory of Mechanics: Kinematics & Kinetics,https://www.scribd.com/document/281150099/Kinetics,mechanical engineering Vietnam 1998,2026-09-19 08:33:14
282256577,Electrical Engineer Resume Sample,https://www.scribd.com/document/282256577/Assistant-Electrical-Engineer-Sample-Resume,mechanical engineering Vietnam 1998,2026-09-19 08:33:14
284040513,"Robert Bosch Engineering, India (RBEI) - An Innovative Frugal Engineering",https://www.scribd.com/document/284040513,mechanical engineering Vietnam 1998,2026-09-19 08:33:14
287427779,Mechanical Engineer with 16+ Years Experience,https://www.scribd.com/document/287427779/Ranga-c-v-NEW-1-2,mechanical engineering Vietnam 1998,2026-09-19 08:33:14
288621096,Manufacturing Project Manager Resume,https://www.scribd.com/document/288621096,mechanical engineering Vietnam 1998,2026-09-19 08:33:14
290855488,TopCV Coupon for QA Professionals,https://www.scribd.com/document/290855488/SampleResume-QAQCTeamLeader,mechanical engineering Vietnam 1998,2026-09-19 08:33:14
294418344,Sales Engineer CV - Phan Truong Giang,https://www.scribd.com/document/294418344/Giang-SCV3,mechanical engineering Vietnam 1998,2026-09-19 08:33:14
300398482,MDSolids: Free Download for Engineers,https://www.scribd.com/document/300398482/Sample-Tehnical-Report-Fax-Machines-Sample-of-a-Technical-Report,mechanical engineering Vietnam 1998,2026-09-19 08:33:14
301459777,Director of Engineering Resume,https://www.scribd.com/document/301459777,mechanical engineering Vietnam 1998,2026-09-19 08:33:14
306340201,Safety Engineering & Risk Management Course,https://www.scribd.com/document/306340201/Risk-Analysis-and-Management,mechanical engineering Vietnam 1998,2026-09-19 08:33:14
306364102,36CrNiMo4 10083 98 ENG 01 PDF,https://www.scribd.com/document/306364102/36CrNiMo4-10083-98-ENG-01-pdf,mechanical engineering Vietnam 1998,2026-09-19 08:33:14
306531335,Aircraft Hydraulic Systems Overview,https://www.scribd.com/document/306531335/Books-to-Download-New,mechanical engineering Vietnam 1998,2026-09-19 08:33:14
306961389,C.V. of Dr. C.V. Jayakumar,https://www.scribd.com/document/306961389/Dr-C-v-jayakumar-Profile,mechanical engineering Vietnam 1998,2026-09-19 08:33:14
310324829,C6+ Characterization For Natural Gas - Chemical Process Engineering - Eng-Tips,https://www.scribd.com/document/310324829,mechanical engineering Vietnam 1998,2026-09-19 08:33:14
311985697,ASME B31.1&Section I Material Identification,https://www.scribd.com/document/311985697,mechanical engineering Vietnam 1998,2026-09-19 08:33:14
312887052,Unified Technology Acceptance in Vietnam,https://www.scribd.com/document/312887052/Curriculum-Vitae,mechanical engineering Vietnam 1998,2026-09-19 08:33:14
3145476,Rezwanul Haque: Mechanical Engineer Profile,https://www.scribd.com/document/3145476/REZWANUL-HAQUE,mechanical engineering Vietnam 1998,2026-09-19 08:33:14
316300072,Power Plant Engineering Overview,https://www.scribd.com/document/316300072/ME6701-POWER-PLANT-ENGINEERING-L-T-P-C-docx,mechanical engineering Vietnam 1998,2026-09-19 08:33:14
317061257,1998 Engineering Practice Guidelines,https://www.scribd.com/document/317061257/0022-00002H,mechanical engineering Vietnam 1998,2026-09-19 08:33:14
317183996,Maintenance Engineer Resume,https://www.scribd.com/document/317183996/Resume,mechanical engineering Vietnam 1998,2026-09-19 08:33:14
31817116,Mechanical Engineering Workshop Syllabus,https://www.scribd.com/document/31817116/ZZU-192-Workshop-Practice-II,mechanical engineering Vietnam 1998,2026-09-19 08:33:14
318509186,Power Plant Engineering Syllabus Overview,https://www.scribd.com/document/318509186/ME6701-Power-Plant-Engineering-Syllabus,mechanical engineering Vietnam 1998,2026-09-19 08:33:14
320653457,Profile of Miles Arnone,https://www.scribd.com/document/320653457/Miles-Arnone-17-august-2016-junery-Bagunas-Jr,mechanical engineering Vietnam 1998,2026-09-19 08:33:14
320898072,Overview of Frigi Engineering Services,https://www.scribd.com/document/320898072/chap1,mechanical engineering Vietnam 1998,2026-09-19 08:33:14
322994578,Engineering Drawing Abbreviations Guide,https://www.scribd.com/document/322994578/Engineering-Drawing-Abbreviations-and-Symbols,mechanical engineering Vietnam 1998,2026-09-19 08:33:14
323329616,Understanding Paris Law in Crack Growth,https://www.scribd.com/document/323329616/Paris-Law-Theory,mechanical engineering Vietnam 1998,2026-09-19 08:33:14
323945162,Mechanical Workshop Practice Course Outline,https://www.scribd.com/document/323945162,mechanical engineering Vietnam 1998,2026-09-19 08:33:14
324374632,Mechanical Engineering Graduate Resume,https://www.scribd.com/document/324374632/Yana-Yanuar-1,mechanical engineering Vietnam 1998,2026-09-19 08:33:14
325601736,Dr. Zahiruddin Shaikh - Mechanical Engineer Profile,https://www.scribd.com/document/325601736/14-04-2016-11-44-21-0936159,mechanical engineering Vietnam 1998,2026-09-19 08:33:14
326322118,Journey of Engtek's Founder,https://www.scribd.com/document/326322118/Running-My-Own-Business-Hon-Chee-Wah-20150106,mechanical engineering Vietnam 1998,2026-09-19 08:33:14
326748107,Vietnam Supplier Contact Directory,https://www.scribd.com/document/326748107/nguon04-10-16-doc,mechanical engineering Vietnam 1998,2026-09-19 08:33:14
328392068,Chemical Engineering Reference,https://www.scribd.com/document/328392068/Chemical-Engineering-Reference,mechanical engineering Vietnam 1998,2026-09-19 08:33:14
328826424,Steel Design - Reference List,https://www.scribd.com/document/328826424/Steel-Design-Reference-List,mechanical engineering Vietnam 1998,2026-09-19 08:33:14
331051346,Mechanical Engineer CV with NDT Expertise,https://www.scribd.com/document/331051346/Deva-Kumar-Cv-2015,mechanical engineering Vietnam 1998,2026-09-19 08:33:14
331232229,ASME Student Membership Application,https://www.scribd.com/document/331232229/Student-Membership-Application,mechanical engineering Vietnam 1998,2026-09-19 08:33:14
331780853,Minor Project on Segway in Mechanical Engineering,https://www.scribd.com/document/331780853/Report-Front-Page,mechanical engineering Vietnam 1998,2026-09-19 08:33:14
335269756,Industrial Instrumentation Syllabus Overview,https://www.scribd.com/document/335269756/NPTEL-Phase-II-Electrical-Engineering-Industrial-Instrumentation,mechanical engineering Vietnam 1998,2026-09-19 08:33:14
335574439,2017 KGSP Associate Degree Results,https://www.scribd.com/document/335574439/2017-KGSP-U-AssociateDegree-Final-Result,mechanical engineering Vietnam 1998,2026-09-19 08:33:14
336366410,Power Plant Engineering Overview,https://www.scribd.com/document/336366410/Power-Plant-Engineering,mechanical engineering Vietnam 1998,2026-09-19 08:33:14
337590668,Workshop Engineer Position at Hydro Australia,https://www.scribd.com/document/337590668/Hydro-Engineer-Vietnam,mechanical engineering Vietnam 1998,2026-09-19 08:33:14
339991112,Job Application: Mechanical Engineer,https://www.scribd.com/document/339991112/Lamar-Hosoda-Trading-Co-Ltd,mechanical engineering Vietnam 1998,2026-09-19 08:33:14
340812336,Signal Jamming: Techniques and Applications,https://www.scribd.com/document/340812336/IJSRON2013808-Signal-Jamming-and-Modern-Applications,mechanical engineering Vietnam 1998,2026-09-19 08:33:14
341671615,Overview of Composite Materials in Engineering,https://www.scribd.com/document/341671615/Composite-Materials,mechanical engineering Vietnam 1998,2026-09-19 08:33:14
341673980,Composite Materials in Engineering,https://www.scribd.com/document/341673980/Composite-Materials-pdf,mechanical engineering Vietnam 1998,2026-09-19 08:33:14
341674945,Composite Materials Engineering Course,https://www.scribd.com/document/341674945/Composite-Materials,mechanical engineering Vietnam 1998,2026-09-19 08:33:14
342784875,Solid Edge: 3D CAD Design Overview,https://www.scribd.com/document/342784875/Solid-Edge,mechanical engineering Vietnam 1998,2026-09-19 08:33:14
342933151,SCG International Internship 2017 Guide,https://www.scribd.com/document/342933151/SCG-International-Internship-Program,mechanical engineering Vietnam 1998,2026-09-19 08:33:14
343984157,Mechanical Engineering Student Profile,https://www.scribd.com/document/343984157/cv,mechanical engineering Vietnam 1998,2026-09-19 08:33:14
345390194,NVH-CAE Engineer Profile: Hari Batti,https://www.scribd.com/document/345390194/Hari-Chandrashekar-Batti,mechanical engineering Vietnam 1998,2026-09-19 08:33:14
345628225,N3 Electrical Engineering Qualifications,https://www.scribd.com/document/345628225/INS,mechanical engineering Vietnam 1998,2026-09-19 08:33:14
345847397,Hilton Saigon Project Team Contacts,https://www.scribd.com/document/345847397/1-70313-HS-PD,mechanical engineering Vietnam 1998,2026-09-19 08:33:14
347370351,Standards for Concrete Testing,https://www.scribd.com/document/347370351/all-vietnamese-CAS-CODES-xlsx,mechanical engineering Vietnam 1998,2026-09-19 08:33:14
349593643,Chatter Analysis in Deep Hole Boring,https://www.scribd.com/document/349593643/IJETR031955,mechanical engineering Vietnam 1998,2026-09-19 08:33:14
351032219,Numerical Methods in Geotechnical Engineering,https://www.scribd.com/document/351032219/1-ce6370-teach,mechanical engineering Vietnam 1998,2026-09-19 08:33:14
352469189,Unequal Angles per EN 10056-1 Standards,https://www.scribd.com/document/352469189/Unequal-Angles-to-en-10056-1-1998,mechanical engineering Vietnam 1998,2026-09-19 08:33:14
352673254,Industrial Control Electronics 3E Overview,https://www.scribd.com/document/352673254/Download-Industrial-Control-Electronics-3E-Terry-L-M,mechanical engineering Vietnam 1998,2026-09-19 08:33:14
353457884,Chelsea Residences Project Overview,https://www.scribd.com/document/353457884/Chelsea-Residences-Apartment,mechanical engineering Vietnam 1998,2026-09-19 08:33:14
354550115,Engineering Economics Free Download,https://www.scribd.com/document/354550115/civil,mechanical engineering Vietnam 1998,2026-09-19 08:33:14
355503763,Harish Mukundan: Academic Profile,https://www.scribd.com/document/355503763/harishm-mit-edu-resume-pdf,mechanical engineering Vietnam 1998,2026-09-19 08:33:14
355825042,Lecturer/Senior Lecturer in Engineering,https://www.scribd.com/document/355825042/PD-Lecturer-Senior-Lecturer-Advanced-Manufacturing,mechanical engineering Vietnam 1998,2026-09-19 08:33:14
359219614,SEIMAFI Mod1,https://www.scribd.com/document/359219614/SEIMAFI-Mod1,mechanical engineering Vietnam 1998,2026-09-19 08:33:14
360111708,Mechanical Behavior of Materials Course,https://www.scribd.com/document/360111708/Fall-MASC551-Syllabus-2017,mechanical engineering Vietnam 1998,2026-09-19 08:33:14
360892581,Jean-Pierre Jaspart: CV Overview,https://www.scribd.com/document/360892581/CV-Prof-Jaspart-Jean,mechanical engineering Vietnam 1998,2026-09-19 08:33:14
361569599,CV of Mohammad Uzair Ahmad,https://www.scribd.com/document/361569599/uzair-cv,mechanical engineering Vietnam 1998,2026-09-19 08:33:14
361634339,Global Collaboration Program Vietnam,https://www.scribd.com/document/361634339/170929-Capstone-Design-Camp-Program,mechanical engineering Vietnam 1998,2026-09-19 08:33:14
363483433,Engineering Drawing and Graphics Basant Agrawal C M Agrawal Multiple Choice Questions,https://www.scribd.com/document/363483433/335012883-Engineering-Drawing-and-Graphics-Basant-Agrawal-C-M-Agrawal-Multiple-Choice-Questions,mechanical engineering Vietnam 1998,2026-09-19 08:33:14
363953488,Overview of Foil Air Bearings,https://www.scribd.com/document/363953488/Foil-Bearing,mechanical engineering Vietnam 1998,2026-09-19 08:33:14
364699698,Electric Motor Handbook Overview,https://www.scribd.com/document/364699698/Textbook-Archive,mechanical engineering Vietnam 1998,2026-09-19 08:33:14
365024750,Anthony Spano's Engineering Resume,https://www.scribd.com/document/365024750/fs17-resume-anthony-spano,mechanical engineering Vietnam 1998,2026-09-19 08:33:14
366370599,Iqbal Husain: Piping Engineer Profile,https://www.scribd.com/document/366370599/1387886992CV-Iqbal-Husain,mechanical engineering Vietnam 1998,2026-09-19 08:33:14
366746814,Mechatronics Course Overview and Syllabus,https://www.scribd.com/document/366746814/mechatronics-7th-sem-pdf,mechanical engineering Vietnam 1998,2026-09-19 08:33:14
368229085,Rotor Dynamics Course Syllabus,https://www.scribd.com/document/368229085/vibrations-nptel,mechanical engineering Vietnam 1998,2026-09-19 08:33:14
36942272,Mechanical Engineering Diploma Resume,https://www.scribd.com/document/36942272/imgResumea,mechanical engineering Vietnam 1998,2026-09-19 08:33:14
371636325,Mechanical Engineering Student Profile,https://www.scribd.com/document/371636325/141-Fa-08111,mechanical engineering Vietnam 1998,2026-09-19 08:33:14
371637145,Mechanical Engineering Student Profile,https://www.scribd.com/document/371637145/161-Fa-08002,mechanical engineering Vietnam 1998,2026-09-19 08:33:14
371975508,2008 Richart Lecture on Soil Dynamics,https://www.scribd.com/document/371975508/Richart-Lecture-Flyer-2008,mechanical engineering Vietnam 1998,2026-09-19 08:33:14
37291539,Engineering CV for Imran Aslam,https://www.scribd.com/document/37291539/IACV-1,mechanical engineering Vietnam 1998,2026-09-19 08:33:14
373573944,Tran Van Dang: QA/QC Engineer Profile,https://www.scribd.com/document/373573944/Cv-Tran-Van-Dang,mechanical engineering Vietnam 1998,2026-09-19 08:33:14
374494275,Mechanical Engineering Practice Act Philippines,https://www.scribd.com/document/374494275/melaws,mechanical engineering Vietnam 1998,2026-09-19 08:33:14
375637323,Mechanical Engineer Resume Sample,https://www.scribd.com/document/375637323/Mechanical-Engineer-Resume,mechanical engineering Vietnam 1998,2026-09-19 08:33:14
376097798,Rigger CV: Saipem Experience,https://www.scribd.com/document/376097798/Kuling-Wilson-Tama-CV,mechanical engineering Vietnam 1998,2026-09-19 08:33:14
377019908,Self-Introduction of a Mechanical Engineer,https://www.scribd.com/document/377019908/introducing-my-self-docx,mechanical engineering Vietnam 1998,2026-09-19 08:33:14
38250070,Civil Engineer CV for UAE Opportunities,https://www.scribd.com/document/38250070/Sample-Civil-Enginer-CV,mechanical engineering Vietnam 1998,2026-09-19 08:33:14
382856662,Hardenability Analysis of Steel Grades,https://www.scribd.com/document/382856662/Comparative-Analysis-of-Hardenability-of-Steel-Using-Jominy-End-Quench-Test,mechanical engineering Vietnam 1998,2026-09-19 08:33:14
383840861,Balanced Laminate Design in Composites,https://www.scribd.com/document/383840861/15CD105-docx,mechanical engineering Vietnam 1998,2026-09-19 08:33:14
384559382,HVAC Technician Profile: MKPESIT John,https://www.scribd.com/document/384559382/Mkpesit-Mkpesit-John,mechanical engineering Vietnam 1998,2026-09-19 08:33:14
385951304,TCVN 2737:2023 Live Load for School Stairs,https://www.scribd.com/document/385951304/Vietnam,mechanical engineering Vietnam 1998,2026-09-19 08:33:14
386137484,Balaji Ganesh's Engineering Resume,https://www.scribd.com/document/386137484/Balaji-Ganesh-Reume-New-1-1,mechanical engineering Vietnam 1998,2026-09-19 08:33:14
387010453,Civil Engineer Profile and Experience,https://www.scribd.com/document/387010453/Sample-CV-Civil-Engineer-Construction-Manager-Download-for-Free,mechanical engineering Vietnam 1998,2026-09-19 08:33:14
387015149,ISO Standards for Gears Overview,https://www.scribd.com/document/387015149/Standard-Iso-List,mechanical engineering Vietnam 1998,2026-09-19 08:33:14
387607949,GD Engineering Bandlock Type Closure,https://www.scribd.com/document/387607949/Checklist-GD-Bandlock,mechanical engineering Vietnam 1998,2026-09-19 08:33:14
389740374,Gaziantep University Faculty Overview,https://www.scribd.com/document/389740374/Gaziantep-University,mechanical engineering Vietnam 1998,2026-09-19 08:33:14
38997965,Mechanical Engineering Resume,https://www.scribd.com/document/38997965/Resume-Man,mechanical engineering Vietnam 1998,2026-09-19 08:33:14
390292683,Mechanical Engineering Career Profile,https://www.scribd.com/document/390292683/resume-pdf,mechanical engineering Vietnam 1998,2026-09-19 08:33:14
391185692,Quality Engineer Resume Overview,https://www.scribd.com/document/391185692/Quality-Engineer-Resume,mechanical engineering Vietnam 1998,2026-09-19 08:33:14
391886608,Concrete Beams Design Specifications,https://www.scribd.com/document/391886608/01-Coring-Wall-of-Lift-B-SL1-B-SL2,mechanical engineering Vietnam 1998,2026-09-19 08:33:14
392994653,Mechanical Engineer CV: Patalganga Role,https://www.scribd.com/document/392994653/Sample-CV,mechanical engineering Vietnam 1998,2026-09-19 08:33:14
393167146,Engineering Resume for Job Seekers,https://www.scribd.com/document/393167146/Standard-Format-Resume-Eng-students-PlT,mechanical engineering Vietnam 1998,2026-09-19 08:33:14
397119339,IIT Bombay Mechanical Engineering Profile,https://www.scribd.com/document/397119339/16D070022-1,mechanical engineering Vietnam 1998,2026-09-19 08:33:14
397317664,Engineering Honours Programs Overview,https://www.scribd.com/document/397317664/USM-ADM21032018,mechanical engineering Vietnam 1998,2026-09-19 08:33:14
397999778,Riyas Ali M.K: Rotating Equipment Engineer,https://www.scribd.com/document/397999778/CV-riyas-ali-m-docx,mechanical engineering Vietnam 1998,2026-09-19 08:33:14
399537374,Servetek Engineering: Leadership & Expertise,https://www.scribd.com/document/399537374/ZOLA-DOC,mechanical engineering Vietnam 1998,2026-09-19 08:33:14
399539423,Mechanical Engineering Resume of Analyn Lumapas,https://www.scribd.com/document/399539423/ANALYNresume-docx,mechanical engineering Vietnam 1998,2026-09-19 08:33:14
399796220,Mechanical Design Engineer CV - Chris Germain,https://www.scribd.com/document/399796220/Resume-Chris-Germain,mechanical engineering Vietnam 1998,2026-09-19 08:33:14
400176730,Dinesh Mahato: Mechanical Engineer Profile,https://www.scribd.com/document/400176730/Dinesh,mechanical engineering Vietnam 1998,2026-09-19 08:33:14
400547124,Stuart Burge: Systems Engineering Expert,https://www.scribd.com/document/400547124/Stuart-Burge-Profile,mechanical engineering Vietnam 1998,2026-09-19 08:33:14
400640159,Rotating Equipment Engineer Resume,https://www.scribd.com/document/400640159/CV-riyas-ali-m-k,mechanical engineering Vietnam 1998,2026-09-19 08:33:14
40075172,Mechanical Engineer & Project Manager Profile,https://www.scribd.com/document/40075172/Resume-Senior-Mech-Eng-Oct-18-10,mechanical engineering Vietnam 1998,2026-09-19 08:33:14
401018262,Mechanical Engineering Course Overview,https://www.scribd.com/document/401018262/academic-guide,mechanical engineering Vietnam 1998,2026-09-19 08:33:14
402006214,Senior Engineer Profile: Boris Koehler,https://www.scribd.com/document/402006214/Boris-Koehler-Heavy-Construction-Project-Managerment-Senior-Engineer-Resume-2015-pdf,mechanical engineering Vietnam 1998,2026-09-19 08:33:14
402006253,"Boris-Koehler - Heavy Construction, Project Managerment, Senior Engineer Resume 2015 PDF",https://www.scribd.com/document/402006253/Boris-Koehler-Heavy-Construction-Project-Managerment-Senior-Engineer-Resume-2015-pdf,mechanical engineering Vietnam 1998,2026-09-19 08:33:14
402125431,Ultrasound in Food Processing Review,https://www.scribd.com/document/402125431/MECHANICAL-EFFECTS-OF-POWER-ULTRASOUNDS,mechanical engineering Vietnam 1998,2026-09-19 08:33:14
403121833,CFS50 Plug-In Shaft Installation Guide,https://www.scribd.com/document/403121833/Mounting-instructions-CFS50-plug-in-shaft-en-IM0071457-PDF,mechanical engineering Vietnam 1998,2026-09-19 08:33:14
403317845,ACPE Registration Requirements in ASEAN,https://www.scribd.com/document/403317845/ACPE-Primer,mechanical engineering Vietnam 1998,2026-09-19 08:33:14
404956863,Mechanical Engineering Fresher Resume,https://www.scribd.com/document/404956863/resume-1554262463005-pdf,mechanical engineering Vietnam 1998,2026-09-19 08:33:14
404979116,Mechanical Engineer CV - Abhijeet Paul,https://www.scribd.com/document/404979116/Mechanical-Resume,mechanical engineering Vietnam 1998,2026-09-19 08:33:14
404998352,Mechanical Engineering Resume of A. Eashwaran,https://www.scribd.com/document/404998352/Eashwaran-Resume-04-12-docx,mechanical engineering Vietnam 1998,2026-09-19 08:33:14
405049865,Abhishek Verma's Mechanical CV,https://www.scribd.com/document/405049865/Abhishek-Verma-CV-docx-Chnge,mechanical engineering Vietnam 1998,2026-09-19 08:33:14
405574755,Mechanical Engineering Placement Form,https://www.scribd.com/document/405574755/Placement-Registration-Form-2014,mechanical engineering Vietnam 1998,2026-09-19 08:33:14
406417163,"Rehabilitation of Bai Thuong Weir, Vietnam",https://www.scribd.com/document/406417163/Bai-Thuong-doc,mechanical engineering Vietnam 1998,2026-09-19 08:33:14
406846661,Shani Kumar's CV - Mechanical Engineering,https://www.scribd.com/document/406846661/cvvv,mechanical engineering Vietnam 1998,2026-09-19 08:33:14
407070515,Mechanical Engineer Resume Karthik S,https://www.scribd.com/document/407070515/Default,mechanical engineering Vietnam 1998,2026-09-19 08:33:14
407459633,Comprehensive Bibliography on Materials Science,https://www.scribd.com/document/407459633/S1-2016-301296-bibliography,mechanical engineering Vietnam 1998,2026-09-19 08:33:14
408297619,Mechanical Engineering Intern Profile,https://www.scribd.com/document/408297619/My-Resume,mechanical engineering Vietnam 1998,2026-09-19 08:33:14
408460860,Aspiring Mechanical Engineer CV,https://www.scribd.com/document/408460860/santhosh-pdf,mechanical engineering Vietnam 1998,2026-09-19 08:33:14
408534504,Tamil Selvan K: Mechanical Engineer CV,https://www.scribd.com/document/408534504/Tamil-Selvan-RESUME,mechanical engineering Vietnam 1998,2026-09-19 08:33:14
408629591,Mechanical Engineering Resume of Sai Charan,https://www.scribd.com/document/408629591/Sai-Charan-Resume,mechanical engineering Vietnam 1998,2026-09-19 08:33:14
408830863,Hoang Ngoc Hai Topcv - VN 230918.194444,https://www.scribd.com/document/408830863/Hoang-Ngoc-Hai-Topcv-vn-230918-194444,mechanical engineering Vietnam 1998,2026-09-19 08:33:14
410358397,Modal Analysis Theory and Testing,https://www.scribd.com/document/410358397/Modal-Analysis-Theory-and-Testing-1998-Edition-Open-Library,mechanical engineering Vietnam 1998,2026-09-19 08:33:14
410960931,API 510 Pressure Vessel Inspector Course,https://www.scribd.com/document/410960931/Drill-String-Design,mechanical engineering Vietnam 1998,2026-09-19 08:33:14
411738345,Vignesh B: Mechanical Engineering CV,https://www.scribd.com/document/411738345/KANI-RESUME-2-1,mechanical engineering Vietnam 1998,2026-09-19 08:33:14
411783437,Mechanical Engineer CV - Raja Pasqua Ramadhan,https://www.scribd.com/document/411783437/3-Resume,mechanical engineering Vietnam 1998,2026-09-19 08:33:14
412109128,Nguyen Hai Linh's Professional CV,https://www.scribd.com/document/412109128/CV-Nguyen-Hai-Linh-E,mechanical engineering Vietnam 1998,2026-09-19 08:33:14
412754873,Nguyen Bao Trung: Mechanical Engineer,https://www.scribd.com/document/412754873/CV-2019,mechanical engineering Vietnam 1998,2026-09-19 08:33:14
413449705,Overview of Mechanical Engineering Course,https://www.scribd.com/document/413449705/Takda-Sa-Filipino,mechanical engineering Vietnam 1998,2026-09-19 08:33:14
415453478,Mechanical Engineering Student Profile,https://www.scribd.com/document/415453478/Raycee-Kim-Tagle-Resume,mechanical engineering Vietnam 1998,2026-09-19 08:33:14
415596535,Ajay Kumar's Mechanical Engineering Profile,https://www.scribd.com/document/415596535/NNJKWXR,mechanical engineering Vietnam 1998,2026-09-19 08:33:14
416894207,Curriculum Vitae of Erlangga Dewantara,https://www.scribd.com/document/416894207/cv,mechanical engineering Vietnam 1998,2026-09-19 08:33:14
417460616,Kolhapur Mechanical Engineer Profile,https://www.scribd.com/document/417460616/Shreyas-Resume,mechanical engineering Vietnam 1998,2026-09-19 08:33:14
417983919,Automation Engineer CV: Hamid Reza Sadeghi,https://www.scribd.com/document/417983919/CV-Automation-Engineer-2-2,mechanical engineering Vietnam 1998,2026-09-19 08:33:14
418363608,Difference Between ASTM A435 and ASTM A578,https://www.scribd.com/document/418363608/Difference-Between-ASTM-A435-and-ASTM-A578,mechanical engineering Vietnam 1998,2026-09-19 08:33:14
418570680,Application for Chief Construction Engineer,https://www.scribd.com/document/418570680/Application-for-Shimizu-From-Mr-thinh,mechanical engineering Vietnam 1998,2026-09-19 08:33:14
420131429,Anil Khatana: Mechanical Engineering Profile,https://www.scribd.com/document/420131429/Anil-Khatana-doc,mechanical engineering Vietnam 1998,2026-09-19 08:33:14
420332031,Abhishek Parmar: Mechanical Engineer Profile,https://www.scribd.com/document/420332031/Abhishek-Parmar-Resume,mechanical engineering Vietnam 1998,2026-09-19 08:33:14
421852583,Timoshenko and Young Engineering Mechanics,https://www.scribd.com/document/421852583/engineering-mechanics-timoshenko-young-r-pdf,mechanical engineering Vietnam 1998,2026-09-19 08:33:14
422243241,TUP Engineering Education Overview,https://www.scribd.com/document/422243241/tuble,mechanical engineering Vietnam 1998,2026-09-19 08:33:14
422411101,Nitish Kumar's Education and Achievements,https://www.scribd.com/document/422411101/nitish-ji-docx,mechanical engineering Vietnam 1998,2026-09-19 08:33:14
423207475,Deepanshu Jangra: Mechanical Engineer Profile,https://www.scribd.com/document/423207475/Resume,mechanical engineering Vietnam 1998,2026-09-19 08:33:14
424275427,Mechanical Engineering Student Resume,https://www.scribd.com/document/424275427/Resume,mechanical engineering Vietnam 1998,2026-09-19 08:33:14
424303555,Timoshenko and Young Engineering Mechanics,https://www.scribd.com/document/424303555/engineering-mechanics-timoshenko-young-r-pdf,mechanical engineering Vietnam 1998,2026-09-19 08:33:14
424984440,Vraj Shah's Mechanical Engineering Profile,https://www.scribd.com/document/424984440/operation-reaserch,mechanical engineering Vietnam 1998,2026-09-19 08:33:14
425108644,RMIT Industry Research Assistant Positions,https://www.scribd.com/document/425108644/PD-RMIT-DST-IRA-1,mechanical engineering Vietnam 1998,2026-09-19 08:33:14
425414900,Awards for Engineering Excellence 2025,https://www.scribd.com/document/425414900/Prizes,mechanical engineering Vietnam 1998,2026-09-19 08:33:14
42771222,Subsea Pipeline and Risers Course,https://www.scribd.com/document/42771222/Subsea-Engineering,mechanical engineering Vietnam 1998,2026-09-19 08:33:14
429283185,Engineering Workplace Safety Regulations,https://www.scribd.com/document/429283185/QCF-BTEC-Unit-1-Health-and-Safety-in-the-Engineering-Workplace,mechanical engineering Vietnam 1998,2026-09-19 08:33:14
429913421,Dyno Nobel: Leading Explosives Supplier,https://www.scribd.com/document/429913421/02-Company-Profiles,mechanical engineering Vietnam 1998,2026-09-19 08:33:14
430008788,Mechanical Engineer Resume Overview,https://www.scribd.com/document/430008788/1561916266406Resume-Anshul-pdf,mechanical engineering Vietnam 1998,2026-09-19 08:33:14
430656373,Jasper Clark's Mechanical Engineering CV,https://www.scribd.com/document/430656373/Resume-for-ont,mechanical engineering Vietnam 1998,2026-09-19 08:33:14
430718662,Santosh Kulkarni: Mechanical Engineer Profile,https://www.scribd.com/document/430718662/CV-Santosh-Kulkarni,mechanical engineering Vietnam 1998,2026-09-19 08:33:14
430757293,Mechanical Engineering License Requirements,https://www.scribd.com/document/430757293/ME-LAW,mechanical engineering Vietnam 1998,2026-09-19 08:33:14
431050302,Mechanical Engineer Resume Summary,https://www.scribd.com/document/431050302/1571038339172-0-Resumeshubh-pdf,mechanical engineering Vietnam 1998,2026-09-19 08:33:14
431078534,MEP Engineer CV: Zameer Pasha,https://www.scribd.com/document/431078534/Resume-z-Ameer-Pasha-Se,mechanical engineering Vietnam 1998,2026-09-19 08:33:14
431079502,MEP Engineer Resume: Zameer Pasha,https://www.scribd.com/document/431079502/Resume-z-Ameer-Pasha-Se,mechanical engineering Vietnam 1998,2026-09-19 08:33:14
431197285,Mechanical Vibrations Course Overview,https://www.scribd.com/document/431197285/Syllabus,mechanical engineering Vietnam 1998,2026-09-19 08:33:14
431197579,Mechanical Vibrations Course Overview,https://www.scribd.com/document/431197579/Syllabus-pdf,mechanical engineering Vietnam 1998,2026-09-19 08:33:14
432050411,Faizan Uddin: Mechanical Engineer CV,https://www.scribd.com/document/432050411/1-PAGE-CV,mechanical engineering Vietnam 1998,2026-09-19 08:33:14
432271951,Fresh Mechanical Engineer CV,https://www.scribd.com/document/432271951/1-PAGE-CV,mechanical engineering Vietnam 1998,2026-09-19 08:33:14
433283579,Mechanical Engineer CV - Fanny Pasram,https://www.scribd.com/document/433283579/CV-eng-07-19,mechanical engineering Vietnam 1998,2026-09-19 08:33:14
434133155,Engineering Resume of Aravind S N,https://www.scribd.com/document/434133155/Aravind,mechanical engineering Vietnam 1998,2026-09-19 08:33:14
434210356,MITS Mechanical Engineering Symposium 2018,https://www.scribd.com/document/434210356/Mechonance-18-Brochure,mechanical engineering Vietnam 1998,2026-09-19 08:33:14
434536790,Indochine Engineering Vietnam MEP Schedule,https://www.scribd.com/document/434536790/Podium-002-d,mechanical engineering Vietnam 1998,2026-09-19 08:33:14
434819407,Mechanical Engineering Chair Profile,https://www.scribd.com/document/434819407/Mohan-Doc1,mechanical engineering Vietnam 1998,2026-09-19 08:33:14
435497084,Mechanical Technician Resume - Harish G,https://www.scribd.com/document/435497084/HARISH-M-Tech-CV-1,mechanical engineering Vietnam 1998,2026-09-19 08:33:14
435585399,Mechanical Engineer Resume Overview,https://www.scribd.com/document/435585399/Prasath-Mechanical-Engineer-Resume-1-pdf,mechanical engineering Vietnam 1998,2026-09-19 08:33:14
435645458,Mechanical Engineering Profile of Animesh Mishra,https://www.scribd.com/document/435645458/ASFSF,mechanical engineering Vietnam 1998,2026-09-19 08:33:14
435726622,Asia Packaging Industries Vietnam,https://www.scribd.com/document/435726622/Asia-Packaging-Industries-Vietnam,mechanical engineering Vietnam 1998,2026-09-19 08:33:14
436160589,Mechanical Engineering Student CV,https://www.scribd.com/document/436160589/123-1,mechanical engineering Vietnam 1998,2026-09-19 08:33:14
436199634,2020 Global Korea Scholarship Winners List,https://www.scribd.com/document/436199634/Kgsp-2020-graduate-degree,mechanical engineering Vietnam 1998,2026-09-19 08:33:14
436688487,Microwave and Radar Engineering Course,https://www.scribd.com/document/436688487/Microwave-engineering-4-edition-coverage,mechanical engineering Vietnam 1998,2026-09-19 08:33:14
437554489,API 653 Tank Inspector Certification Course,https://www.scribd.com/document/437554489/1440207759wpdm-Brochure-API-653-InHouse-150821-pdf,mechanical engineering Vietnam 1998,2026-09-19 08:33:14
438665116,API 570 Piping Inspector Certification Course,https://www.scribd.com/document/438665116/Api-570-pre,mechanical engineering Vietnam 1998,2026-09-19 08:33:14
439709397,Material Science and Metallurgy Course,https://www.scribd.com/document/439709397/243406790-MATERIAL-SCIENCE-AND-METALLURGY-pdf-pdf,mechanical engineering Vietnam 1998,2026-09-19 08:33:14
440332668,ASM Handbook Overview and Volumes,https://www.scribd.com/document/440332668/1-ASM-Handbook,mechanical engineering Vietnam 1998,2026-09-19 08:33:14
44114983,Vietnam Railway Systems Job Openings,https://www.scribd.com/document/44114983/Job-Specs-Vietnam-Rev,mechanical engineering Vietnam 1998,2026-09-19 08:33:14
441397040,List of Tenants in Vietnam Automotive Sector,https://www.scribd.com/document/441397040/List-of-Tenants-in-TLIP,mechanical engineering Vietnam 1998,2026-09-19 08:33:14
442308660,VSSUT Mechanical Engineering Profile,https://www.scribd.com/document/442308660/final-resume-Manisha-Ghadai,mechanical engineering Vietnam 1998,2026-09-19 08:33:14
444862870,Mechanical Engineer Fresher Resume,https://www.scribd.com/document/444862870/ankush-masha-resume,mechanical engineering Vietnam 1998,2026-09-19 08:33:14
445210753,Mechanical Engineer Fresher Resume,https://www.scribd.com/document/445210753/Avinash-new-docx,mechanical engineering Vietnam 1998,2026-09-19 08:33:14
44569106,Chetan Budkuley's Mechanical Engineer Profile,https://www.scribd.com/document/44569106/ChetanBudkuley-Resume,mechanical engineering Vietnam 1998,2026-09-19 08:33:14
446124749,Mechanical Engineer CV - NDT Technician,https://www.scribd.com/document/446124749/UmaSankar-NDT2,mechanical engineering Vietnam 1998,2026-09-19 08:33:14
446462854,Evaluating Pressure Relief Reaction Forces,https://www.scribd.com/document/446462854/Pressure-Relief-System-Reaction-Forces-The-Importance-of-Evaluating-Existing-Installations,mechanical engineering Vietnam 1998,2026-09-19 08:33:14
446718351,ICIMAE 2020: Mechanical Engineering Conference,https://www.scribd.com/document/446718351/Brochure-converted,mechanical engineering Vietnam 1998,2026-09-19 08:33:14
44711322,Mechanical Engineering Book List,https://www.scribd.com/document/44711322/Mechanical-Engineering-Text-Listing-2008-2,mechanical engineering Vietnam 1998,2026-09-19 08:33:14
450750411,2020 GKS Associate Degree Results,https://www.scribd.com/document/450750411/2020-GKS-Associate-Degree-Program-Final-Result,mechanical engineering Vietnam 1998,2026-09-19 08:33:14
451719359,Piping Preparator Resume of Arkali Felix,https://www.scribd.com/document/451719359/CV-PIPING-and-STRUCTURE-PREPARATOR,mechanical engineering Vietnam 1998,2026-09-19 08:33:14
453667522,PhD Course Work Syllabus in Mechanical Engineering,https://www.scribd.com/document/453667522/Phd-course-Work-syllabus,mechanical engineering Vietnam 1998,2026-09-19 08:33:14
453951094,Aerospace Engineer Resume Overview,https://www.scribd.com/document/453951094/dana-andrews-resume,mechanical engineering Vietnam 1998,2026-09-19 08:33:14
454843488,Mechanical Engineering Student Resume,https://www.scribd.com/document/454843488/Sharath-s-Resume-pdf,mechanical engineering Vietnam 1998,2026-09-19 08:33:14
456948263,Diego León: Mechanical Engineering Profile,https://www.scribd.com/document/456948263/ENGLISH-docx,mechanical engineering Vietnam 1998,2026-09-19 08:33:14
45758981,New VACVINA Biogas Technology in Tanzania,https://www.scribd.com/document/45758981/New-Low-Cost-Biogas-Technology-Introduced-in-Tanzania,mechanical engineering Vietnam 1998,2026-09-19 08:33:14
458347418,Mechanical Engineering Internship Goals,https://www.scribd.com/document/458347418/CV-Vero-docx,mechanical engineering Vietnam 1998,2026-09-19 08:33:14
458559758,Michael Shen: Engineering Professional Resume,https://www.scribd.com/document/458559758/Michael-Shen,mechanical engineering Vietnam 1998,2026-09-19 08:33:14
458808288,Program Management & Sourcing Expert Resume,https://www.scribd.com/document/458808288/0-2-pdf,mechanical engineering Vietnam 1998,2026-09-19 08:33:14
459301204,Mechanical Engineering Resume of Johnnedel Somooc,https://www.scribd.com/document/459301204/Engr-JohnnyResume,mechanical engineering Vietnam 1998,2026-09-19 08:33:14
459915953,Depot Engineer Recruitment for MRT Project,https://www.scribd.com/document/459915953/12-Depot-Engineer-JD,mechanical engineering Vietnam 1998,2026-09-19 08:33:14
461553774,VIETNAM Ceramics 2018 e Brochure PDF,https://www.scribd.com/document/461553774/VIETNAM-Ceramics-2018-e-Brochure-pdf,mechanical engineering Vietnam 1998,2026-09-19 08:33:14
461764588,JR J. Ariate: Mechanical Engineering Profile,https://www.scribd.com/document/461764588/bee-2,mechanical engineering Vietnam 1998,2026-09-19 08:33:14
462961264,In Memoriam: Prof. Nilmar Janbu,https://www.scribd.com/document/462961264/Prof-Nilmar-Janbu,mechanical engineering Vietnam 1998,2026-09-19 08:33:14
463205870,Mechanical Engineering Career Overview,https://www.scribd.com/document/463205870/CV-JOKO-SETYO-PURNOMO,mechanical engineering Vietnam 1998,2026-09-19 08:33:14
465423653,Toyota 2rz Engine Wiring Diagram,https://www.scribd.com/document/465423653/Toyota-2rz-Engine-Wiring-Diagram,mechanical engineering Vietnam 1998,2026-09-19 08:33:14
469166270,Mechanical Engineering Student CV,https://www.scribd.com/document/469166270/my-cv-Eng,mechanical engineering Vietnam 1998,2026-09-19 08:33:14
469167176,Ahmed Nouira: Mechanical Engineering Profile,https://www.scribd.com/document/469167176/my-cv-eng-pdp-2,mechanical engineering Vietnam 1998,2026-09-19 08:33:14
469204830,Mechanical Engineer Resume Overview,https://www.scribd.com/document/469204830/Resume,mechanical engineering Vietnam 1998,2026-09-19 08:33:14
469204894,Mechanical Engineer Resume Summary,https://www.scribd.com/document/469204894/KANI-converted,mechanical engineering Vietnam 1998,2026-09-19 08:33:14
469205123,Mechanical Engineer Resume Overview,https://www.scribd.com/document/469205123/MEP,mechanical engineering Vietnam 1998,2026-09-19 08:33:14
469205463,Mechanical Engineer Resume Summary,https://www.scribd.com/document/469205463/KANI-J-K-1,mechanical engineering Vietnam 1998,2026-09-19 08:33:14
469763836,"Threaded Joints in Steam Piping - Pipelines, Piping and Fluid Mechanics Engineering - Eng-Tips",https://www.scribd.com/document/469763836/Threaded-joints-in-steam-piping-Pipelines-Piping-and-Fluid-Mechanics-engineering-Eng-Tips,mechanical engineering Vietnam 1998,2026-09-19 08:33:14
469772236,Nguyễn Thành Lễ - Engineering Profile,https://www.scribd.com/document/469772236/CV-Nguyenthanhle-1,mechanical engineering Vietnam 1998,2026-09-19 08:33:14
469774409,Mechanical Engineer Resume Overview,https://www.scribd.com/document/469774409/KANI,mechanical engineering Vietnam 1998,2026-09-19 08:33:14
469774455,Mechanical Engineer Resume of Kani Naina,https://www.scribd.com/document/469774455/KANI-jk,mechanical engineering Vietnam 1998,2026-09-19 08:33:14
469885670,Mechanical Engineer Resume Summary,https://www.scribd.com/document/469885670/YUVARAJ-resume,mechanical engineering Vietnam 1998,2026-09-19 08:33:14
470513591,ASME Student Membership Application Form,https://www.scribd.com/document/470513591/242-pdf,mechanical engineering Vietnam 1998,2026-09-19 08:33:14
470791075,Rajalakshmi Engineering College Fees Structure,https://www.scribd.com/document/470791075/Rajalakshmi-Engineering-College,mechanical engineering Vietnam 1998,2026-09-19 08:33:14
471397377,MIET Engineering College Details,https://www.scribd.com/document/471397377/M-I-E-T-pdf,mechanical engineering Vietnam 1998,2026-09-19 08:33:14
471569192,Katihar Engineering College Exam Report,https://www.scribd.com/document/471569192/RICHA-EXAM,mechanical engineering Vietnam 1998,2026-09-19 08:33:14
472071487,Brazed Aluminum Heat Exchanger Standards,https://www.scribd.com/document/472071487/Exxon-IP-6-3-1-Brazed-Aluminum-Heat-Exchangers,mechanical engineering Vietnam 1998,2026-09-19 08:33:14
472640638,Khalid Zia - IIT Kanpur Mechanical Engineering Profile,https://www.scribd.com/document/472640638/resume-zia,mechanical engineering Vietnam 1998,2026-09-19 08:33:14
473215454,ME 311: Fluid Mechanics Overview,https://www.scribd.com/document/473215454/ME-311-Fluid-Mechanics,mechanical engineering Vietnam 1998,2026-09-19 08:33:14
474039906,Nissan QG16DE Engine Overview,https://www.scribd.com/document/474039906/qg16de-engine,mechanical engineering Vietnam 1998,2026-09-19 08:33:14
474425795,ICRDME 2020: Virtual Mechanical Engineering Conference,https://www.scribd.com/document/474425795/ICRDME-2020-27-08-2020,mechanical engineering Vietnam 1998,2026-09-19 08:33:14
474534146,Mechanical Engineering Student Profile,https://www.scribd.com/document/474534146/Resume,mechanical engineering Vietnam 1998,2026-09-19 08:33:14
474534148,Mechanical Engineering Student Profile,https://www.scribd.com/document/474534148/Resume,mechanical engineering Vietnam 1998,2026-09-19 08:33:14
474978848,Mechanical Engineer Profile: Rizky Akbar,https://www.scribd.com/document/474978848/CV-Muhammad-Alvit,mechanical engineering Vietnam 1998,2026-09-19 08:33:14
475967861,"Cold Stack Design - Pipelines, Piping and Fluid Mechanics Engineering - Eng-Tips PDF",https://www.scribd.com/document/475967861/cold-stack-design-Pipelines-Piping-and-Fluid-Mechanics-engineering-Eng-Tips-pdf,mechanical engineering Vietnam 1998,2026-09-19 08:33:14
477035009,Dharmesh D. Patel: Mechanical Engineer Profile,https://www.scribd.com/document/477035009/Dharmesh-cv-Pdf-pdf,mechanical engineering Vietnam 1998,2026-09-19 08:33:14
477150436,Mechanics of Composite Materials Course,https://www.scribd.com/document/477150436/MECHANICS-OF-COMPOSITE-MATERIALS-docx,mechanical engineering Vietnam 1998,2026-09-19 08:33:14
477543094,Mechanical Engineering Graduate Resume,https://www.scribd.com/document/477543094/res-ung-mod,mechanical engineering Vietnam 1998,2026-09-19 08:33:14
478562665,Mechanical Engineering Resume,https://www.scribd.com/document/478562665/downloadmela-com-BE-Mechanical-Fresher-Resume1,mechanical engineering Vietnam 1998,2026-09-19 08:33:14
478765380,Beryllium Copper Specifications,https://www.scribd.com/document/478765380/SCRIBD-3,mechanical engineering Vietnam 1998,2026-09-19 08:33:14
479355053,Eko Afrizal: Mechanical Engineer Profile,https://www.scribd.com/document/479355053/0,mechanical engineering Vietnam 1998,2026-09-19 08:33:14
481593540,Mulyo Setiawan's Professional CV,https://www.scribd.com/document/481593540/CV-Mulyo-Setiawan-2018-3,mechanical engineering Vietnam 1998,2026-09-19 08:33:14
481894736,Architect Profile: Phạm Trường Long,https://www.scribd.com/document/481894736/20180509083222-contact,mechanical engineering Vietnam 1998,2026-09-19 08:33:14
481894738,Senior Mechanical Drafter Profile,https://www.scribd.com/document/481894738/20180330123244-aurecon-contact,mechanical engineering Vietnam 1998,2026-09-19 08:33:14
482056167,Mechanical Engineer Resume Summary,https://www.scribd.com/document/482056167/6-GAJJALAKONDA-PRUDHVI-RAJ,mechanical engineering Vietnam 1998,2026-09-19 08:33:14
482056170,Sumith Reddy's Mechanical Engineering CV,https://www.scribd.com/document/482056170/7-Sumith-Reddy,mechanical engineering Vietnam 1998,2026-09-19 08:33:14
482218904,Profile of Assoc. Prof. Vorapot Khompis,https://www.scribd.com/document/482218904/EngResumeEn-doc,mechanical engineering Vietnam 1998,2026-09-19 08:33:14
48420890,Senior Mechanical Engineer Profile,https://www.scribd.com/document/48420890/Resume-Om-Prakash-08-02-11,mechanical engineering Vietnam 1998,2026-09-19 08:33:14
484731663,Mechanical Engineering Student Profile,https://www.scribd.com/document/484731663/Personal-Information-2-docx,mechanical engineering Vietnam 1998,2026-09-19 08:33:14
485457021,Mechanical Engineer Resume - Muhammad Alvit,https://www.scribd.com/document/485457021/CV-Muhammad-Alvit-Rizky-Akbar,mechanical engineering Vietnam 1998,2026-09-19 08:33:14
486741091,Oil & Gas Engineering Expertise Summary,https://www.scribd.com/document/486741091/CV-Rubi-Herwin-2020,mechanical engineering Vietnam 1998,2026-09-19 08:33:14
487627292,Global Training Services Overview,https://www.scribd.com/document/487627292/Global-Training,mechanical engineering Vietnam 1998,2026-09-19 08:33:14
487636244,Cost-Effective Natural Ventilation for Lecture Theatres,https://www.scribd.com/document/487636244/2606-pdf,mechanical engineering Vietnam 1998,2026-09-19 08:33:14
488050245,Affidavit for Mechanical Engineering Registration,https://www.scribd.com/document/488050245/ACD-BME-04-Affidavit-M-Engg,mechanical engineering Vietnam 1998,2026-09-19 08:33:14
488433642,Experienced Maintenance Technician Resume,https://www.scribd.com/document/488433642/Ronald-W-Taylor-Resume-2020-docx,mechanical engineering Vietnam 1998,2026-09-19 08:33:14
488537865,Mechanical Engineering Equipment Certification,https://www.scribd.com/document/488537865/Equipments-Handled-UPDATED-RMC-ART,mechanical engineering Vietnam 1998,2026-09-19 08:33:14
489115234,Dr. Ismail Hdaib: Mechanical Engineer Profile,https://www.scribd.com/document/489115234/Dr-Ismail-Hdaib-29-11-2020-pdf,mechanical engineering Vietnam 1998,2026-09-19 08:33:14
489758926,Ronit Patil's Mechanical Engineering CV,https://www.scribd.com/document/489758926/Resume-2,mechanical engineering Vietnam 1998,2026-09-19 08:33:14
490272797,Pump Footing Design - Pump Engineering - Eng-Tips,https://www.scribd.com/document/490272797/Pump-Footing-design-Pump-engineering-Eng-Tips,mechanical engineering Vietnam 1998,2026-09-19 08:33:14
490577431,Mechanical Engineering Lab Course Details,https://www.scribd.com/document/490577431/MEL-ME-F215,mechanical engineering Vietnam 1998,2026-09-19 08:33:14
490926262,Saif Aziz: Mechanical Engineer Resume,https://www.scribd.com/document/490926262/CV,mechanical engineering Vietnam 1998,2026-09-19 08:33:14
491740167,Geotechnical Webinar on MRT Project,https://www.scribd.com/document/491740167/2-Half-Days-Webinar-on-Geotechnical-Experience-in-1st-Klang-Valley-MRT-Project,mechanical engineering Vietnam 1998,2026-09-19 08:33:14
493200243,Mechanical Engineer with 25+ Years Experience,https://www.scribd.com/document/493200243/Luis-Acosta-Resume-Aug2020,mechanical engineering Vietnam 1998,2026-09-19 08:33:14
493461775,Mechanical Compliance Notice Form,https://www.scribd.com/document/493461775/Notice-of-Mechanical-Requirements,mechanical engineering Vietnam 1998,2026-09-19 08:33:14
494490830,DGCA Approved AME Graduate Seeking Extension,https://www.scribd.com/document/494490830/extensioncv,mechanical engineering Vietnam 1998,2026-09-19 08:33:14
495190620,1996-1998 Honda Civic ECU Wiring Guide,https://www.scribd.com/document/495190620/1996-1998-Honda-Civic-ECU-Diagram,mechanical engineering Vietnam 1998,2026-09-19 08:33:14
495200668,Design - Safety Factors For Hydraulic Cyl... S - Fluid Power Engineering - Eng-Tips,https://www.scribd.com/document/495200668/Design-Safety-Factors-for-Hydraulic-Cyl-s-Fluid-Power-engineering-Eng-Tips,mechanical engineering Vietnam 1998,2026-09-19 08:33:14
496307175,Fresher Data Engineer - FPT Software - Pham-Huu-Vinh PDF,https://www.scribd.com/document/496307175/Fresher-Data-Engineer-FPT-Software-Pham-Huu-Vinh-pdf,mechanical engineering Vietnam 1998,2026-09-19 08:33:14
496317815,Engineering Books PDF Collection,https://www.scribd.com/document/496317815/Engineering-Books-Collection-4,mechanical engineering Vietnam 1998,2026-09-19 08:33:14
49682928,Vietnam's 2011 Investment Outlook,https://www.scribd.com/document/49682928/Newsletter-9-En,mechanical engineering Vietnam 1998,2026-09-19 08:33:14
499980102,Barrier Fluid Pressure Calculation - Pump Engineering - Eng-Tips,https://www.scribd.com/document/499980102/Barrier-Fluid-Pressure-Calculation-Pump-engineering-Eng-Tips,mechanical engineering Vietnam 1998,2026-09-19 08:33:14
502730421,Mechanical Engineering Resume of Siddharth,https://www.scribd.com/document/502730421/SIddharth-Resume,mechanical engineering Vietnam 1998,2026-09-19 08:33:14
503935759,GE8292 Engineering Mechanics Syllabus,https://www.scribd.com/document/503935759/1-Ge-8292-Engg-Mechanics-Syllabus,mechanical engineering Vietnam 1998,2026-09-19 08:33:14
505256223,BREATHER VALVES - AUTOMATIC BLEEDER VALVES - API STANDARD 2000 - Storage Tank Engineering - Eng-Tips,https://www.scribd.com/document/505256223/BREATHER-VALVES-AUTOMATIC-BLEEDER-VALVES-API-STANDARD-2000-Storage-tank-engineering-Eng-Tips,mechanical engineering Vietnam 1998,2026-09-19 08:33:14
505256315,Eng-Tips Engineering Forums,https://www.scribd.com/document/505256315/Eng-Tips-Engineering-Forums,mechanical engineering Vietnam 1998,2026-09-19 08:33:14
505395748,2004 Buyer Contact List,https://www.scribd.com/document/505395748/buyer-2004-iime,mechanical engineering Vietnam 1998,2026-09-19 08:33:14
510763890,Mechanical Engineer Career Objective,https://www.scribd.com/document/510763890/doc-02072019150155,mechanical engineering Vietnam 1998,2026-09-19 08:33:14
510858065,"Metric Bolts For ANSI Flanges - Pipelines, Piping and Fluid Mechanics Engineering - Eng-Tips",https://www.scribd.com/document/510858065/Metric-bolts-for-ANSI-flanges-Pipelines-Piping-and-Fluid-Mechanics-engineering-Eng-Tips,mechanical engineering Vietnam 1998,2026-09-19 08:33:14
511283246,Thiagarajar College of Engineering Info,https://www.scribd.com/document/511283246/ThiagarajaCollegeofEngineering,mechanical engineering Vietnam 1998,2026-09-19 08:33:14
511283319,SACS M.A.V.M.M Engineering College Info,https://www.scribd.com/document/511283319/SACS-M-A-V-M-M-Engineering-College,mechanical engineering Vietnam 1998,2026-09-19 08:33:14
512021841,ME8792 Power Plant Engineering Syllabus,https://www.scribd.com/document/512021841/ME8792-Power-Plant-Engineering-Syllabus,mechanical engineering Vietnam 1998,2026-09-19 08:33:14
512954676,Roof Plan for Sports Center Project,https://www.scribd.com/document/512954676/O-ATC5382012SRLL04C0-LOWER-ROOF-LAYOUT-04-121222,mechanical engineering Vietnam 1998,2026-09-19 08:33:14
513295726,Heating Coil in A Tank - Heat Transfer & Thermodynamics Engineering - Eng-Tips,https://www.scribd.com/document/513295726/Heating-Coil-in-a-Tank-Heat-Transfer-Thermodynamics-Engineering-Eng-Tips,mechanical engineering Vietnam 1998,2026-09-19 08:33:14
515308521,Gen Z - The Breakthrough Generation or The Disruptors,https://www.scribd.com/document/515308521/Gen-Z-the-breakthrough-generation-or-the-disruptors,mechanical engineering Vietnam 1998,2026-09-19 08:33:14
515411300,Project Manager - Renewable Energy Role,https://www.scribd.com/document/515411300/Project-Manager-1,mechanical engineering Vietnam 1998,2026-09-19 08:33:14
515411538,Wind Project Engineer Position in Ireland,https://www.scribd.com/document/515411538/Manpower-Wind-Project-Engineer,mechanical engineering Vietnam 1998,2026-09-19 08:33:14
516027244,Mechanical Engineer with QA Experience,https://www.scribd.com/document/516027244/AMAL-MM-W-1,mechanical engineering Vietnam 1998,2026-09-19 08:33:14
517803634,Mechanical Engineer with SAP MM Expertise,https://www.scribd.com/document/517803634/Mohammed-Afroz-1,mechanical engineering Vietnam 1998,2026-09-19 08:33:14
518145009,Mechanical Engineering Student Projects,https://www.scribd.com/document/518145009/resume-updated-4,mechanical engineering Vietnam 1998,2026-09-19 08:33:14
518771729,USJ-R Mechanical Engineering Curriculum,https://www.scribd.com/document/518771729/ME-Prospectus-1998-1999-Rtf,mechanical engineering Vietnam 1998,2026-09-19 08:33:14
519145697,GKS-U University Track 2021 Results,https://www.scribd.com/document/519145697/2021-GKS-U-University-Track-Associate-Degree,mechanical engineering Vietnam 1998,2026-09-19 08:33:14
520346247,Mechanical Engineer in Marathahalli,https://www.scribd.com/document/520346247/ms123-2,mechanical engineering Vietnam 1998,2026-09-19 08:33:14
520517154,Song Hau 1 Power Plant Site Test Report,https://www.scribd.com/document/520517154/Contents,mechanical engineering Vietnam 1998,2026-09-19 08:33:14
520971536,RA 8495: Mechanical Engineering Act,https://www.scribd.com/document/520971536/RA-8495-an-Act-Regulating-the-Practice-of-Mechanical-Engineering-in-the-Philippines,mechanical engineering Vietnam 1998,2026-09-19 08:33:14
52119905,Senior Embedded Systems Engineer CV,https://www.scribd.com/document/52119905/myCV-v1-0,mechanical engineering Vietnam 1998,2026-09-19 08:33:14
521947711,Vinod C. Aralimatti: BMSCE Mechanical Lead,https://www.scribd.com/document/521947711/Vinod-C-Profile,mechanical engineering Vietnam 1998,2026-09-19 08:33:14
521991760,Engineering Drawing Course Outline ME101,https://www.scribd.com/document/521991760/ME101-COURSE-OUTLINE-2014,mechanical engineering Vietnam 1998,2026-09-19 08:33:14
523289951,Viet Dang's CV and Career Goals,https://www.scribd.com/document/523289951/CV-Thin-Viet-Dang,mechanical engineering Vietnam 1998,2026-09-19 08:33:14
523300144,Usman Ameen: Mechanical Technician Profile,https://www.scribd.com/document/523300144/M-usman-Ameen,mechanical engineering Vietnam 1998,2026-09-19 08:33:14
524753050,ISO and DIN Standards Overview,https://www.scribd.com/document/524753050/document,mechanical engineering Vietnam 1998,2026-09-19 08:33:14
525371887,Certified Plant Mechanic Exam Guide,https://www.scribd.com/document/525371887/Questionnaire-RA-8495,mechanical engineering Vietnam 1998,2026-09-19 08:33:14
528625650,2019 GKS Associate Degree Results,https://www.scribd.com/document/528625650/2019-GKS-Associate-Degree-Program-Successful-Candidates-Final-result,mechanical engineering Vietnam 1998,2026-09-19 08:33:14
531832156,Mechanical Engineer with Teaching Experience,https://www.scribd.com/document/531832156/Haseeb-CV,mechanical engineering Vietnam 1998,2026-09-19 08:33:14
533097933,Quang Trach I Project Management Chart,https://www.scribd.com/document/533097933/2-%C4%90inh-kem-2-S%C6%A1-%C4%91%E1%BB%93-t%E1%BB%95-ch%E1%BB%A9c-EVN-QT1,mechanical engineering Vietnam 1998,2026-09-19 08:33:14
533107900,EV Engineering Philosophy Overview,https://www.scribd.com/document/533107900/Engineering-Philosophy-of-Electric-Vehicles,mechanical engineering Vietnam 1998,2026-09-19 08:33:14
53348337,Shant Kumar Yadav's CV: Mechanical Expertise,https://www.scribd.com/document/53348337/shant-cv,mechanical engineering Vietnam 1998,2026-09-19 08:33:14
533493709,Mechatronics Engineer Resume - Khaled Aly,https://www.scribd.com/document/533493709/Cv-Eng-khaled-abdelgawad,mechanical engineering Vietnam 1998,2026-09-19 08:33:14
535991256,Automotive Engineering CV of Dong Dac Tuan,https://www.scribd.com/document/535991256/CV-Automotive-Engineering-Supervisor,mechanical engineering Vietnam 1998,2026-09-19 08:33:14
536492585,Maintenance Planner Overview in Malang,https://www.scribd.com/document/536492585/Green-and-Grey-Systems-Analyst-Technology-Resume-2,mechanical engineering Vietnam 1998,2026-09-19 08:33:14
538578729,Internship Records of Mechanical Students,https://www.scribd.com/document/538578729/internship-latest-list-new-updated,mechanical engineering Vietnam 1998,2026-09-19 08:33:14
539263030,Mechanical Supervisor at PT Matahari,https://www.scribd.com/document/539263030/Satria-Candra-Ernawan,mechanical engineering Vietnam 1998,2026-09-19 08:33:14
541084506,Manufacturing Engineering II Course Outline,https://www.scribd.com/document/541084506/Manufacturing-Engineering-2-Course-Outline,mechanical engineering Vietnam 1998,2026-09-19 08:33:14
541678921,Cylinder Elbow Steam Engine Assembly,https://www.scribd.com/document/541678921/01-Cylinder-Elbow-Steam-Engine,mechanical engineering Vietnam 1998,2026-09-19 08:33:14
542634618,Exhibitors at Hanoi Parts Procurement 2021,https://www.scribd.com/document/542634618/SIE2021-Exhibitors-List,mechanical engineering Vietnam 1998,2026-09-19 08:33:14
542952467,Reliability and Probabilistic Mechanics Overview,https://www.scribd.com/document/542952467/Probabilistic-Mechanics-and-Reliability-Engineering,mechanical engineering Vietnam 1998,2026-09-19 08:33:14
54418488,Required Aero Engineering Books,https://www.scribd.com/document/54418488/Aero-Books,mechanical engineering Vietnam 1998,2026-09-19 08:33:14
544233075,Mechanical Supervisor at PT Matahari,https://www.scribd.com/document/544233075/Satria-Candra-Ernawan,mechanical engineering Vietnam 1998,2026-09-19 08:33:14
544247205,Project Cost Overview and Details,https://www.scribd.com/document/544247205/List-of-Projects-With-Costs,mechanical engineering Vietnam 1998,2026-09-19 08:33:14
545308768,Mechanical Engineer CV: Walter Valentino,https://www.scribd.com/document/545308768/Walter-s-Resume,mechanical engineering Vietnam 1998,2026-09-19 08:33:14
54551682,Mechatronics Engineer Resume of Ho Thanh Hung,https://www.scribd.com/document/54551682/cv-Hung,mechanical engineering Vietnam 1998,2026-09-19 08:33:14
54563731,Mark Regan's Professional Résumé,https://www.scribd.com/document/54563731/Resume-Mark-Regan,mechanical engineering Vietnam 1998,2026-09-19 08:33:14
5470773,Civil Engineering & Network Engineering Resume,https://www.scribd.com/document/5470773/resume-mahlumarnold,mechanical engineering Vietnam 1998,2026-09-19 08:33:14
547603909,MAT 2560: Carbon Steel Properties,https://www.scribd.com/document/547603909/2560,mechanical engineering Vietnam 1998,2026-09-19 08:33:14
552207930,Alwin Mathew: Mechanical Engineer CV,https://www.scribd.com/document/552207930/Alwin-Mathew-2ddf4f10b35fe6273cd4c28667f88f6d-cb5e1e82,mechanical engineering Vietnam 1998,2026-09-19 08:33:14
55254253,Advances in Dew Point Control Technologies,https://www.scribd.com/document/55254253/Dew-Point-Control-Technologies,mechanical engineering Vietnam 1998,2026-09-19 08:33:14
554071840,Mechanical Engineer Resume - Asem Ahmed,https://www.scribd.com/document/554071840/%D8%A7%D9%84%D8%B3%D9%88%D9%81%D9%88,mechanical engineering Vietnam 1998,2026-09-19 08:33:14
55410701,Muhammad Imtiaz: Engineering Career Overview,https://www.scribd.com/document/55410701/CV,mechanical engineering Vietnam 1998,2026-09-19 08:33:14
555268456,Mechanical Engineer Resume - Girish,https://www.scribd.com/document/555268456/LATERAL-GIRISH-BE-MECH-2-5-YEARS-PURCHASE,mechanical engineering Vietnam 1998,2026-09-19 08:33:14
555994958,Varun Krishnan: Mechanical Engineer CV,https://www.scribd.com/document/555994958/Varun-krishnan-K-CV-1-1,mechanical engineering Vietnam 1998,2026-09-19 08:33:14
556461231,Kamlesh Gupta's Mechanical Engineering Resume,https://www.scribd.com/document/556461231/KAMLESH-gupta-RESUME-2021-NEW,mechanical engineering Vietnam 1998,2026-09-19 08:33:14
557003298,Mechanical Engineering Resume of K. Ramarao Setty,https://www.scribd.com/document/557003298/Rama-Rao-resume,mechanical engineering Vietnam 1998,2026-09-19 08:33:14
557225484,Refrigeration Engineering Course Syllabus,https://www.scribd.com/document/557225484/ME-413-Refrigeration-Engineering,mechanical engineering Vietnam 1998,2026-09-19 08:33:14
557793350,"Engineering Geology: K. Pan, Z.H. Yuan, C.F. Zhao, J.H. Tong, Z.X. Yang",https://www.scribd.com/document/557793350/Engineering-Geology,mechanical engineering Vietnam 1998,2026-09-19 08:33:14
558700821,Importance of Mechanical Engineering Regulation,https://www.scribd.com/document/558700821/me-laws,mechanical engineering Vietnam 1998,2026-09-19 08:33:14
559516713,Mechanical Engineering Exam Insights,https://www.scribd.com/document/559516713/ME-LAWS-SA-FLORES,mechanical engineering Vietnam 1998,2026-09-19 08:33:14
56176434,Mechanical Engineer Resume: Ray Coffman,https://www.scribd.com/document/56176434/Project-Engineer-Facilities-Engineer-Mechanical-Engineer-Main,mechanical engineering Vietnam 1998,2026-09-19 08:33:14
56203238,Aerospace Design Engineer Expertise,https://www.scribd.com/document/56203238/Aerospace-or-mechanical-design-engineer,mechanical engineering Vietnam 1998,2026-09-19 08:33:14
56260694,Project Manager Resume: Oil & Gas Expert,https://www.scribd.com/document/56260694/Untitled,mechanical engineering Vietnam 1998,2026-09-19 08:33:14
56448889,Nguyen Minh Luat CV Overview,https://www.scribd.com/document/56448889/Louis-s-CV,mechanical engineering Vietnam 1998,2026-09-19 08:33:14
56497099,Automotive Engineering and Management Expert,https://www.scribd.com/document/56497099/Program-manager-or-Engineering-manager-or-Quality-manager,mechanical engineering Vietnam 1998,2026-09-19 08:33:14
56546380,Powertrain CAD Engineering Expertise,https://www.scribd.com/document/56546380/CAD-Engineer,mechanical engineering Vietnam 1998,2026-09-19 08:33:14
565567293,MSc Mechanical Engineering Results 2021,https://www.scribd.com/document/565567293/RESULT-SHEET-OF-SPRING-SEMESTERa-2021-EXAMINATIONS-IN-MSc-MECHANICAL-ENGINEERING,mechanical engineering Vietnam 1998,2026-09-19 08:33:14
56686884,Power Plant Engineering Resume,https://www.scribd.com/document/56686884/Project-Engineer-or-Project-Manager-or-Owners-Engineer,mechanical engineering Vietnam 1998,2026-09-19 08:33:14
56706947,Mechanical CAD Design Expertise,https://www.scribd.com/document/56706947/Mechanical-CAD-Designer,mechanical engineering Vietnam 1998,2026-09-19 08:33:14
56867816,Mechanical Engineer,https://www.scribd.com/document/56867816/Mechanical-Engineer,mechanical engineering Vietnam 1998,2026-09-19 08:33:14
56966733,Mechanical Maintenance Specialist Resume,https://www.scribd.com/document/56966733/maintenance-tech-mechanical-maintenance-specialist-maintenance,mechanical engineering Vietnam 1998,2026-09-19 08:33:14
56973799,Most Economical Tank Height Diameter Ratio,https://www.scribd.com/document/56973799/Most-Economical-Tank-Height-Diameter-Ratio,mechanical engineering Vietnam 1998,2026-09-19 08:33:14
56996938,Mechanical Engineering Project Management,https://www.scribd.com/document/56996938/Mechanical-engineer-or-project-engineer-or-project-manager-or-en,mechanical engineering Vietnam 1998,2026-09-19 08:33:14
571154975,Mechanical Engineer CV: Dwi Joe Lee Owam,https://www.scribd.com/document/571154975/CV-JOBS-EXPERIENCE,mechanical engineering Vietnam 1998,2026-09-19 08:33:14
571841175,Automobile Engineering Lecture Plan,https://www.scribd.com/document/571841175/Lecture-Plan-for-Automobile-Engineering-Dr-L-A-Kumaraswamidhas-2021-2022-W,mechanical engineering Vietnam 1998,2026-09-19 08:33:14
57256962,A 182 Vs A479,https://www.scribd.com/document/57256962/A-182-vs-A479,mechanical engineering Vietnam 1998,2026-09-19 08:33:14
57961130,Chevron E-Procurement Overview,https://www.scribd.com/document/57961130/Resume-2011,mechanical engineering Vietnam 1998,2026-09-19 08:33:14
580478712,Profile of K. Venkata Ratnam,https://www.scribd.com/document/580478712/KV-Ratnam-CV,mechanical engineering Vietnam 1998,2026-09-19 08:33:14
581684089,Kedar Gajanan Kale's Graduate Application,https://www.scribd.com/document/581684089/sop1,mechanical engineering Vietnam 1998,2026-09-19 08:33:14
582777044,Design Engineer Resume: Raushan Pandey,https://www.scribd.com/document/582777044/Resume-30-03-22-1,mechanical engineering Vietnam 1998,2026-09-19 08:33:14
58448460,Mechanical Engineeer Resume,https://www.scribd.com/document/58448460,mechanical engineering Vietnam 1998,2026-09-19 08:33:14
585897247,Mechanical Engineer Career Profile,https://www.scribd.com/document/585897247/amul-Desai-resume-August-new,mechanical engineering Vietnam 1998,2026-09-19 08:33:14
586644122,Overview of Minh Q. Dinh's Research,https://www.scribd.com/document/586644122/CV-Minh-Dinh,mechanical engineering Vietnam 1998,2026-09-19 08:33:14
587441906,Master Drawing List for Long Phu 1 Project,https://www.scribd.com/document/587441906/LP1-CRT-10RJE-PM-M9-IDX-0001-A,mechanical engineering Vietnam 1998,2026-09-19 08:33:14
593451344,Ayman Maagouz: Mechanical Design Engineer,https://www.scribd.com/document/593451344/Maagouz-Ayman-CV,mechanical engineering Vietnam 1998,2026-09-19 08:33:14
59421537,Japan Port Consultants Overview,https://www.scribd.com/document/59421537/Japan-Port-Consultants,mechanical engineering Vietnam 1998,2026-09-19 08:33:14
598539580,Petrochemical Engineering CV - Duhok,https://www.scribd.com/document/598539580/160950848795457,mechanical engineering Vietnam 1998,2026-09-19 08:33:14
599846234,Intro to Chemical Engineering Course Outline,https://www.scribd.com/document/599846234/CLIR15-INTRODUCTION-TO-CHEMICAL-ENGINEERING,mechanical engineering Vietnam 1998,2026-09-19 08:33:14
60031445,2009 Mechanical Drive Engine Orders Report,https://www.scribd.com/document/60031445/Mechanical-Drive-Order,mechanical engineering Vietnam 1998,2026-09-19 08:33:14
604539295,Mechanical Engineer with QA Expertise,https://www.scribd.com/document/604539295/Sharath-I-Fresher-mechanical-Experienced,mechanical engineering Vietnam 1998,2026-09-19 08:33:14
60456263,Mechanical Engineer Experience Overview,https://www.scribd.com/document/60456263/CV-Tran-Hoai-Van,mechanical engineering Vietnam 1998,2026-09-19 08:33:14
606709230,2000 Tacoma 5VZ-FE Engine Specs,https://www.scribd.com/document/606709230/Engine-Mechanical-Service-Data,mechanical engineering Vietnam 1998,2026-09-19 08:33:14
60850143,12th Science and Technology Conference,https://www.scribd.com/document/60850143/Call-for-Papers-2011-Overseas,mechanical engineering Vietnam 1998,2026-09-19 08:33:14
612170889,Alok Kumar Gond - Mechanical Engineer CV,https://www.scribd.com/document/612170889/Alok-Kumar-Gond,mechanical engineering Vietnam 1998,2026-09-19 08:33:14
614347531,Mechanical Engineering Exam Trends in PH,https://www.scribd.com/document/614347531/Intro-Case-Study,mechanical engineering Vietnam 1998,2026-09-19 08:33:14
618731685,Praful Deshmukh: Mechanical Engineer CV,https://www.scribd.com/document/618731685/praful-deshmukh-word,mechanical engineering Vietnam 1998,2026-09-19 08:33:14
618874573,Mechanical Engineer Resume UAE,https://www.scribd.com/document/618874573/Mechanical-Engineer-3,mechanical engineering Vietnam 1998,2026-09-19 08:33:14
620256400,Jollibee: Marketing Development Case Study,https://www.scribd.com/document/620256400/Jollibee-Case-Study,mechanical engineering Vietnam 1998,2026-09-19 08:33:14
62222550,Mechanical Engineer Resume Summary,https://www.scribd.com/document/62222550/Rakesh-Resume-4,mechanical engineering Vietnam 1998,2026-09-19 08:33:14
623550406,Entry Level Mechanical Engineer Resume,https://www.scribd.com/document/623550406/entry-level-mechanical-engineer-resume-example,mechanical engineering Vietnam 1998,2026-09-19 08:33:14
625227926,Mechanics II en,https://www.scribd.com/document/625227926/mechanics-ii-en,mechanical engineering Vietnam 1998,2026-09-19 08:33:14
625738087,Maher Taher's Engineering Profile,https://www.scribd.com/document/625738087/Maher-Taher,mechanical engineering Vietnam 1998,2026-09-19 08:33:14
628014056,VMO Holdings: BIM Modeler Recruitment,https://www.scribd.com/document/628014056/26-JD-CAD-%C4%90%E1%BB%92NG-NAI,mechanical engineering Vietnam 1998,2026-09-19 08:33:14
628723558,Tool Engineering Course Syllabus MP405,https://www.scribd.com/document/628723558/MP405-Tool-Engineering,mechanical engineering Vietnam 1998,2026-09-19 08:33:14
629090890,Mechanical Engineer Resume,https://www.scribd.com/document/629090890/Rahul-Bhattacharya,mechanical engineering Vietnam 1998,2026-09-19 08:33:14
630573886,Overview of RA 8495: PSME Law Articles 1-3,https://www.scribd.com/document/630573886/ME-LAW,mechanical engineering Vietnam 1998,2026-09-19 08:33:14
632468471,Introduction to Geotechnical Engineering,https://www.scribd.com/document/632468471/Introduction-to-Geotechnical-Engineering,mechanical engineering Vietnam 1998,2026-09-19 08:33:14
632499738,Victora Industries Quality Engineer Resume,https://www.scribd.com/document/632499738/AMAN-resume-foreword,mechanical engineering Vietnam 1998,2026-09-19 08:33:14
635157412,Chemical Engineer with Project Management Expertise,https://www.scribd.com/document/635157412/CV-Nguy%E1%BB%85n-Song-Qu%E1%BB%B3nh-Thy,mechanical engineering Vietnam 1998,2026-09-19 08:33:14
635765620,Mechanical Engineer Profile: Yakub Abdulsalam,https://www.scribd.com/document/635765620/abdulsalam-ykk-abj-newcv,mechanical engineering Vietnam 1998,2026-09-19 08:33:14
635951197,Mechanical Engineering Student Profile,https://www.scribd.com/document/635951197/FSGDFGR,mechanical engineering Vietnam 1998,2026-09-19 08:33:14
636839459,Manufacturing Engineering I Syllabus,https://www.scribd.com/document/636839459/MEng3181-Manufacturing-Engineering-I-course-outline-103309,mechanical engineering Vietnam 1998,2026-09-19 08:33:14
638647477,Uddhav Palve: Mechanical Engineering Lecturer Profile,https://www.scribd.com/document/638647477/6068ee9b-0e0e-4f84-a04b-f31e8882320d,mechanical engineering Vietnam 1998,2026-09-19 08:33:14
639064058,PLASTECH VIETNAM 2023 Exhibition Details,https://www.scribd.com/document/639064058/download-brochure-2023-179267,mechanical engineering Vietnam 1998,2026-09-19 08:33:14
640404454,3D Mechanical Engine Design Guide,https://www.scribd.com/document/640404454/Cylinder-Elbow-Steam-Engine,mechanical engineering Vietnam 1998,2026-09-19 08:33:14
64231094,Mechanical Engineer Resume of M. Sreenivasa Rao,https://www.scribd.com/document/64231094/Resume,mechanical engineering Vietnam 1998,2026-09-19 08:33:14
643868297,TCVN 1450:1998 Hollow Clay Brick Standards,https://www.scribd.com/document/643868297/TCVN-1450-1998-hollow-clay-bricks,mechanical engineering Vietnam 1998,2026-09-19 08:33:14
643868309,Specifications for Solid Clay Bricks,https://www.scribd.com/document/643868309/TCVN-1451-1998-Solid-clay-bricks,mechanical engineering Vietnam 1998,2026-09-19 08:33:14
647182005,Trilen 9500G40,https://www.scribd.com/document/647182005/TRILEN-9500G40,mechanical engineering Vietnam 1998,2026-09-19 08:33:14
64898842,Mechanical Engineer Resume Summary,https://www.scribd.com/document/64898842/Kishore-Resume,mechanical engineering Vietnam 1998,2026-09-19 08:33:14
649294096,Kapil Maurya's Mechanical Engineer Resume,https://www.scribd.com/document/649294096/kp-resume,mechanical engineering Vietnam 1998,2026-09-19 08:33:14
64930531,Christopher Rous - Mechanical Engineering CV,https://www.scribd.com/document/64930531/Christopher,mechanical engineering Vietnam 1998,2026-09-19 08:33:14
649610832,Mechanical Engineering Materials Guide,https://www.scribd.com/document/649610832/23278865867,mechanical engineering Vietnam 1998,2026-09-19 08:33:14
649862523,Mechanical Engineer Resume: Sri Harish,https://www.scribd.com/document/649862523/ResumeSriharishYetcherla,mechanical engineering Vietnam 1998,2026-09-19 08:33:14
650742590,Ethan Peel: Experienced Teacher Profile,https://www.scribd.com/document/650742590/CV-Ethan-Peel-Maths-Teacher,mechanical engineering Vietnam 1998,2026-09-19 08:33:14
652221878,Mechanical Engineering CAD Detail Drawing,https://www.scribd.com/document/652221878/Gambar-Kerja-Asc-Vietnam-2014,mechanical engineering Vietnam 1998,2026-09-19 08:33:14
653878703,Neil Karlo Lozano Updated Resume 2022,https://www.scribd.com/document/653878703/Neil-Karlo-Lozano-Updated-Resume-2022,mechanical engineering Vietnam 1998,2026-09-19 08:33:14
65918411,ME 563 Mechanical Vibrations Syllabus,https://www.scribd.com/document/65918411/Me-563-Syllabus,mechanical engineering Vietnam 1998,2026-09-19 08:33:14
659355560,Mechanical Engineering Graduate Profile,https://www.scribd.com/document/659355560/Saran-JP-Resume,mechanical engineering Vietnam 1998,2026-09-19 08:33:14
659478494,Mechanical Engineering Graduate Profile,https://www.scribd.com/document/659478494/Magsino-John-Paul,mechanical engineering Vietnam 1998,2026-09-19 08:33:14
659510684,Nissan Patrol Y61 Dimensions Guide,https://www.scribd.com/document/659510684/fwd,mechanical engineering Vietnam 1998,2026-09-19 08:33:14
659877252,Marvin Kobe C. Fernandez: Engineering Profile,https://www.scribd.com/document/659877252/FREE-COPY-Marvin-Kobe-Fernandez-Resume,mechanical engineering Vietnam 1998,2026-09-19 08:33:14
661271795,Mechanical Engineering Resume of Md. Tipu,https://www.scribd.com/document/661271795/CV-of-TIPU-Copy,mechanical engineering Vietnam 1998,2026-09-19 08:33:14
662700066,Mechanical Engineer Portfolio Overview,https://www.scribd.com/document/662700066/smutek-resume,mechanical engineering Vietnam 1998,2026-09-19 08:33:14
663333727,Mechanical Engineer Resume - Han Htun Naing,https://www.scribd.com/document/663333727/Mg-Han-Htun-Naing-docx-Cv-Uptate,mechanical engineering Vietnam 1998,2026-09-19 08:33:14
665294241,Nam Con Son 2 Pipeline Overview,https://www.scribd.com/document/665294241/Nam-Con-Son-Pipeline-2-Vietnam-2011-2014-EN,mechanical engineering Vietnam 1998,2026-09-19 08:33:14
669687148,Recruitment Qualifications for Railway Engineers,https://www.scribd.com/document/669687148/CIVIL-RBENo-92-Revised,mechanical engineering Vietnam 1998,2026-09-19 08:33:14
670727843,Kurdish Mechanical Engineer CV,https://www.scribd.com/document/670727843/Rekan-s-Cv,mechanical engineering Vietnam 1998,2026-09-19 08:33:14
671620939,Ahmed Siddiq: Aspiring Mechanical Engineer,https://www.scribd.com/document/671620939/Siddiq-Resume-2023ME,mechanical engineering Vietnam 1998,2026-09-19 08:33:14
673133773,Sudhir Tiwari - Mechanical Engineer Resume,https://www.scribd.com/document/673133773/Sudhir-s-Resume,mechanical engineering Vietnam 1998,2026-09-19 08:33:14
675224734,CV of Bui Thai Ha: Mechanical Engineer,https://www.scribd.com/document/675224734/CV-Bui-Thai-Ha,mechanical engineering Vietnam 1998,2026-09-19 08:33:14
684664138,"Stainless Steel To Carbon Steel Flanges - Pipelines, Piping and Fluid Mechanics Engineering - Eng-Tips",https://www.scribd.com/document/684664138/Stainless-Steel-to-Carbon-Steel-Flanges-Pipelines-Piping-and-Fluid-Mechanics-Engineering-Eng-Tips,mechanical engineering Vietnam 1998,2026-09-19 08:33:14
685544942,Assistant Engineer - Electrical Role,https://www.scribd.com/document/685544942/Assistant-Engineer-Electrical-EDC-AES,mechanical engineering Vietnam 1998,2026-09-19 08:33:14
686451466,HLC - TLC - DR - 12 - S0088 - Balcony Lifting Frame - Typical Balcony,https://www.scribd.com/document/686451466/HLC-TLC-DR-12-S0088-BALCONY-LIFTING-FRAME-TYPICAL-BALCONY-1,mechanical engineering Vietnam 1998,2026-09-19 08:33:14
690215804,"Fullstack Developer in Hanoi, Vietnam",https://www.scribd.com/document/690215804/Bui-Thanh-Tung-TopCV-vn-021123-223334,mechanical engineering Vietnam 1998,2026-09-19 08:33:14
6924515,Application for Graduate Mechanical Engineer,https://www.scribd.com/document/6924515/Lama-Ran,mechanical engineering Vietnam 1998,2026-09-19 08:33:14
694016471,Omani Mechanical Engineer Resume,https://www.scribd.com/document/694016471/Curriculum-Vitae,mechanical engineering Vietnam 1998,2026-09-19 08:33:14
700333627,HVAC Engineer Mohammed Fawad's Profile,https://www.scribd.com/document/700333627/Md-Fawad-Resum,mechanical engineering Vietnam 1998,2026-09-19 08:33:14
701331399,Types of Mechanical Linkages Explained,https://www.scribd.com/document/701331399/linkage-mechanisms-types,mechanical engineering Vietnam 1998,2026-09-19 08:33:14
701988794,Mechanical Engineer with Drilling Expertise,https://www.scribd.com/document/701988794/Ahmed-Saeed-Naji-Abdo-CV,mechanical engineering Vietnam 1998,2026-09-19 08:33:14
702516443,Mechanical Engineer Profile: AAST Graduate,https://www.scribd.com/document/702516443/Ahmed-Khalifa,mechanical engineering Vietnam 1998,2026-09-19 08:33:14
702521195,SAE J271-1998 Scan,https://www.scribd.com/document/702521195/SAE-J271-1998-scan,mechanical engineering Vietnam 1998,2026-09-19 08:33:14
703273138,Mechanical Engineer - Goshu Kohsan,https://www.scribd.com/document/703273138/Mechanical-Engineer-Goshu-Kohsan,mechanical engineering Vietnam 1998,2026-09-19 08:33:14
703733520,Mechanical Engineer Resume Summary,https://www.scribd.com/document/703733520/Manzoor-Resume,mechanical engineering Vietnam 1998,2026-09-19 08:33:14
704856100,Mechanical Design Engineer Resume,https://www.scribd.com/document/704856100/Shubham-Sharma-CV-Exp-2-Yrs-1-8,mechanical engineering Vietnam 1998,2026-09-19 08:33:14
708772242,Nextern Vietnam Internship Program 2023,https://www.scribd.com/document/708772242/Nextern-Summer-Internship-Program-2023-1,mechanical engineering Vietnam 1998,2026-09-19 08:33:14
710165604,Mechanical Engineer CV - Karrar Al-Bseerawi,https://www.scribd.com/document/710165604/Untitled-CV-1,mechanical engineering Vietnam 1998,2026-09-19 08:33:14
711755522,Mechanical Engineer Resume - Bareilly,https://www.scribd.com/document/711755522/ARCHIT-s-Resume-2,mechanical engineering Vietnam 1998,2026-09-19 08:33:14
713507735,Condition Monitoring in Engineering,https://www.scribd.com/document/713507735/condition-monitoring-wikipedia,mechanical engineering Vietnam 1998,2026-09-19 08:33:14
716312358,Mechanical Drafting Specialist Resume,https://www.scribd.com/document/716312358/Black-and-White-Corporate-Resume-2,mechanical engineering Vietnam 1998,2026-09-19 08:33:14
716532023,Mechanical Engineering Law Overview,https://www.scribd.com/document/716532023/Assignment-3-RA-8495,mechanical engineering Vietnam 1998,2026-09-19 08:33:14
717057930,Mechanical Engineer Profile and Experience,https://www.scribd.com/document/717057930/RESUME-SAMPLE,mechanical engineering Vietnam 1998,2026-09-19 08:33:14
7216315,Petrolimex Gas: LPG Import and Distribution,https://www.scribd.com/document/7216315/PGC-en,mechanical engineering Vietnam 1998,2026-09-19 08:33:14
722007901,Mechanical Technician Resume,https://www.scribd.com/document/722007901/Resume,mechanical engineering Vietnam 1998,2026-09-19 08:33:14
722337487,Mechanical Power Engineer Profile,https://www.scribd.com/document/722337487/Hossam-Sholkamy-c,mechanical engineering Vietnam 1998,2026-09-19 08:33:14
723484429,Muhammad Alam - Mechanical Engineer CV,https://www.scribd.com/document/723484429/CsC-CV,mechanical engineering Vietnam 1998,2026-09-19 08:33:14
72409779,Mechanical Technician Resume Sample,https://www.scribd.com/document/72409779/Mechanical-Technician-Resume,mechanical engineering Vietnam 1998,2026-09-19 08:33:14
725779000,Modern Numerical Methods in Engineering,https://www.scribd.com/document/725779000/1687814019887255,mechanical engineering Vietnam 1998,2026-09-19 08:33:14
728576590,AS 4100-1998 Steel Design Guidelines,https://www.scribd.com/document/728576590/AS-4100-1998-Steel-Structures-6,mechanical engineering Vietnam 1998,2026-09-19 08:33:14
729194452,Mechanical Engineering Design Syllabus,https://www.scribd.com/document/729194452/syllabus,mechanical engineering Vietnam 1998,2026-09-19 08:33:14
729619888,Mechanical Engineer CV - Md. Mahedi Hasan Monir,https://www.scribd.com/document/729619888/Cv-of-Mehedi-Hasan-Monir-2-1-1,mechanical engineering Vietnam 1998,2026-09-19 08:33:14
730710953,Tuyển Dụng Kỹ Thuật Viên Cơ Khí,https://www.scribd.com/document/730710953/80475-YASNA-VIETNAM-CO-LTD-Mechanical-Design-Engineering-Service-Nhan-vien-t,mechanical engineering Vietnam 1998,2026-09-19 08:33:14
732153602,Jinko Solar Tiger Pro 7RL4-TV Specs,https://www.scribd.com/document/732153602/TR-JKM555-575M-7RL4-TV-F1-EN-10122020,mechanical engineering Vietnam 1998,2026-09-19 08:33:14
733941839,Uttam Verma's Engineering CV,https://www.scribd.com/document/733941839/UTTAM-VERMA-DIPLOMA-MECHANICAL,mechanical engineering Vietnam 1998,2026-09-19 08:33:14
735522847,Mechanical Engineer Ali Shahzad's Resume,https://www.scribd.com/document/735522847/Ali-Goraya,mechanical engineering Vietnam 1998,2026-09-19 08:33:14
736529262,CV for Honda Vietnam Application,https://www.scribd.com/document/736529262/Honda-Vietnam-CV-Quang-Hieu-Dau,mechanical engineering Vietnam 1998,2026-09-19 08:33:14
736820979,ICMR-2024: Materials & Reliability Conference,https://www.scribd.com/document/736820979/ICMR-2024,mechanical engineering Vietnam 1998,2026-09-19 08:33:14
73715562,Anuj Arora: Mechanical Engineer Profile,https://www.scribd.com/document/73715562/CV1,mechanical engineering Vietnam 1998,2026-09-19 08:33:14
737585902,Mechanical Design Engineer Position,https://www.scribd.com/document/737585902/JD-Mechanical-Design-Engineer,mechanical engineering Vietnam 1998,2026-09-19 08:33:14
737593835,Senior Process Engineer Job Description,https://www.scribd.com/document/737593835/SENIOR-PROCESS-ENGINEER-1,mechanical engineering Vietnam 1998,2026-09-19 08:33:14
738118580,Cultural Lifestyle in Vietnam's Vocational Education,https://www.scribd.com/document/738118580/7rajar,mechanical engineering Vietnam 1998,2026-09-19 08:33:14
74215146,Mechanical Engineer Resume: Herbert Spence,https://www.scribd.com/document/74215146/RESUME-Herbert-Spence,mechanical engineering Vietnam 1998,2026-09-19 08:33:14
743429062,Vietnam Cement Market Trends 2023,https://www.scribd.com/document/743429062/Vietnamese-cement-market-outlook,mechanical engineering Vietnam 1998,2026-09-19 08:33:14
746054781,Piping Engineer Vacancies at Organo Vietnam,https://www.scribd.com/document/746054781/Organo-GEC-2024-Job-description-Piping-Engineer,mechanical engineering Vietnam 1998,2026-09-19 08:33:14
746236317,Process Engineer Job Description at Coherent,https://www.scribd.com/document/746236317/Coherent-Corp-Job-Description-Process-Engineering,mechanical engineering Vietnam 1998,2026-09-19 08:33:14
749320704,Balaji Murthy: Mechanical Engineer CV,https://www.scribd.com/document/749320704/07-Balaji-Mechanical,mechanical engineering Vietnam 1998,2026-09-19 08:33:14
75006465,"GPIB Connector Size, and IEEE488 Pinout and Signal Names",https://www.scribd.com/document/75006465/GPIB-Connector-Size-And-IEEE488-Pinout-and-Signal-Names,mechanical engineering Vietnam 1998,2026-09-19 08:33:14
755480162,Mechatronic Engineer CV and Profile,https://www.scribd.com/document/755480162/Curriculum-Vitae,mechanical engineering Vietnam 1998,2026-09-19 08:33:14
759036814,Mechanical Engineer Resume of Tanay Shah,https://www.scribd.com/document/759036814/06-CV,mechanical engineering Vietnam 1998,2026-09-19 08:33:14
766060185,Vuong Duc Son SMT,https://www.scribd.com/document/766060185/Vuong-Duc-Son-SMT,mechanical engineering Vietnam 1998,2026-09-19 08:33:14
76872992,Tack Welds in ASTM A516 Grade 70 Steel,https://www.scribd.com/document/76872992/Astm-a516-Grade-70-Steel,mechanical engineering Vietnam 1998,2026-09-19 08:33:14
770210924,Mohamed Abdo (Mechanical Engineer) CV,https://www.scribd.com/document/770210924/Mohamed-Abdo-Mechanical-Engineer-cv,mechanical engineering Vietnam 1998,2026-09-19 08:33:14
770716947,SCRG - Mechanical PDE JD,https://www.scribd.com/document/770716947/SCRG-Mechanical-PDE-JD,mechanical engineering Vietnam 1998,2026-09-19 08:33:14
770857899,Engineerring Materials,https://www.scribd.com/document/770857899/engineerring-materials,mechanical engineering Vietnam 1998,2026-09-19 08:33:14
780169814,CV - Nguyen Hoang Vu - Senior Mechanical Engineer - Sep2024,https://www.scribd.com/document/780169814/CV-Nguyen-Hoang-Vu-Senior-Mechanical-Engineer-Sep2024,mechanical engineering Vietnam 1998,2026-09-19 08:33:14
780169906,Vo Ngoc Dat Kha - Mechanical Engineer,https://www.scribd.com/document/780169906/Vo-Ngoc-Dat-Kha-Mechanical-Engineer,mechanical engineering Vietnam 1998,2026-09-19 08:33:14
78152825,Mechanical Engineer Fresher Resume,https://www.scribd.com/document/78152825/KUFRE-ESSIEN-CV,mechanical engineering Vietnam 1998,2026-09-19 08:33:14
782302859,Large Scale Mechanical Models Dynamics,https://www.scribd.com/document/782302859/Dynamics-of-Large-Scale-Mechanical-Models-Using-Multilevel-Substructuring-Request-PDF,mechanical engineering Vietnam 1998,2026-09-19 08:33:14
782328747,Violations of Mechanical Engineering Law,https://www.scribd.com/document/782328747/Final-Answer-Act-2,mechanical engineering Vietnam 1998,2026-09-19 08:33:14
78418959,Mechanical HVAC Design & Drafting Expertise,https://www.scribd.com/document/78418959,mechanical engineering Vietnam 1998,2026-09-19 08:33:14
78439963,HVAC Draftsman Experience Overview,https://www.scribd.com/document/78439963,mechanical engineering Vietnam 1998,2026-09-19 08:33:14
78449060,SMT Process Engineer Resume Overview,https://www.scribd.com/document/78449060,mechanical engineering Vietnam 1998,2026-09-19 08:33:14
78456179,"HVAC-R Service Experience in Berlin, WI",https://www.scribd.com/document/78456179/H-V-A-C-R-Service-Technician,mechanical engineering Vietnam 1998,2026-09-19 08:33:14
785546076,Mechanical Symbols and Legend Guide,https://www.scribd.com/document/785546076/WSP-CN-ME-DWG-50001,mechanical engineering Vietnam 1998,2026-09-19 08:33:14
785609822,Kavinda Dilshan: Mechanical Engineer Profile,https://www.scribd.com/document/785609822/KAVINDA-DILSHAN-1,mechanical engineering Vietnam 1998,2026-09-19 08:33:14
785648624,Hydroelastic Analysis of Floating Plates,https://www.scribd.com/document/785648624/Th%E1%BB%B1c-hanh-LATEX-1,mechanical engineering Vietnam 1998,2026-09-19 08:33:14
78588554,Mechanical Design Expertise Overview,https://www.scribd.com/document/78588554/Design-Engineer-or-Mechanical-Designer-or-E-M-Designer-or-PDM-or,mechanical engineering Vietnam 1998,2026-09-19 08:33:14
787772719,Mechanical Engineer CV and Skills,https://www.scribd.com/document/787772719/Mudasar-ali-2,mechanical engineering Vietnam 1998,2026-09-19 08:33:14
78791620,Facilities & Maintenance Manager CV,https://www.scribd.com/document/78791620/Engineering-Maintenance-Manager-in-Miami-FL-Resume-L-Carey-Lively,mechanical engineering Vietnam 1998,2026-09-19 08:33:14
788693268,Mechanical Engineering Graduate Resume,https://www.scribd.com/document/788693268/GESER-RESUME,mechanical engineering Vietnam 1998,2026-09-19 08:33:14
788701053,Typhoon Yagi's Economic Impact on Vietnam,https://www.scribd.com/document/788701053/The-Impact-of-Typhoon-Yagi-on-Vietnam-s-Economy,mechanical engineering Vietnam 1998,2026-09-19 08:33:14
790769172,Mechanical CAD Engineer Resume,https://www.scribd.com/document/790769172/CV-of-Tarunkumar-Panchal-3-1-1,mechanical engineering Vietnam 1998,2026-09-19 08:33:14
795733869,Basement Stormwater & Wastewater Layout,https://www.scribd.com/document/795733869/N18-STORM-WATER-PIPE-241104,mechanical engineering Vietnam 1998,2026-09-19 08:33:14
796498588,Mechanical Power Engineer Resume,https://www.scribd.com/document/796498588/Mohammed-Attif-Ibrahem-CV-1-2-1-1-1-1,mechanical engineering Vietnam 1998,2026-09-19 08:33:14
798037771,Mechanical Engineering Job Seeker Resume,https://www.scribd.com/document/798037771/sonu-kumar-mahto,mechanical engineering Vietnam 1998,2026-09-19 08:33:14
79852478,Curtis Barlowe: Senior Hardware Engineer,https://www.scribd.com/document/79852478,mechanical engineering Vietnam 1998,2026-09-19 08:33:14
799962579,Hải Nam Pump Equipment List,https://www.scribd.com/document/799962579/HAINAM,mechanical engineering Vietnam 1998,2026-09-19 08:33:14
800455240,Packing Plant Engineer Resume,https://www.scribd.com/document/800455240/Packing-plant,mechanical engineering Vietnam 1998,2026-09-19 08:33:14
800730023,Mechanical Properties of Chemical-Soaked FRP,https://www.scribd.com/document/800730023/Estimation-of-Mechanical-Properties-of-Fiber-Glass-Reinforced-Composites-Soaked-with-Different-Chemicals,mechanical engineering Vietnam 1998,2026-09-19 08:33:14
803697705,Mechanical Engineer Resume of Ramnath R,https://www.scribd.com/document/803697705/Ramnath-Rajamohan-Resume,mechanical engineering Vietnam 1998,2026-09-19 08:33:14
80464349,METU Mechanical Engineering Curriculum,https://www.scribd.com/document/80464349/Curriculum-Vitae,mechanical engineering Vietnam 1998,2026-09-19 08:33:14
807134585,Nonholonomic Mechanics and Control Insights,https://www.scribd.com/document/807134585/Nonholonomic-Mechanics-and-Control-Book-Review,mechanical engineering Vietnam 1998,2026-09-19 08:33:14
807612743,2025 Internship Letter To Universities - Zarubezhneft EP Vietnam,https://www.scribd.com/document/807612743/2025-Internship-Letter-to-Universities-Zarubezhneft-EP-Vietnam,mechanical engineering Vietnam 1998,2026-09-19 08:33:14
808995209,Mechanical Power Engineer Profile,https://www.scribd.com/document/808995209/cv,mechanical engineering Vietnam 1998,2026-09-19 08:33:14
809777172,Senior Process Engineer Job in Jakarta,https://www.scribd.com/document/809777172/JD-Senior-Process-Engineer-Indonesia-Rev4-1,mechanical engineering Vietnam 1998,2026-09-19 08:33:14
811871271,Mechanical Design Engineer Profile,https://www.scribd.com/document/811871271/AlbinSkariah-Sr-Design-Engineer-India-24,mechanical engineering Vietnam 1998,2026-09-19 08:33:14
813135544,Swagelok Vietnam Rental Services Overview,https://www.scribd.com/document/813135544/Swagelok-Vietnam-rental-brochure-no-price-Sep-24,mechanical engineering Vietnam 1998,2026-09-19 08:33:14
813549831,Automation Engineer Position at Adecco,https://www.scribd.com/document/813549831/Adecco-VN-JD-Automation-Engineer-Bac-Ninh-0208,mechanical engineering Vietnam 1998,2026-09-19 08:33:14
813998690,Mechanical Engineering Graduate Resume,https://www.scribd.com/document/813998690/Naukri-RajArunDalvi-0y-6m-BE-Mechanical,mechanical engineering Vietnam 1998,2026-09-19 08:33:14
815113076,SUS304 Mechanical Seal Specifications,https://www.scribd.com/document/815113076/Inline-static,mechanical engineering Vietnam 1998,2026-09-19 08:33:14
815181751,Sales Engineer Profile at VNTECHCO,https://www.scribd.com/document/815181751/CV-SALE-ENGINEER-LUONG-VAN-TUAN,mechanical engineering Vietnam 1998,2026-09-19 08:33:14
815654115,Ashwin Pawar: Mechanical Engineer Profile,https://www.scribd.com/document/815654115/ASHWIN-PAWAR-Resume,mechanical engineering Vietnam 1998,2026-09-19 08:33:14
815938503,Industrial Automation Companies in Ireland,https://www.scribd.com/document/815938503/Ireland-Companies-List-industrial-automation,mechanical engineering Vietnam 1998,2026-09-19 08:33:14
816061272,Part Engineering Analyst Position at Adecco,https://www.scribd.com/document/816061272/Adecco-VN-JD-Part-Engineering-Analyst,mechanical engineering Vietnam 1998,2026-09-19 08:33:14
81736567,Sample Mechanical Engineer Resume,https://www.scribd.com/document/81736567/SampleResume-MechanicalEng2,mechanical engineering Vietnam 1998,2026-09-19 08:33:14
817770191,Aop1-0109 - Partition Wall - M1,https://www.scribd.com/document/817770191/AOP1-0109-PARTITION-WALL-M1,mechanical engineering Vietnam 1998,2026-09-19 08:33:14
817785815,Mechanical Engineer CV for ADB Projects,https://www.scribd.com/document/817785815/CV-Format-for-ADB-WB-2,mechanical engineering Vietnam 1998,2026-09-19 08:33:14
817815318,Building Energy Modeling Engineer Role,https://www.scribd.com/document/817815318/2023-TERAO-Energy-Modeler-Engineer-V3,mechanical engineering Vietnam 1998,2026-09-19 08:33:14
818239852,Senior AME Component Engineer Role,https://www.scribd.com/document/818239852/JD-Senior-AME-Component-Engineer-Phu-Tho,mechanical engineering Vietnam 1998,2026-09-19 08:33:14
818714595,Murad Alblooshi: Mechanical Engineer Profile,https://www.scribd.com/document/818714595/Professional-CV-Resume,mechanical engineering Vietnam 1998,2026-09-19 08:33:14
822998122,Mechanical Engineer Mohammed Jarallah,https://www.scribd.com/document/822998122/69148017-794b-43d4-8e8d-b714adf2f71d,mechanical engineering Vietnam 1998,2026-09-19 08:33:14
823790038,NCHU Spring 2025 International Admissions,https://www.scribd.com/document/823790038/Admitted-2025-Spring-Semester-NCHU,mechanical engineering Vietnam 1998,2026-09-19 08:33:14
825859410,Mechanical Engineer Resume - Patil Aditya,https://www.scribd.com/document/825859410/Aditya-R-Patil,mechanical engineering Vietnam 1998,2026-09-19 08:33:14
826337966,AI in Mechanical Engineering Course,https://www.scribd.com/document/826337966/BMEE407L-ARTIFICIAL-INTELLIGENCE-TH-1-0-70-BMEE407L-ARTIFICIAL-INTELLIGENCE-TH-1-0-70-BMEE407L,mechanical engineering Vietnam 1998,2026-09-19 08:33:14
826370987,Mechanical Technician Resume Nigeria,https://www.scribd.com/document/826370987/Aliyu-Mohammed-Ustaz-Cv-1259883306000,mechanical engineering Vietnam 1998,2026-09-19 08:33:14
826535173,Mechanical Engineering CV of M. Rohith,https://www.scribd.com/document/826535173/M-ROHITH-Dec-2023-2,mechanical engineering Vietnam 1998,2026-09-19 08:33:14
828441819,Mechanical Engineer with Design Expertise,https://www.scribd.com/document/828441819/Edwan-Mohammad-CV,mechanical engineering Vietnam 1998,2026-09-19 08:33:14
828441832,Mechanical Engineer with HVAC Expertise,https://www.scribd.com/document/828441832/Edwan-Mohammad-CV,mechanical engineering Vietnam 1998,2026-09-19 08:33:14
828603212,Future Prospects of Dung's Sons,https://www.scribd.com/document/828603212/Thayer-the-Future-of-Nguyen-Tan-Dung-s-Two-Sons,mechanical engineering Vietnam 1998,2026-09-19 08:33:14
829267821,Philippine Mechanical Engineering Act Overview,https://www.scribd.com/document/829267821/ME-Laws-Analysis-of-the-Law,mechanical engineering Vietnam 1998,2026-09-19 08:33:14
831646175,MEE Mechanical Electrical Engineering Overview,https://www.scribd.com/document/831646175/ABB-mini-data,mechanical engineering Vietnam 1998,2026-09-19 08:33:14
831996132,Punit Raghuvanshi: Mechanical Engineer Profile,https://www.scribd.com/document/831996132/Punit-Raghuvanshi-Resume,mechanical engineering Vietnam 1998,2026-09-19 08:33:14
83333070,Plastics Engineering Resources Overview,https://www.scribd.com/document/83333070/Plastics-Engineering,mechanical engineering Vietnam 1998,2026-09-19 08:33:14
834173828,Monash University Engineering Programs,https://www.scribd.com/document/834173828/uni20,mechanical engineering Vietnam 1998,2026-09-19 08:33:14
834564161,Dr. Paul Olivier: Waste Innovation Expert,https://www.scribd.com/document/834564161/201208-Paul-Olivier-Bio,mechanical engineering Vietnam 1998,2026-09-19 08:33:14
836013886,Mechanical Engineer CV - Ziad Azzam,https://www.scribd.com/document/836013886/Project-Manager,mechanical engineering Vietnam 1998,2026-09-19 08:33:14
837111418,Hridoy Mahamud's Mechanical Engineering Resume,https://www.scribd.com/document/837111418/HRIDOY-MAHAMUD,mechanical engineering Vietnam 1998,2026-09-19 08:33:14
837178703,Electrical Engineer Roles at VinRobotics,https://www.scribd.com/document/837178703/VR-JD-electrical-engineer,mechanical engineering Vietnam 1998,2026-09-19 08:33:14
839093395,Mechanical Engineer Resume with Testing Skills,https://www.scribd.com/document/839093395/He-Ma-Sundar-Resume-2,mechanical engineering Vietnam 1998,2026-09-19 08:33:14
840487135,Marine System Engineer Job Description,https://www.scribd.com/document/840487135/Engineer-EDC-Marine-System-1-1,mechanical engineering Vietnam 1998,2026-09-19 08:33:14
840543928,Floor Plan for PBG Townhouse Project,https://www.scribd.com/document/840543928/PBG-TOWNHOUSE-PILOT-STR-markup,mechanical engineering Vietnam 1998,2026-09-19 08:33:14
843290884,Pankaj Joshi: Utility Engineer Profile,https://www.scribd.com/document/843290884/Pankaj-Joshi-Resume-utility-engineer,mechanical engineering Vietnam 1998,2026-09-19 08:33:14
844730539,Mechanical Engineering Resume,https://www.scribd.com/document/844730539/Moorthi-K-CV-2022-June,mechanical engineering Vietnam 1998,2026-09-19 08:33:14
845261603,Mechanical Engineering Co-op Resume,https://www.scribd.com/document/845261603/HungDoResume,mechanical engineering Vietnam 1998,2026-09-19 08:33:14
845595375,Mechanical Engineer Resume Summary,https://www.scribd.com/document/845595375/Praveen-G-CV,mechanical engineering Vietnam 1998,2026-09-19 08:33:14
846688451,Pablo Bustamante: Engineering Portfolio 2025,https://www.scribd.com/document/846688451/CV-Pablo-Bustamante-Bernucci-2025-1,mechanical engineering Vietnam 1998,2026-09-19 08:33:14
847778919,Royal Australian Engineers Overview,https://www.scribd.com/document/847778919/Royal-Australian-Engineers-Wikipedia,mechanical engineering Vietnam 1998,2026-09-19 08:33:14
848687940,Jeypore Engineering 3rd Semester Results,https://www.scribd.com/document/848687940/padam,mechanical engineering Vietnam 1998,2026-09-19 08:33:14
849073843,MEP Engineer Profile: DANG TRAN DUY DANH,https://www.scribd.com/document/849073843/danh-dang-tran-duy-cv,mechanical engineering Vietnam 1998,2026-09-19 08:33:14
849073902,MEP Engineer Profile: Dang Tran Duy,https://www.scribd.com/document/849073902/CV-DANG-TRAN-DUY-DANH-PLUMBING-ENGINEER,mechanical engineering Vietnam 1998,2026-09-19 08:33:14
849999296,Mechanical Engineer Resume Overview,https://www.scribd.com/document/849999296/Engr-Coleen-Salapantan-Resume,mechanical engineering Vietnam 1998,2026-09-19 08:33:14
851604485,FSO Manager Job Description - Phu Quoc POC,https://www.scribd.com/document/851604485/FSO-Manager,mechanical engineering Vietnam 1998,2026-09-19 08:33:14
851847512,Mechanical Engineer Work Experience Summary,https://www.scribd.com/document/851847512/B%E1%BA%A3n-Sao-C%E1%BB%A7a-Copy-of-Xanh-D%C6%B0%C6%A1ng-Va-%C4%90en-Hi%E1%BB%87n-%C4%90%E1%BA%A1i-S%C6%A1-Y%E1%BA%BFu-L%C3%BD-L%E1%BB%8Bch-2,mechanical engineering Vietnam 1998,2026-09-19 08:33:14
854540344,Mechanical Engineer Resume Summary,https://www.scribd.com/document/854540344/Shubham-s-resume,mechanical engineering Vietnam 1998,2026-09-19 08:33:14
856373981,Luong Van Don's Engineering CV,https://www.scribd.com/document/856373981/Curriculum-Vitae-s-Don-In,mechanical engineering Vietnam 1998,2026-09-19 08:33:14
856510098,Production Engineering Course Outline,https://www.scribd.com/document/856510098/Outline-Production-II-Course-Outline-docx168-1212726418,mechanical engineering Vietnam 1998,2026-09-19 08:33:14
857500629,Mechanical Engineer Resume Overview,https://www.scribd.com/document/857500629/Resume-11-04-2025-05-48-22-pm,mechanical engineering Vietnam 1998,2026-09-19 08:33:14
859033152,Engineering Business & Safety Management Program,https://www.scribd.com/document/859033152/web-international-engineering-business-safety-management-flysheet,mechanical engineering Vietnam 1998,2026-09-19 08:33:14
862068252,Organo Vietnam: Mechanical Design Engineer Role,https://www.scribd.com/document/862068252/118626-ORGANO-VIETNAM-CO-LTD-Mechanical-Design-Engineer-HN-Water-Treatment-2-2,mechanical engineering Vietnam 1998,2026-09-19 08:33:14
86216321,Novellus Careers: Engineering Positions,https://www.scribd.com/document/86216321/Job-Opportunities-in-Q1-2012-NCG-Novellus-Vietnam-Ltd,mechanical engineering Vietnam 1998,2026-09-19 08:33:14
864059519,Mechanical Engineering Manager Profile,https://www.scribd.com/document/864059519/White-and-Gray-Simple-Resume-20250513-230819-0000-1,mechanical engineering Vietnam 1998,2026-09-19 08:33:14
864352231,Bonfiglioli's Growth in Vietnam,https://www.scribd.com/document/864352231/BONFIGLIOLI-VIETNAM,mechanical engineering Vietnam 1998,2026-09-19 08:33:14
867722388,Bachelor of Science in Electrical Engineering,https://www.scribd.com/document/867722388/EE-prospectus-1998-1999,mechanical engineering Vietnam 1998,2026-09-19 08:33:14
867767605,Application for Associate Structural Engineer,https://www.scribd.com/document/867767605/CL-Bagus-Kharisma-Y-NOV-Profab,mechanical engineering Vietnam 1998,2026-09-19 08:33:14
871001780,Mechanical Engineer Resume Overview,https://www.scribd.com/document/871001780/Babinath-Documents-pdf-1,mechanical engineering Vietnam 1998,2026-09-19 08:33:14
871758821,Mechanical Engineer Resume of Babinath,https://www.scribd.com/document/871758821/Babinath-Cv,mechanical engineering Vietnam 1998,2026-09-19 08:33:14
872148135,Jagadeesh G: Mechanical Design Engineer,https://www.scribd.com/document/872148135/Jagadeesh-g-Flowcv-Resume-20250131,mechanical engineering Vietnam 1998,2026-09-19 08:33:14
875476180,Global Oil & Gas Engineering Solutions,https://www.scribd.com/document/875476180/20240102-Rev-0-Oil-and-Gas-Flyer-ES-1,mechanical engineering Vietnam 1998,2026-09-19 08:33:14
875979841,Yashpal Singh Lonia: Mechanical Engineering CV,https://www.scribd.com/document/875979841/DOC-20240316-WA0152,mechanical engineering Vietnam 1998,2026-09-19 08:33:14
87665333,Nguyen Dinh Chien's CV Summary,https://www.scribd.com/document/87665333/Cv-Nguyen-Dinh-Chien-Utehy,mechanical engineering Vietnam 1998,2026-09-19 08:33:14
878340663,Engineering Physics Student CV,https://www.scribd.com/document/878340663/Assignment-03,mechanical engineering Vietnam 1998,2026-09-19 08:33:14
879035052,APA References for ESP in Engineering,https://www.scribd.com/document/879035052/ESP-Mechanical-Engineering-References,mechanical engineering Vietnam 1998,2026-09-19 08:33:14
884016395,Mechanisms and Machine Theory Course,https://www.scribd.com/document/884016395/Ase2003-Mechanisms-And-machine-Theory-Lt-1-0-1-Ase2003-Mechanisms-And-machine-Theory-Lt-1-0-1-Mechanisms-and-Machine-Theory,mechanical engineering Vietnam 1998,2026-09-19 08:33:14
884644789,Suyash Tripathi: Mechanical Engineer Profile,https://www.scribd.com/document/884644789/Suyash-Tripati-Resume,mechanical engineering Vietnam 1998,2026-09-19 08:33:14
884728462,Microwave Engineering by David Pozar,https://www.scribd.com/document/884728462/Microwave-Engineering-David-M-Pozar-4ed-Wiley-2012-006,mechanical engineering Vietnam 1998,2026-09-19 08:33:14
886585551,Resume-Mechanical Engineer-Pham Viet Huy,https://www.scribd.com/document/886585551/Resume-Mechanical-Engineer-Pham-Viet-Huy,mechanical engineering Vietnam 1998,2026-09-19 08:33:14
888544722,Mechanical Engineer with 10+ Years Experience,https://www.scribd.com/document/888544722/Ajay-Kumar-CV,mechanical engineering Vietnam 1998,2026-09-19 08:33:14
890235346,Master’s in Automotive Engineering at Esslingen,https://www.scribd.com/document/890235346/MS-GS-Flyer-Design-Development-Master-08122022-Web,mechanical engineering Vietnam 1998,2026-09-19 08:33:14
890951984,JNTUH Engineering College Data Analysis,https://www.scribd.com/document/890951984/2023-rank-vs-Collge-vs-Branch-2023-watermark-Pages-5,mechanical engineering Vietnam 1998,2026-09-19 08:33:14
892076782,Entry-Level Mechanical Engineer Resume,https://www.scribd.com/document/892076782/Entry-Level-Mechanical-Engineering-Elegant-Resume-Example,mechanical engineering Vietnam 1998,2026-09-19 08:33:14
892297317,Mebin Toms Mathew: Automotive Engineer Profile,https://www.scribd.com/document/892297317/Mebin-Toms-Mathew-Mechanical-Engineer-Automotive-resume,mechanical engineering Vietnam 1998,2026-09-19 08:33:14
892634064,Mechanical Engineering Research Projects,https://www.scribd.com/document/892634064/Fluid-Mechanics-Research-Projects-DFC,mechanical engineering Vietnam 1998,2026-09-19 08:33:14
892831132,Plastech Vietnam 2026 Exhibition Details,https://www.scribd.com/document/892831132/En-Brochure-Plastech2025-Vn,mechanical engineering Vietnam 1998,2026-09-19 08:33:14
895215765,ICESSE'25: Sustainable Engineering Conference,https://www.scribd.com/document/895215765/Flyer-Icesse-25-Kheloui-f-1,mechanical engineering Vietnam 1998,2026-09-19 08:33:14
896258321,Mechanical Engineering Resume Overview,https://www.scribd.com/document/896258321/kamaraj-15-6-2025-01,mechanical engineering Vietnam 1998,2026-09-19 08:33:14
898017626,Mechanical Engineer & Data Analyst Profile,https://www.scribd.com/document/898017626/Muhammad-Ahsan-Abdul-Qadir-s-Resume-Teaching,mechanical engineering Vietnam 1998,2026-09-19 08:33:14
898072326,Internal Hydraulic Dampers for Cables,https://www.scribd.com/document/898072326/Stay-Cable-Systems-Internal-Hydraulic-Damper-IHD-Freyssinet-Technical-DataSheet,mechanical engineering Vietnam 1998,2026-09-19 08:33:14
898620647,Summary of RA 8495: Mechanical Engineering Act,https://www.scribd.com/document/898620647/RA-8495-Article-Summary,mechanical engineering Vietnam 1998,2026-09-19 08:33:14
900578854,Akankhya Patro: Mechanical Engineer Profile,https://www.scribd.com/document/900578854/Resume-Eth-1-Copy,mechanical engineering Vietnam 1998,2026-09-19 08:33:14
900607479,CME380 Automobile Engineering Syllabus,https://www.scribd.com/document/900607479/Automobile-engineering-SYLLABUS,mechanical engineering Vietnam 1998,2026-09-19 08:33:14
900615961,Mechanical Engineer Resume Overview,https://www.scribd.com/document/900615961/CV-Amir-Shoel,mechanical engineering Vietnam 1998,2026-09-19 08:33:14
901769698,Mechanical Engineer Arifuzzaman's Profile,https://www.scribd.com/document/901769698/Md-arifuzzaman-Arif,mechanical engineering Vietnam 1998,2026-09-19 08:33:14
902962923,MEP Mechanical Engineer Resume Summary,https://www.scribd.com/document/902962923/CV-Eng-Ahmed-Nagi-Technical-Office-Site-Engineer,mechanical engineering Vietnam 1998,2026-09-19 08:33:14
905064002,Mechanical Engineer Profile and Skills,https://www.scribd.com/document/905064002/Ahmed-Abd-AL-Azeiz-1-1pdf-Removed,mechanical engineering Vietnam 1998,2026-09-19 08:33:14
905233059,Mechanical Engineer at Transwill Engineering,https://www.scribd.com/document/905233059/Syeddarveshali-CV-Resume,mechanical engineering Vietnam 1998,2026-09-19 08:33:14
906477973,Mechanical Engineer with Project Expertise,https://www.scribd.com/document/906477973/Rizwan-Cv-Mec,mechanical engineering Vietnam 1998,2026-09-19 08:33:14
906682608,Notable Alumni of Mechanical Engineering,https://www.scribd.com/document/906682608/me-alumni,mechanical engineering Vietnam 1998,2026-09-19 08:33:14
907517204,Philippine Mechanical Engineering Laws,https://www.scribd.com/document/907517204/Sample-Rtf,mechanical engineering Vietnam 1998,2026-09-19 08:33:14
907518174,Philippine Mechanical Engineering Laws Quiz,https://www.scribd.com/document/907518174/Sample,mechanical engineering Vietnam 1998,2026-09-19 08:33:14
915061159,Mechanical Engineer Cover Letter,https://www.scribd.com/document/915061159/Cover-Letter,mechanical engineering Vietnam 1998,2026-09-19 08:33:14
915100551,Mechanical Maintenance Engineer Profile,https://www.scribd.com/document/915100551/Parthasarathy-Maintenance-Talent-Affinity,mechanical engineering Vietnam 1998,2026-09-19 08:33:14
91560359,Mechanical Engineering Career Profile,https://www.scribd.com/document/91560359/Resume,mechanical engineering Vietnam 1998,2026-09-19 08:33:14
917117237,Mechanical Engineering Co-op Resume,https://www.scribd.com/document/917117237/General-CV-Resume-BonBon-2025,mechanical engineering Vietnam 1998,2026-09-19 08:33:14
917482675,Mechanical Study for Red Arrows Stadium,https://www.scribd.com/document/917482675/Special-Mechanical-Study-Red-Arrows-Stadium,mechanical engineering Vietnam 1998,2026-09-19 08:33:14
918719782,Vietnam Gas Project Punch List Form,https://www.scribd.com/document/918719782/PL-CVAT-STR-IRN-PMS-SPI-00001-STR-2,mechanical engineering Vietnam 1998,2026-09-19 08:33:14
918878891,Vietnam Export Detention Tariffs,https://www.scribd.com/document/918878891/Vietnam-Demurrage-Detention-Export-Nov2020-1,mechanical engineering Vietnam 1998,2026-09-19 08:33:14
924292291,1998 Suzuki Swift Maintenance Guide,https://www.scribd.com/document/924292291/Suzuki-Swift-1998-Maintenance,mechanical engineering Vietnam 1998,2026-09-19 08:33:14
924575588,Vietnam Airlines Overview and History,https://www.scribd.com/document/924575588/Vietnam-Airlines-Wikipedia,mechanical engineering Vietnam 1998,2026-09-19 08:33:14
92560895,Conveyor Pulley Specifications IS 8531,https://www.scribd.com/document/92560895/8531,mechanical engineering Vietnam 1998,2026-09-19 08:33:14
927256300,Mechatronics Engineering Intern Profile,https://www.scribd.com/document/927256300/Tran-TRung-Duc,mechanical engineering Vietnam 1998,2026-09-19 08:33:14
930456613,Vietnam's Labor Export Brokerage Insights,https://www.scribd.com/document/930456613/Potential-of-Labor-Export-Brokerage-Services-From-Vietnam,mechanical engineering Vietnam 1998,2026-09-19 08:33:14
930696959,Mechanical Engineering Internship Resume,https://www.scribd.com/document/930696959/Cv-nguyen-the-Uy,mechanical engineering Vietnam 1998,2026-09-19 08:33:14
931782082,Mechatronics Engineer Resume of Ahmed Khalifa,https://www.scribd.com/document/931782082/Ahmed-Khalifa-Mechatronics-Engineer-CV,mechanical engineering Vietnam 1998,2026-09-19 08:33:14
935969708,Key Personnel Overview - QJC Company,https://www.scribd.com/document/935969708/Key-Personnel-List-of-the-Company,mechanical engineering Vietnam 1998,2026-09-19 08:33:14
937546223,Mechanical Engineer & Lecturer Profile,https://www.scribd.com/document/937546223/Surya-Resume,mechanical engineering Vietnam 1998,2026-09-19 08:33:14
940630406,Mechanical Design and Engineering Skills,https://www.scribd.com/document/940630406/Vu-Anh-Tuan-Curriculum-Vitae-Mechanical-A4,mechanical engineering Vietnam 1998,2026-09-19 08:33:14
942122135,Brochure Agri Vietnam 2025 - EN,https://www.scribd.com/document/942122135/Brochure-Agri-Vietnam-2025-EN,mechanical engineering Vietnam 1998,2026-09-19 08:33:14
942363045,Mechanical Engineering Fresher Resume,https://www.scribd.com/document/942363045/Ranjith-Resume3-PDF,mechanical engineering Vietnam 1998,2026-09-19 08:33:14
943201180,Sales Manager Services Role in Vietnam,https://www.scribd.com/document/943201180/Sales-Manager-Turbine-Compressor,mechanical engineering Vietnam 1998,2026-09-19 08:33:14
94491467,As 1289.6.4.1-1998 Methods of Testing Soils For Engineering Purposes Soil Strength and Consolidation Tests,https://www.scribd.com/document/94491467/As-1289-6-4-1-1998-Methods-of-Testing-Soils-for-Engineering-Purposes-Soil-Strength-and-Consolidation-Tests,mechanical engineering Vietnam 1998,2026-09-19 08:33:14
94491472,As 1289.6.4.2-1998 Methods of Testing Soils For Engineering Purposes Soil Strength and Consolidation Tests,https://www.scribd.com/document/94491472/As-1289-6-4-2-1998-Methods-of-Testing-Soils-for-Engineering-Purposes-Soil-Strength-and-Consolidation-Tests,mechanical engineering Vietnam 1998,2026-09-19 08:33:14
945848673,Lead Engineer Resume for EPC Projects,https://www.scribd.com/document/945848673/CV-1,mechanical engineering Vietnam 1998,2026-09-19 08:33:14
94762057,Panasonic Vietnam Tuyen Dung,https://www.scribd.com/document/94762057/Panasonic-Vietnam-Tuyen-Dung,mechanical engineering Vietnam 1998,2026-09-19 08:33:14
954891620,Civil Engineer CV: Nguyen Le Hung,https://www.scribd.com/document/954891620/Civil-Engineering-CV,mechanical engineering Vietnam 1998,2026-09-19 08:33:14
95498308,USEP Mechanical Engineering Student Resume,https://www.scribd.com/document/95498308/Resume,mechanical engineering Vietnam 1998,2026-09-19 08:33:14
95537297,Biography of Professor Tran Van Nam,https://www.scribd.com/document/95537297/Professor-Tran-Van-Nam-Brief-Biography,mechanical engineering Vietnam 1998,2026-09-19 08:33:14
959739562,Mechanical Quality Engineer Resume,https://www.scribd.com/document/959739562/Ashish-Ajay-Waingankar-1-1,mechanical engineering Vietnam 1998,2026-09-19 08:33:14
959925564,Mechanical Engineering Graduate Resume,https://www.scribd.com/document/959925564/CV-LE-THANH-T%E1%BB%8ANH,mechanical engineering Vietnam 1998,2026-09-19 08:33:14
961274360,Mechanical Engineer Resume - Jagadeesh Konuru,https://www.scribd.com/document/961274360/Fresher-Mechanical-Engineer-Resume-3,mechanical engineering Vietnam 1998,2026-09-19 08:33:14
962816060,RMIT Vietnam Educator Job Description,https://www.scribd.com/document/962816060/Fulltime-Educator-Jd-Seup,mechanical engineering Vietnam 1998,2026-09-19 08:33:14
962929409,Mechanical Engineering,https://www.scribd.com/document/962929409/Mechanical-engineering,mechanical engineering Vietnam 1998,2026-09-19 08:33:14
963283313,Engineering Design Concepts Course,https://www.scribd.com/document/963283313/U24MEP22-DESIGN-CONCEPTS-IN-ENGINEERING-EASA-COLLEGE,mechanical engineering Vietnam 1998,2026-09-19 08:33:14
967581884,Saif Abdul Hussein's Engineering Profile,https://www.scribd.com/document/967581884/Saif-Abdul-Hussein-Mechanical-Engineer,mechanical engineering Vietnam 1998,2026-09-19 08:33:14
968212163,Mechanical Design Engineer Resume,https://www.scribd.com/document/968212163/AlokeshBarman-5y-0m,mechanical engineering Vietnam 1998,2026-09-19 08:33:14
96939940,Chemical Engineering Textbook List,https://www.scribd.com/document/96939940/Library-Books,mechanical engineering Vietnam 1998,2026-09-19 08:33:14
969690827,Mechanical Engineer Resume - Dhrumil Shah,https://www.scribd.com/document/969690827/Dhrumil-Shah-1,mechanical engineering Vietnam 1998,2026-09-19 08:33:14
971103483,Mechanical Engineer Resume Overview,https://www.scribd.com/document/971103483/Cv-nguyen-Van-Hung,mechanical engineering Vietnam 1998,2026-09-19 08:33:14
972162005,Mechanical Engineering Exam Questions 2024,https://www.scribd.com/document/972162005/END-SEM-2024,mechanical engineering Vietnam 1998,2026-09-19 08:33:14
973900496,Mechanical Engineer with FMCG Experience,https://www.scribd.com/document/973900496/Sudip-Cv-Csl,mechanical engineering Vietnam 1998,2026-09-19 08:33:14
977461757,Sales Engineer Role in Vietnam for Techik,https://www.scribd.com/document/977461757/Techik-Vietnam-Hiring-Demand-Details-updated,mechanical engineering Vietnam 1998,2026-09-19 08:33:14
978346612,Mechanical Engineer Resume Overview,https://www.scribd.com/document/978346612/CV-Muhamad-Yusron,mechanical engineering Vietnam 1998,2026-09-19 08:33:14
980591570,Application Engineering Intern Role,https://www.scribd.com/document/980591570/12-2025-JD-AE-Intern,mechanical engineering Vietnam 1998,2026-09-19 08:33:14
982015823,Mechanical Design Engineer Job Description,https://www.scribd.com/document/982015823/JD-BPVN-Mech-Design-Engineer,mechanical engineering Vietnam 1998,2026-09-19 08:33:14
983378866,Mechanical Engineer Resume for Oil & Gas,https://www.scribd.com/document/983378866/vishwarachayra,mechanical engineering Vietnam 1998,2026-09-19 08:33:14
98381375,Kinematics of Machinery Overview,https://www.scribd.com/document/98381375/Me-2203-Kinematics-of-Machinery-3-1-0-4,mechanical engineering Vietnam 1998,2026-09-19 08:33:14
984180977,Mechanical Engineer with Project Expertise,https://www.scribd.com/document/984180977/Rahul-Tiwari,mechanical engineering Vietnam 1998,2026-09-19 08:33:14
988706558,Organo GEC 2025 JD Mechanical Engineer Senior,https://www.scribd.com/document/988706558/Organo-GEC-2025-JD-Mechanical-Engineer-Senior,mechanical engineering Vietnam 1998,2026-09-19 08:33:14
99554947,Stress Engineering Expertise at Boeing,https://www.scribd.com/document/99554947/Faisal-Zeineddine-Resume,mechanical engineering Vietnam 1998,2026-09-19 08:33:14
99891821,Senior Mechanical Engineer Job Opening,https://www.scribd.com/document/99891821/BD-POC,mechanical engineering Vietnam 1998,2026-09-19 08:33:14
105880948,IBM Corporate Overview and Services,https://www.scribd.com/document/105880948/IBM-Company-Profile,business strategy 1992,2026-09-19 08:43:37
111342394,Senior Marketing & Sales Expert Resume,https://www.scribd.com/document/111342394/Rita-Turkowski-2012,business strategy 1992,2026-09-19 08:43:37
125678258,Gloria Goytia Marketing Resume,https://www.scribd.com/document/125678258/Gloria-M-Goytia-VP-Marketing,business strategy 1992,2026-09-19 08:43:37
128594871,ACI Limited: Company Profile & Vision,https://www.scribd.com/document/128594871/Business-Strategy-ACI-Bangladesh,business strategy 1992,2026-09-19 08:43:37
131183822,Arçelik's Global Expansion Strategy Analysis,https://www.scribd.com/document/131183822/INTERNATIONAL-STRATEGY-QN-doc,business strategy 1992,2026-09-19 08:43:37
131451883,HR Leadership and Strategy in Charlotte,https://www.scribd.com/document/131451883/Human-Resources-Professional-Manager-in-Charlotte-NC-Resume-Annette-McIntyre,business strategy 1992,2026-09-19 08:43:37
133341176,Strategic Human Resource Management Insights,https://www.scribd.com/document/133341176/Strategic-Human-Resource-Management,business strategy 1992,2026-09-19 08:43:37
141153558,HR Executive Profile and Achievements,https://www.scribd.com/document/141153558,business strategy 1992,2026-09-19 08:43:37
141157585,Antony Francis: Logistics Executive Profile,https://www.scribd.com/document/141157585,business strategy 1992,2026-09-19 08:43:37
143959023,IT Business Process Excellence Overview,https://www.scribd.com/document/143959023,business strategy 1992,2026-09-19 08:43:37
149536838,Steinway Brand Strategy Analysis,https://www.scribd.com/document/149536838/Steinway-and-Sons-Case-Study,business strategy 1992,2026-09-19 08:43:37
150863943,Balanced Scorecard for Strategic Management,https://www.scribd.com/document/150863943/Transforming-the-Balanced-Scorecard-From-Performance-Measurement-to-Strategic-ManagementMH,business strategy 1992,2026-09-19 08:43:37
153121687,Examining Law Firm Culture Issues,https://www.scribd.com/document/153121687/Legal-Business-2013,business strategy 1992,2026-09-19 08:43:37
15392927,International Business Director CV,https://www.scribd.com/document/15392927/Business-Director-Resume-CV-Template,business strategy 1992,2026-09-19 08:43:37
15392936,Director CV for Business Development,https://www.scribd.com/document/15392936/Business-Director-Resume-CV-sample,business strategy 1992,2026-09-19 08:43:37
165946206,Business Ethics Case Study Analysis,https://www.scribd.com/document/165946206/Business-Ethics,business strategy 1992,2026-09-19 08:43:37
176541458,Robert Holmquist: Aerospace Sales Leader,https://www.scribd.com/document/176541458,business strategy 1992,2026-09-19 08:43:37
177120779,Business Communication Seminar Guide,https://www.scribd.com/document/177120779/Tasksheet-Course-Two-Business-Discourse,business strategy 1992,2026-09-19 08:43:37
178346182,Christian Dussart: Academic Profile,https://www.scribd.com/document/178346182/biographie-Christian-Dussart-pdf,business strategy 1992,2026-09-19 08:43:37
180191992,Broadlane GPO & Brown Rice Strategies,https://www.scribd.com/document/180191992,business strategy 1992,2026-09-19 08:43:37
18823863,Dainik Bhaskar's Market Success Strategy,https://www.scribd.com/document/18823863/Dainik-Bhaskar,business strategy 1992,2026-09-19 08:43:37
192055713,Director Marketing Communications Brand in Washington DC Resume Susan Spalding,https://www.scribd.com/document/192055713,business strategy 1992,2026-09-19 08:43:37
206400545,Senior Business Leader Profile,https://www.scribd.com/document/206400545/Director-IT-Strategy-Consulting-in-Washington-DC-Resume-William-Lee,business strategy 1992,2026-09-19 08:43:37
218263647,Newell Company's Acquisition Strategy Analysis,https://www.scribd.com/document/218263647/Group6-Newell-Company-SM2,business strategy 1992,2026-09-19 08:43:37
221575243,Doug Dolan: Global Logistics Executive,https://www.scribd.com/document/221575243,business strategy 1992,2026-09-19 08:43:37
229774182,Stephen Munro: Business Growth Expert,https://www.scribd.com/document/229774182/steve-munro-cv-06152014,business strategy 1992,2026-09-19 08:43:37
230227366,Subway's Mission and Strategy Overview,https://www.scribd.com/document/230227366,business strategy 1992,2026-09-19 08:43:37
237645377,SAP's Evolving Business Model Overview,https://www.scribd.com/document/237645377/SAP-Business-Model-and-Strategies,business strategy 1992,2026-09-19 08:43:37
239643393,CV Rui Magalhaes,https://www.scribd.com/document/239643393,business strategy 1992,2026-09-19 08:43:37
245876909,Understanding Downsizing in HRM,https://www.scribd.com/document/245876909/What-is-Downsizing,business strategy 1992,2026-09-19 08:43:37
250131445,Integrating Human and Animal Welfare in Ecology,https://www.scribd.com/document/250131445/Business-Strategy-and-the-Environment-Volume-3-Issue-1-1994-Doi-10-1002-bse-3280030105-David-Wheeler-Why-Ecological-Policy-Must-Include-Human-and,business strategy 1992,2026-09-19 08:43:37
253053962,PhD Management Entrance Exam Syllabus,https://www.scribd.com/document/253053962/Business-Management-Ph-d-Entrance-Test-Syllabus-Model-Questions,business strategy 1992,2026-09-19 08:43:37
254291368,Revitalizing Polo Mint Brand Strategy,https://www.scribd.com/document/254291368/Nestle-Edition-2-Full,business strategy 1992,2026-09-19 08:43:37
254846925,Business Leader with 20+ Years Experience,https://www.scribd.com/document/254846925,business strategy 1992,2026-09-19 08:43:37
256480750,Unilever's Transnational Strategy Explained,https://www.scribd.com/document/256480750/TRANSNATIONAL-STRATEGY-docx,business strategy 1992,2026-09-19 08:43:37
261716789,General Counsel Resume of Miles H. Grody,https://www.scribd.com/document/261716789/General-Counsel-Medical-Device-in-Washington-DC-Resume-Miles-Grody,business strategy 1992,2026-09-19 08:43:37
273500370,CEO COO VP Senior Living in USA Resume William Pickhardt,https://www.scribd.com/document/273500370,business strategy 1992,2026-09-19 08:43:37
273610857,Executive Profile: Business Leadership Expert,https://www.scribd.com/document/273610857,business strategy 1992,2026-09-19 08:43:37
279885022,Strategic Management Course Outline,https://www.scribd.com/document/279885022/SIM336-Lecture-Sequence-Wayne-Homer-Feb-to-May-2014-SM-2,business strategy 1992,2026-09-19 08:43:37
281799966,Business Models and Innovation Frameworks,https://www.scribd.com/document/281799966/0-Biz-Models-Curriculum,business strategy 1992,2026-09-19 08:43:37
282918565,Virgin Group: Financial Evolution & Strategy,https://www.scribd.com/document/282918565/Business-Finance-Week-2-Assignment,business strategy 1992,2026-09-19 08:43:37
284064709,Joel Adams: Venture Capital Insights,https://www.scribd.com/document/284064709,business strategy 1992,2026-09-19 08:43:37
291217109,Microsoft vs. Apple: Market Strategies,https://www.scribd.com/document/291217109/Apple-vs-Microsoft,business strategy 1992,2026-09-19 08:43:37
293712164,Intel Inside Marketing Strategy,https://www.scribd.com/document/293712164,business strategy 1992,2026-09-19 08:43:37
29415602,Strategic Management Textbook Catalogue,https://www.scribd.com/document/29415602/Strategic-Mgmt,business strategy 1992,2026-09-19 08:43:37
297056431,HR Strategies at XYZ Corporation,https://www.scribd.com/document/297056431/HR-Drives-Strategy-at-XYZ-Inc-1,business strategy 1992,2026-09-19 08:43:37
298617202,Corporate Communications Expertise of Jacqueline Lefrak,https://www.scribd.com/document/298617202,business strategy 1992,2026-09-19 08:43:37
299930688,Daimler-Benz: Strategy for the Future,https://www.scribd.com/document/299930688,business strategy 1992,2026-09-19 08:43:37
301731271,Crystal Pepsi: A 1992 Marketing Misstep,https://www.scribd.com/document/301731271/Crystal-Pepsi,business strategy 1992,2026-09-19 08:43:37
319705952,AGC's Diversification Success and Challenges,https://www.scribd.com/document/319705952,business strategy 1992,2026-09-19 08:43:37
320080170,CMO VP Marketing Branding in United States Resume Alvan Chaney,https://www.scribd.com/document/320080170,business strategy 1992,2026-09-19 08:43:37
326311265,China's Economic Growth Strategies,https://www.scribd.com/document/326311265/The-Rise-of-China-s-Economy-by-Overholt-William-H-Business-Economics-Vol,business strategy 1992,2026-09-19 08:43:37
327322584,Risk and Compliance Leadership Profile,https://www.scribd.com/document/327322584,business strategy 1992,2026-09-19 08:43:37
331378046,Bakery Business Overview and Success Tips,https://www.scribd.com/document/331378046/Bakery-Business,business strategy 1992,2026-09-19 08:43:37
335618619,"Aerodynamics of Large Bridges Edited by Allan Larsen A A Balkema, Rotterdam, The Netherlands, 1992 55,320 PP ISBN 905",https://www.scribd.com/document/335618619,business strategy 1992,2026-09-19 08:43:37
34875457,Kerry George: Executive Sales Leader,https://www.scribd.com/document/34875457/Kerry-George-Resume,business strategy 1992,2026-09-19 08:43:37
355283723,Harvard Model of HRM Overview,https://www.scribd.com/document/355283723/Harvard-Framework,business strategy 1992,2026-09-19 08:43:37
359968123,John M. Gilligan: Cybersecurity Leader,https://www.scribd.com/document/359968123,business strategy 1992,2026-09-19 08:43:37
361245627,Understanding Strategic Management Concepts,https://www.scribd.com/document/361245627/Background,business strategy 1992,2026-09-19 08:43:37
364327426,Successful Brand Launch Strategies,https://www.scribd.com/document/364327426/2-Launching-a-brand-Dimitriu-Ryals-2011,business strategy 1992,2026-09-19 08:43:37
371942781,ENTR301: Fundamentals of Entrepreneurship,https://www.scribd.com/document/371942781/enterpreneurship-pdf,business strategy 1992,2026-09-19 08:43:37
373690605,Disneyland's Global Strategy Analysis,https://www.scribd.com/document/373690605/Disneyland-Globalization-Strategy-Presentation,business strategy 1992,2026-09-19 08:43:37
374042059,Apple Inc's Marketing Mix Analysis,https://www.scribd.com/document/374042059/Panmore-com-Apple-Incs-Marketing-Mix-4Ps,business strategy 1992,2026-09-19 08:43:37
376278878,Omni-Channel Technology Executive Profile,https://www.scribd.com/document/376278878,business strategy 1992,2026-09-19 08:43:37
378914159,Tanvi Doddanavar's Professional Profile,https://www.scribd.com/document/378914159/cv-doddanavar-tanvi,business strategy 1992,2026-09-19 08:43:37
38549339,Executive Profile: Christopher J. Poleway,https://www.scribd.com/document/38549339/Vice-President-Sales-Digital-in-NYC-NY-Resume-Christopher-Poleway,business strategy 1992,2026-09-19 08:43:37
385745345,Sales Leadership Profile of Sahib Prabhakar,https://www.scribd.com/document/385745345/Sahib-Prabhakar,business strategy 1992,2026-09-19 08:43:37
38632208,Richard Felix: Marketing & Business Expert,https://www.scribd.com/document/38632208/Professional-Resume,business strategy 1992,2026-09-19 08:43:37
387938901,International Business Compliance Guidelines,https://www.scribd.com/document/387938901/International-Business-Practices-docx,business strategy 1992,2026-09-19 08:43:37
39152923,Eli Lilly's Joint Venture in India,https://www.scribd.com/document/39152923/Elli-Lilly-in-India,business strategy 1992,2026-09-19 08:43:37
39688093,Key Questions in International Business,https://www.scribd.com/document/39688093/Questions-in-International-Business,business strategy 1992,2026-09-19 08:43:37
399120798,Modes of Entry in International Business,https://www.scribd.com/document/399120798/1,business strategy 1992,2026-09-19 08:43:37
399906462,Business Process Reengineering Course,https://www.scribd.com/document/399906462/Business-Process-Reengineering,business strategy 1992,2026-09-19 08:43:37
401096036,FMCG Sales & Marketing Professional CV,https://www.scribd.com/document/401096036/Khushboo-Rajput-Resume-1,business strategy 1992,2026-09-19 08:43:37
406116407,Avinash Deshpande: Business Leader Profile,https://www.scribd.com/document/406116407/Avinash-Resume,business strategy 1992,2026-09-19 08:43:37
407961497,McDonald's Generic Strategy & Intensive Growth Strategies - Panmore Institute,https://www.scribd.com/document/407961497/McDonald-s-Generic-Strategy-Intensive-Growth-Strategies-Panmore-Institute,business strategy 1992,2026-09-19 08:43:37
41351923,Balanced Scorecard: Strategy Implementation,https://www.scribd.com/document/41351923/The-Balanced-Scorecard,business strategy 1992,2026-09-19 08:43:37
418132600,Mariwasa Siam Ceramics: Global Expansion Strategy,https://www.scribd.com/document/418132600/Case-Two-Mariwasa-Siam-Ceramics-Inc,business strategy 1992,2026-09-19 08:43:37
421501993,Michael Smethurst: eCommerce Product Owner,https://www.scribd.com/document/421501993/Michael-Smethurst-20190806,business strategy 1992,2026-09-19 08:43:37
429935913,NHS Mental Health Research Strategy,https://www.scribd.com/document/429935913/Research-and-Development-in-the-Nhs-9,business strategy 1992,2026-09-19 08:43:37
430509962,Coca-Cola's Small Bottle Strategy in Russia,https://www.scribd.com/document/430509962/Stat1,business strategy 1992,2026-09-19 08:43:37
432540426,Competitive Strategies Overview,https://www.scribd.com/document/432540426/refernces-docx,business strategy 1992,2026-09-19 08:43:37
443416101,Haagen-Dazs: A Case Study in Market Strategy,https://www.scribd.com/document/443416101/Case-Study-Ice-Cream-Haagan-daz,business strategy 1992,2026-09-19 08:43:37
445188010,Aling Presing Chichacorn: A Local Delight,https://www.scribd.com/document/445188010/ALING-PRESING-CHICHACORN,business strategy 1992,2026-09-19 08:43:37
450667218,(1992 Bon) Ten Principles of Corporate Real Estate Management,https://www.scribd.com/document/450667218/1992-Bon-Ten-principles-of-corporate-real-estate-management,business strategy 1992,2026-09-19 08:43:37
452690677,Walmart's Healthcare Initiatives Overview,https://www.scribd.com/document/452690677/Disruptive-Strategy-Final-Paper-Company-Profiles,business strategy 1992,2026-09-19 08:43:37
456512128,Bindu Mishra: Marketing & Tech Expertise,https://www.scribd.com/document/456512128/BINDU-CS-MISHRA,business strategy 1992,2026-09-19 08:43:37
465135948,Business Strategy Exam: Key Concepts & Analysis,https://www.scribd.com/document/465135948/AL-business-strategy-nov-dec-2012,business strategy 1992,2026-09-19 08:43:37
468197244,Nestlé: Origins and Key Success Factors,https://www.scribd.com/document/468197244/NESTLE-CASE-STUDY,business strategy 1992,2026-09-19 08:43:37
471571350,Greenpeace's Greenfreeze Initiative Explained,https://www.scribd.com/document/471571350/From-Conflict-to-Collaboration,business strategy 1992,2026-09-19 08:43:37
475313383,International Business Strategy Insights,https://www.scribd.com/document/475313383/Caso-IKEA-Hill,business strategy 1992,2026-09-19 08:43:37
475339333,Definitions of Strategic Marketing,https://www.scribd.com/document/475339333/STRATEGIC-MARKETING-AND-ITS-DEFINITIONS-docx,business strategy 1992,2026-09-19 08:43:37
477236854,Ryanair's Launch Strategy Analysis,https://www.scribd.com/document/477236854/Dogfight-Over-Europe-RYANAIR-docx,business strategy 1992,2026-09-19 08:43:37
480999655,Disney's Global Theme Park Strategy Analysis,https://www.scribd.com/document/480999655/247184-disney,business strategy 1992,2026-09-19 08:43:37
483404240,Understanding SWOT Analysis in Strategy,https://www.scribd.com/document/483404240/SWOT-docx,business strategy 1992,2026-09-19 08:43:37
483662537,Unilever Nepal's Integrated Marketing Strategy,https://www.scribd.com/document/483662537/unilever-nepal,business strategy 1992,2026-09-19 08:43:37
484387993,Taco Bell's Strategic Business Model Analysis,https://www.scribd.com/document/484387993/Assignment-2-IT-And-Business-Models-Case-Study-Taco-Bell-Inc,business strategy 1992,2026-09-19 08:43:37
485487464,Angelique Kantengwa: Banking Leader,https://www.scribd.com/document/485487464/All-You-Need-to-Know-About-Angelique-Kantengwa,business strategy 1992,2026-09-19 08:43:37
492763825,IKEA's Sustainable Business Strategy,https://www.scribd.com/document/492763825/CaseStudy-IKEA,business strategy 1992,2026-09-19 08:43:37
495479637,Career Transition to Financial Planning,https://www.scribd.com/document/495479637/jjarlow-resume-June,business strategy 1992,2026-09-19 08:43:37
499176270,Kodak's Digital Strategy and Challenges,https://www.scribd.com/document/499176270/Eastman-Kodak-s-Quest-for-a-Digital-Future-2,business strategy 1992,2026-09-19 08:43:37
500274207,Taj Hotel Performance Management Case,https://www.scribd.com/document/500274207/A-Case-Study-About-the-TAJ-Group-and-Its,business strategy 1992,2026-09-19 08:43:37
505096632,Balanced Scorecard and EVA Overview,https://www.scribd.com/document/505096632/BALANCED-SCORECARD,business strategy 1992,2026-09-19 08:43:37
509134748,Business Consulting Business Plan,https://www.scribd.com/document/509134748/Business-Consulting-Business-Plan,business strategy 1992,2026-09-19 08:43:37
50958638,Dove Soap's Target Market Strategy,https://www.scribd.com/document/50958638/Target-market-of-Dove-soap,business strategy 1992,2026-09-19 08:43:37
511292135,Superdry Brand Growth and Strategy Analysis,https://www.scribd.com/document/511292135/2020-Final-Project-Case-Study-2,business strategy 1992,2026-09-19 08:43:37
513486825,Module 1: The Decision Making Process-Case Study 2,https://www.scribd.com/document/513486825/Ggggg,business strategy 1992,2026-09-19 08:43:37
527062633,Simple Trend-Following Strategies in Currency Trad,https://www.scribd.com/document/527062633/Simple-Trend-following-Strategies-in-Currency-Trad,business strategy 1992,2026-09-19 08:43:37
54219130,Dr. Maneesh Tripathi: CEO Profile,https://www.scribd.com/document/54219130/Maneesh-Tripathi,business strategy 1992,2026-09-19 08:43:37
548115921,Cross-Cultural Team Management Insights,https://www.scribd.com/document/548115921/DFUnit8-docx,business strategy 1992,2026-09-19 08:43:37
56450605,Rainer Zinow,https://www.scribd.com/document/56450605/Rainer-Zinow,business strategy 1992,2026-09-19 08:43:37
570193114,A Rival of America's Making? The Debate Over Washington's China Strategy,https://www.scribd.com/document/570193114/A-Rival-of-Americas-Making,business strategy 1992,2026-09-19 08:43:37
585874427,"Tallman, Stephen (2015) - Dynamic Capabilities.",https://www.scribd.com/document/585874427/Tallman-Stephen-2015-Dynamic-Capabilities,business strategy 1992,2026-09-19 08:43:37
58903479,Metro Bank's Balanced Scorecard Strategy,https://www.scribd.com/document/58903479/ASP-AppD2,business strategy 1992,2026-09-19 08:43:37
608742609,Infosys HR Strategies in the 1990s,https://www.scribd.com/document/608742609/Infosys-A-case-study-decision-sheet,business strategy 1992,2026-09-19 08:43:37
6213710,Martin L. Johnston's Professional Resume,https://www.scribd.com/document/6213710/Retail-Resume-Sample,business strategy 1992,2026-09-19 08:43:37
6213716,Entrepreneur Resume Example: Joanne Chen,https://www.scribd.com/document/6213716/Entrepreneur-Resume-Sample,business strategy 1992,2026-09-19 08:43:37
62477838,Strategic Management Course Syllabus,https://www.scribd.com/document/62477838/Strategic-Management-Syllbus,business strategy 1992,2026-09-19 08:43:37
63411598,Human Resource Planning Overview,https://www.scribd.com/document/63411598/Human-Resource-Planning,business strategy 1992,2026-09-19 08:43:37
658640718,Aldi's Unique Retail Strategy Explained,https://www.scribd.com/document/658640718/Aldi,business strategy 1992,2026-09-19 08:43:37
663583845,Therivel Et Al (1992) - STRATEGIC ENVIRONMENTAL ASSESSMENT,https://www.scribd.com/document/663583845/Therivel-et-al-1992-STRATEGIC-ENVIRONMENTAL-ASSESSMENT,business strategy 1992,2026-09-19 08:43:37
690252748,Birkenstock's Empowerment Strategy,https://www.scribd.com/document/690252748/Case-Study-3,business strategy 1992,2026-09-19 08:43:37
69029564,GM's Strategic Cost Reduction and Innovation,https://www.scribd.com/document/69029564/Business-Strategies-of-GM,business strategy 1992,2026-09-19 08:43:37
69776395,Game Theory in Business Strategy,https://www.scribd.com/document/69776395/Game-Theory-Summary,business strategy 1992,2026-09-19 08:43:37
702944037,Warren Price: IT Executive CV,https://www.scribd.com/document/702944037/CV1,business strategy 1992,2026-09-19 08:43:37
718192552,Operational Performance Monitoring Guide,https://www.scribd.com/document/718192552/Operational-Performance-Monitoring-and-Review-Procedure,business strategy 1992,2026-09-19 08:43:37
719700563,Virgin Group's Emergent Business Strategies,https://www.scribd.com/document/719700563/CASE-STUDY-ON-VIRGIN-GROUP,business strategy 1992,2026-09-19 08:43:37
720917891,Air India's Marketing Strategy Overview,https://www.scribd.com/document/720917891/Business-Strategy-of-Air-India,business strategy 1992,2026-09-19 08:43:37
721722383,Strategic Management Case Virgin GRP - 2125136588,https://www.scribd.com/document/721722383/Strategic-Management-Case-Virgin-grp-2125136588,business strategy 1992,2026-09-19 08:43:37
742518467,Dr. Alyce Su: Investment Pioneer,https://www.scribd.com/document/742518467/Dr-Alyce-Su-Cover-Story,business strategy 1992,2026-09-19 08:43:37
764079989,RECO7074 Management Theory and Projects,https://www.scribd.com/document/764079989/RECO7074-Management-Theory-and-Projects,business strategy 1992,2026-09-19 08:43:37
77088763,Disadvantages of Process Benchmarking,https://www.scribd.com/document/77088763/China-Business-Post,business strategy 1992,2026-09-19 08:43:37
782273336,Scott Galloway: Career and Impact,https://www.scribd.com/document/782273336/Galloway,business strategy 1992,2026-09-19 08:43:37
78443871,Supply Chain Management Expert Profile,https://www.scribd.com/document/78443871,business strategy 1992,2026-09-19 08:43:37
78811139,Business Development Expert Profile,https://www.scribd.com/document/78811139/Business-Development-Manager,business strategy 1992,2026-09-19 08:43:37
796209700,BNY Investments Fund Overview and Strategy,https://www.scribd.com/document/796209700/Rendition-1730723882549,business strategy 1992,2026-09-19 08:43:37
798425048,CaseStudy 44,https://www.scribd.com/document/798425048/CaseStudy-44-2,business strategy 1992,2026-09-19 08:43:37
82313115,Senior HR Business Partner Profile,https://www.scribd.com/document/82313115,business strategy 1992,2026-09-19 08:43:37
832069610,Dana Unconstrained Equity Strategy Review,https://www.scribd.com/document/832069610/Dana-Unconstrained-Equity-Fact-Sheet-Q3-2024,business strategy 1992,2026-09-19 08:43:37
841387205,Valves Revisited 1992,https://www.scribd.com/document/841387205/valves-revisited-1992,business strategy 1992,2026-09-19 08:43:37
86749913,VP Marketing Resume: Ken Valdiserri,https://www.scribd.com/document/86749913,business strategy 1992,2026-09-19 08:43:37
871146532,DMW Record Label: 30BG Members List,https://www.scribd.com/document/871146532/Members-of-DMW-Record-Label-30-Billion-Gang-See-Full-List-Business-Toks,business strategy 1992,2026-09-19 08:43:37
87909318,Selkirk Group's Asian Export Strategy Analysis,https://www.scribd.com/document/87909318/Good-Example-Case,business strategy 1992,2026-09-19 08:43:37
88610772,Benefits of EDI for Business Efficiency,https://www.scribd.com/document/88610772/EDI-Q4-or-5,business strategy 1992,2026-09-19 08:43:37
93328752,Executive Leadership and Business Growth,https://www.scribd.com/document/93328752/Chief-Executive-Officer-President-VP-Business-Unit-in-NC-Resume-Mark-Sowka,business strategy 1992,2026-09-19 08:43:37
942669902,National Conservation Strategy 1992,https://www.scribd.com/document/942669902/National-conservation-strategy-and-policy-statement,business strategy 1992,2026-09-19 08:43:37
951585326,Citation Styles for Social Research,https://www.scribd.com/document/951585326/Reference-Style-wps-Office,business strategy 1992,2026-09-19 08:43:37
957092302,Walt Disney's Diversification Strategy,https://www.scribd.com/document/957092302/The-strategy-of-Walt-Disney,business strategy 1992,2026-09-19 08:43:37
97969839,Business Development Consultant Profile,https://www.scribd.com/document/97969839,business strategy 1992,2026-09-19 08:43:37
106111843,David P. Brown - Economics Profile,https://www.scribd.com/document/106111843/CV,professional mathematics dissertation,2026-09-19 08:43:38
107809926,MSc Actuarial Science at Heriot-Watt,https://www.scribd.com/document/107809926/Actuarial-Science,professional mathematics dissertation,2026-09-19 08:43:38
110987006,Essam C.V,https://www.scribd.com/document/110987006/Essam-C-v,professional mathematics dissertation,2026-09-19 08:43:38
118289645,Changes in Mathematics Department,https://www.scribd.com/document/118289645/Lola,professional mathematics dissertation,2026-09-19 08:43:38
122613447,Sam Skalicky's CV: Computer Science PhD,https://www.scribd.com/document/122613447/Resume-CV,professional mathematics dissertation,2026-09-19 08:43:38
146617591,Edmund Husserl: Life and Philosophy,https://www.scribd.com/document/146617591/Edmund-Husserl-Biography,professional mathematics dissertation,2026-09-19 08:43:38
14758709,Bios,https://www.scribd.com/document/14758709/Bios,professional mathematics dissertation,2026-09-19 08:43:38
171695846,Dissertation Formatting Guidelines,https://www.scribd.com/document/171695846/Format-of-Dissertation,professional mathematics dissertation,2026-09-19 08:43:38
176494226,Marianna Diratsuyan's CV and Achievements,https://www.scribd.com/document/176494226/CV-Diratsuyan-Marianna,professional mathematics dissertation,2026-09-19 08:43:38
177086642,Dr. Saket Ranjan Praveer's Profile,https://www.scribd.com/document/177086642/SRPCV,professional mathematics dissertation,2026-09-19 08:43:38
177572421,MSc in Advanced Structural Engineering,https://www.scribd.com/document/177572421,professional mathematics dissertation,2026-09-19 08:43:38
17763857,Jesse Butler's Academic Profile,https://www.scribd.com/document/17763857/Jesse-Butler-s-CV,professional mathematics dissertation,2026-09-19 08:43:38
178359620,Using Benford's Law for Fraud Detection,https://www.scribd.com/document/178359620/February-2008,professional mathematics dissertation,2026-09-19 08:43:38
183071692,Theology Graduate Seeking Academic Role,https://www.scribd.com/document/183071692,professional mathematics dissertation,2026-09-19 08:43:38
185681916,Uchenna Diala: Academic and Professional Profile,https://www.scribd.com/document/185681916,professional mathematics dissertation,2026-09-19 08:43:38
189757409,Crafting Effective Research Statements,https://www.scribd.com/document/189757409,professional mathematics dissertation,2026-09-19 08:43:38
197481713,Embracing STEAM: Art Meets Science,https://www.scribd.com/document/197481713/STEAM-Science-Technology-Engineering-Arts-and-Mathematics,professional mathematics dissertation,2026-09-19 08:43:38
198949707,Igor Mandric: Bioinformatics PhD Student,https://www.scribd.com/document/198949707/Mandric-Cv,professional mathematics dissertation,2026-09-19 08:43:38
200091500,MEd in Mathematics Education Overview,https://www.scribd.com/document/200091500/Course-Listing,professional mathematics dissertation,2026-09-19 08:43:38
212289108,Master's in Structural Engineering Aspirations,https://www.scribd.com/document/212289108/Personal-Statement-Paradigm,professional mathematics dissertation,2026-09-19 08:43:38
21236675,Susan Prion: Nursing Education Profile,https://www.scribd.com/document/21236675/Prion-Susan-CV-3-07,professional mathematics dissertation,2026-09-19 08:43:38
218956649,Faculty Development Program Overview,https://www.scribd.com/document/218956649/Faculty-Development-Program-Brochure,professional mathematics dissertation,2026-09-19 08:43:38
224292665,Matthew Williams: C++ Developer Resume,https://www.scribd.com/document/224292665/cv-main,professional mathematics dissertation,2026-09-19 08:43:38
228129119,IEEE 2012 Proceedings Paper Template,https://www.scribd.com/document/228129119/IEEE-Template,professional mathematics dissertation,2026-09-19 08:43:38
238875598,Automotive Systems Graduate Programs,https://www.scribd.com/document/238875598/ST12GP-AS-22,professional mathematics dissertation,2026-09-19 08:43:38
240053208,Biochemical Engineering Course Overview,https://www.scribd.com/document/240053208/Art-and-Design,professional mathematics dissertation,2026-09-19 08:43:38
240779942,Understanding Mathematicians and Their Roles,https://www.scribd.com/document/240779942/Mathematicians,professional mathematics dissertation,2026-09-19 08:43:38
24127768,Clean Advertising in Management Roles,https://www.scribd.com/document/24127768/Alireza-A-F-Management-Marketing-Advertising-Clean,professional mathematics dissertation,2026-09-19 08:43:38
2441911,Morten Josefsen: Banking Expertise,https://www.scribd.com/document/2441911/CV-Morten-Josefsen,professional mathematics dissertation,2026-09-19 08:43:38
246565069,CAD Design Engineer Resume,https://www.scribd.com/document/246565069,professional mathematics dissertation,2026-09-19 08:43:38
246802446,Bintang's International Business CV,https://www.scribd.com/document/246802446/curiculum-vitae,professional mathematics dissertation,2026-09-19 08:43:38
247961498,Career Profile: Sandesh Gurung,https://www.scribd.com/document/247961498/cv-1,professional mathematics dissertation,2026-09-19 08:43:38
251873085,Lin Hu: Economics CV and Research,https://www.scribd.com/document/251873085/cv-lin-hu-2015-1,professional mathematics dissertation,2026-09-19 08:43:38
252786208,Dr. Saptharishi Wins ACM-India Award,https://www.scribd.com/document/252786208/ACM-Press-Release-on-Dissertation-Award-revised,professional mathematics dissertation,2026-09-19 08:43:38
256539520,Natasha Prendergast: Admin CV Overview,https://www.scribd.com/document/256539520/Natasha-Prendergast-CV-doc,professional mathematics dissertation,2026-09-19 08:43:38
258027806,Christopher J. Paciorek - Statistics Expert,https://www.scribd.com/document/258027806/Paciorek-Cv,professional mathematics dissertation,2026-09-19 08:43:38
264580643,Dissertation Writing Reflection and Insights,https://www.scribd.com/document/264580643/Reflective-Report,professional mathematics dissertation,2026-09-19 08:43:38
270246468,ICMAB Curriculum Overview 2025,https://www.scribd.com/document/270246468/New-Subjects-of-ICMAB-Syllabus,professional mathematics dissertation,2026-09-19 08:43:38
270358271,Diana Tonea's Professional Profile,https://www.scribd.com/document/270358271/Tonea-Diana-CV,professional mathematics dissertation,2026-09-19 08:43:38
276388408,Krystal Drysdale CV,https://www.scribd.com/document/276388408,professional mathematics dissertation,2026-09-19 08:43:38
290606344,Richard McDowell - MIT Economics PhD Profile,https://www.scribd.com/document/290606344/McDowell-Richard-CV-20151112,professional mathematics dissertation,2026-09-19 08:43:38
291059628,Advanced Concrete Technology MSc Course,https://www.scribd.com/document/291059628/Media-444416-en,professional mathematics dissertation,2026-09-19 08:43:38
29872959,Steps in Experimental Research Design,https://www.scribd.com/document/29872959/Experimental-Research-Report,professional mathematics dissertation,2026-09-19 08:43:38
306098483,Free Travel Animator for Special Needs,https://www.scribd.com/document/306098483,professional mathematics dissertation,2026-09-19 08:43:38
311786974,Study Computer Science at Edinburgh,https://www.scribd.com/document/311786974/Curs,professional mathematics dissertation,2026-09-19 08:43:38
313312607,Participant Information for Math Study,https://www.scribd.com/document/313312607/Information-Sheet-for-Participants,professional mathematics dissertation,2026-09-19 08:43:38
315231051,Mechanical Engineering Statement of Purpose,https://www.scribd.com/document/315231051/Ashwin-Sop,professional mathematics dissertation,2026-09-19 08:43:38
321120737,Stephen M. Nelson's Philosophy CV,https://www.scribd.com/document/321120737/stephennelson-cv,professional mathematics dissertation,2026-09-19 08:43:38
323883085,Gary Cornwall: Economics PhD Profile,https://www.scribd.com/document/323883085/cornwall-cv,professional mathematics dissertation,2026-09-19 08:43:38
326828761,Myanmar Tourism Curriculum Overview,https://www.scribd.com/document/326828761/Graduate-Qualities-and-Curriculum-2,professional mathematics dissertation,2026-09-19 08:43:38
327294566,PolyU Mechanical Engineering Subjects List,https://www.scribd.com/document/327294566/Subject-Syllabi,professional mathematics dissertation,2026-09-19 08:43:38
327624752,Joydeep Saha: Intel ASIC Engineer Profile,https://www.scribd.com/document/327624752/Jsaha-Resume-Intel,professional mathematics dissertation,2026-09-19 08:43:38
334825514,2016-2017 Dissertation Prize Nomination Form,https://www.scribd.com/document/334825514/Dissertation-Prize-Nomination,professional mathematics dissertation,2026-09-19 08:43:38
344156134,Scholarships for Faculty in Conflict Areas,https://www.scribd.com/document/344156134/SGS-L-CMO-4-s-2017-Highlights-and-Application-Briefer,professional mathematics dissertation,2026-09-19 08:43:38
351010715,Executive Report Formatting Guide,https://www.scribd.com/document/351010715/Executive-Summary-Template,professional mathematics dissertation,2026-09-19 08:43:38
354382437,Academic CV for Nutrition Professionals,https://www.scribd.com/document/354382437/Academic-Cv-Example,professional mathematics dissertation,2026-09-19 08:43:38
359077460,Femtosecond Laser Technology Overview,https://www.scribd.com/document/359077460/Femtosecond-Laser-PDF,professional mathematics dissertation,2026-09-19 08:43:38
362740167,IFoA Exam Structure and Qualification Guide,https://www.scribd.com/document/362740167/Qualification-Structure-2016,professional mathematics dissertation,2026-09-19 08:43:38
364500891,PhD CV for Biology Research Position,https://www.scribd.com/document/364500891/Your-PhD-Science-Commercial-CV,professional mathematics dissertation,2026-09-19 08:43:38
366890075,Bilingual Community Support Specialist,https://www.scribd.com/document/366890075,professional mathematics dissertation,2026-09-19 08:43:38
375755667,Expert Lawyer and Educator Services,https://www.scribd.com/document/375755667,professional mathematics dissertation,2026-09-19 08:43:38
376135187,Paul Connaughton's Professional Profile,https://www.scribd.com/document/376135187/paul-connaughton-2018-updated-cv,professional mathematics dissertation,2026-09-19 08:43:38
376754742,Technology for Differentiation in Math,https://www.scribd.com/document/376754742/urc-poster,professional mathematics dissertation,2026-09-19 08:43:38
378990413,Research Poster Design Tips,https://www.scribd.com/document/378990413/Reseach-Poster-Handout-Print,professional mathematics dissertation,2026-09-19 08:43:38
381570878,Deedy's Academic and Professional Resume,https://www.scribd.com/document/381570878/deedy-resume-3,professional mathematics dissertation,2026-09-19 08:43:38
384673585,1st Arc Report: Course Overview,https://www.scribd.com/document/384673585/GradeReportByCurriculum18-37563-1,professional mathematics dissertation,2026-09-19 08:43:38
392213855,Master's Study Plan in Saudi Arabia,https://www.scribd.com/document/392213855/Study-Plan-Masters,professional mathematics dissertation,2026-09-19 08:43:38
399953502,PhD Application: Dynamic Prosthetics Research,https://www.scribd.com/document/399953502/Curriculum-Vitae-Template-by-Hadha-Afrisal,professional mathematics dissertation,2026-09-19 08:43:38
419503075,Mahica Vinod's Academic and Work Profile,https://www.scribd.com/document/419503075/CV-Mahica-pdf,professional mathematics dissertation,2026-09-19 08:43:38
422089993,Graduate CV Template Guide,https://www.scribd.com/document/422089993/graduate-cv-template-doc,professional mathematics dissertation,2026-09-19 08:43:38
425085588,Writing Effective Research Reports,https://www.scribd.com/document/425085588/CHAPTER-17-Writing-a-Research-Report,professional mathematics dissertation,2026-09-19 08:43:38
427577083,Hadha Afrisal CV for PhD Application,https://www.scribd.com/document/427577083/curriculum-vitae-template-by-hadha-afrisal-docx,professional mathematics dissertation,2026-09-19 08:43:38
429601366,MSc in Aerospace Systems: GNSS Focus,https://www.scribd.com/document/429601366/Msc-AS-NAT,professional mathematics dissertation,2026-09-19 08:43:38
434637959,Ilja Deifts - Data Science Profile,https://www.scribd.com/document/434637959/CV-I-Deifts,professional mathematics dissertation,2026-09-19 08:43:38
436283650,Aerial Evaluation Process Overview,https://www.scribd.com/document/436283650/WFD,professional mathematics dissertation,2026-09-19 08:43:38
439716145,Sop Lowell,https://www.scribd.com/document/439716145/Sop-Lowell,professional mathematics dissertation,2026-09-19 08:43:38
440955502,GARP Certified Financial Risk Manager Profile,https://www.scribd.com/document/440955502/SOUMOJIT-KUMAR-Resume,professional mathematics dissertation,2026-09-19 08:43:38
449524016,Biomedical Science Graduate CV Template,https://www.scribd.com/document/449524016/Skills-CV-Template-docx,professional mathematics dissertation,2026-09-19 08:43:38
457501337,Steel Tables for Civil Engineering Design,https://www.scribd.com/document/457501337/9789385909740,professional mathematics dissertation,2026-09-19 08:43:38
45902866,Personal Statement for PhD in Computer Science,https://www.scribd.com/document/45902866/Sample-Personal-Statement-for-Computer-Science,professional mathematics dissertation,2026-09-19 08:43:38
45974007,BBA in Aviation Operations Overview,https://www.scribd.com/document/45974007/BBA-Aviation-Operations,professional mathematics dissertation,2026-09-19 08:43:38
45990019,Oxford Education Research Newsletter May 2009,https://www.scribd.com/document/45990019/May-2009-Newsletter,professional mathematics dissertation,2026-09-19 08:43:38
460458441,Ashwini K. Agrawal: Academic Profile,https://www.scribd.com/document/460458441/agrawalCV,professional mathematics dissertation,2026-09-19 08:43:38
461200244,STRAND Program: Graduate Scholarships in STEM,https://www.scribd.com/document/461200244/ABOUT-STRAND-pdf,professional mathematics dissertation,2026-09-19 08:43:38
465897840,Brandon Charles: Computer Science Profile,https://www.scribd.com/document/465897840/example-resume-cv,professional mathematics dissertation,2026-09-19 08:43:38
469119493,EAPP Periodical Exam Overview,https://www.scribd.com/document/469119493/EAPP-4th-Periodical-Exam,professional mathematics dissertation,2026-09-19 08:43:38
474523892,Catbox Links for STEM Learning Materials,https://www.scribd.com/document/474523892/links,professional mathematics dissertation,2026-09-19 08:43:38
477517892,Christopher Paciorek: Statistics Profile,https://www.scribd.com/document/477517892/paciorek-cv,professional mathematics dissertation,2026-09-19 08:43:38
481923498,American Education's Impact in the Philippines,https://www.scribd.com/document/481923498/Educational-system-during-American-Colonization-docx,professional mathematics dissertation,2026-09-19 08:43:38
484205654,Anki Flashcards: Key Concepts Overview,https://www.scribd.com/document/484205654/Repeated-WFD-2018-06-15,professional mathematics dissertation,2026-09-19 08:43:38
48715556,Sairam Tangirala's Academic Profile,https://www.scribd.com/document/48715556/Tangirala-CV-Doc,professional mathematics dissertation,2026-09-19 08:43:38
489592379,Jamie Johnson: Brand Manager Profile,https://www.scribd.com/document/489592379/Jamie-Johnson-Resume,professional mathematics dissertation,2026-09-19 08:43:38
489960766,Fellowship Opportunities for Graduate Research,https://www.scribd.com/document/489960766/Fellowships-and-Other,professional mathematics dissertation,2026-09-19 08:43:38
49649429,John Doe: Network Engineer Resume,https://www.scribd.com/document/49649429/Network-Engineer,professional mathematics dissertation,2026-09-19 08:43:38
496804246,"Profile of Vibhor Saxena, Economist",https://www.scribd.com/document/496804246/vibhor-cv-2021,professional mathematics dissertation,2026-09-19 08:43:38
498842783,Research Methodology MCQ (Multiple Choice Questions) - Javatpoint,https://www.scribd.com/document/498842783/Research-Methodology-MCQ-Multiple-Choice-Questions-Javatpoint,professional mathematics dissertation,2026-09-19 08:43:38
501155814,2018 BS Mathematics Prospectus Overview,https://www.scribd.com/document/501155814/Authors,professional mathematics dissertation,2026-09-19 08:43:38
502524685,EAPP Grade 11 4th Quarter Exam Guide,https://www.scribd.com/document/502524685/4th-Quarter-Final-Exam-in-Eapp,professional mathematics dissertation,2026-09-19 08:43:38
513706159,Miguel Angel Gavilan-Rubio Profile,https://www.scribd.com/document/513706159/cv-magr-aug18,professional mathematics dissertation,2026-09-19 08:43:38
51802564,Jonathan Kernaghan's CV and Skills Summary,https://www.scribd.com/document/51802564/jonathan-kernaghan-march-2011-resume-SB-1,professional mathematics dissertation,2026-09-19 08:43:38
520241163,EAPP Quarter 1 Summative Test,https://www.scribd.com/document/520241163/1st-Summative-Test-in-ENGLISH-FOR-ACADEMIC-AND-P,professional mathematics dissertation,2026-09-19 08:43:38
520241242,EAPP Grade 11 Summative Test Guide,https://www.scribd.com/document/520241242/FINAL-EXAM-ON-ENGLISH-FOR-ACADEMIC-AND-P,professional mathematics dissertation,2026-09-19 08:43:38
527893411,HUMSS Courses Overview and Resources,https://www.scribd.com/document/527893411/HUMSS-PDF,professional mathematics dissertation,2026-09-19 08:43:38
540494718,Quantitative Economics Master's Program,https://www.scribd.com/document/540494718/project-599253-EPP-1-2018-1-FR-EPPKA1-JMD-MOB,professional mathematics dissertation,2026-09-19 08:43:38
54545035,Natasha Wilson's Professional Resume,https://www.scribd.com/document/54545035/Natasha-Wilson-CV,professional mathematics dissertation,2026-09-19 08:43:38
54989312,MSc in Financial Mathematics Program,https://www.scribd.com/document/54989312/Broucher-2011-Financial-Mathematics,professional mathematics dissertation,2026-09-19 08:43:38
55458247,Suchit V. Bakade: CV Overview,https://www.scribd.com/document/55458247/SUCHIT-CV,professional mathematics dissertation,2026-09-19 08:43:38
558663796,Bridge Engineering Module Overview,https://www.scribd.com/document/558663796/Bridge-Eng-Module-Specification,professional mathematics dissertation,2026-09-19 08:43:38
565738052,MChem Chemistry Program at Oxford,https://www.scribd.com/document/565738052/mchem-prospectus-2020,professional mathematics dissertation,2026-09-19 08:43:38
56969778,Analog IC Design Engineer Resume,https://www.scribd.com/document/56969778/Design-Eng,professional mathematics dissertation,2026-09-19 08:43:38
594793170,Biostatistics Professional Profile,https://www.scribd.com/document/594793170/edem-defor-cv-2022,professional mathematics dissertation,2026-09-19 08:43:38
61803548,Oxford Brookes Dissertation Access Guide,https://www.scribd.com/document/61803548/Dissertations,professional mathematics dissertation,2026-09-19 08:43:38
620394811,PhD in Educational Management Overview,https://www.scribd.com/document/620394811/Phd-Management,professional mathematics dissertation,2026-09-19 08:43:38
62392597,Multi-Lingual Business Student CV,https://www.scribd.com/document/62392597/Cv-Chronological,professional mathematics dissertation,2026-09-19 08:43:38
624268682,Dr. Ines Ben Omrane CV Summary,https://www.scribd.com/document/624268682/%D8%A7%D9%8A%D9%86%D8%A7%D8%B3-%D8%B9%D9%85%D8%B1%D8%A7%D9%86-e,professional mathematics dissertation,2026-09-19 08:43:38
63861826,Profile of Finance & Operations Expert,https://www.scribd.com/document/63861826/Abhishek-Sharma-115575776,professional mathematics dissertation,2026-09-19 08:43:38
64280173,M.S. in Manufacturing Management Program,https://www.scribd.com/document/64280173/M,professional mathematics dissertation,2026-09-19 08:43:38
651018748,Mathematics Teacher with Coaching Expertise,https://www.scribd.com/document/651018748/Maneesha-Quants-New-Delhi,professional mathematics dissertation,2026-09-19 08:43:38
651172008,Weiting Hu: Finance Academic Profile,https://www.scribd.com/document/651172008/resume-weiting-hu-230606,professional mathematics dissertation,2026-09-19 08:43:38
660781603,CSE and ECE Course Structures 2023,https://www.scribd.com/document/660781603/Annexure-B-Course-Structure-CSE-and-ECE,professional mathematics dissertation,2026-09-19 08:43:38
661520801,Albert W. Tucker: Mathematician Legacy,https://www.scribd.com/document/661520801/Albert-W-Tucker,professional mathematics dissertation,2026-09-19 08:43:38
661639239,Shashank Agarwal's Academic and Skills Profile,https://www.scribd.com/document/661639239/Shashank-Resume-DOC2345567,professional mathematics dissertation,2026-09-19 08:43:38
667112650,"Final Course Reflection-1-Bonde, Jessamine",https://www.scribd.com/document/667112650/FINAL-COURSE-REFLECTION-1-BONDE-JESSAMINE,professional mathematics dissertation,2026-09-19 08:43:38
704961877,Data Analyst CV of Ayesh Shivade,https://www.scribd.com/document/704961877/Data-Analyst-CV,professional mathematics dissertation,2026-09-19 08:43:38
714394739,REST API Design Principles Explained,https://www.scribd.com/document/714394739/2-RESTful-API-Design-Principles,professional mathematics dissertation,2026-09-19 08:43:38
726922188,Healthcare Professional CV: Support Worker,https://www.scribd.com/document/726922188/SHIHAS-MELIKKATTIL-SHAMSUDHEEN-FlowCV-Resume-20240421,professional mathematics dissertation,2026-09-19 08:43:38
741859579,Reddy Charity Involvement by Rashane Samarasinha,https://www.scribd.com/document/741859579/Cv-Rashane,professional mathematics dissertation,2026-09-19 08:43:38
743135158,PhD in Mathematics: Research & Teaching Profile,https://www.scribd.com/document/743135158/ERIC-JOHNSON-RESUME,professional mathematics dissertation,2026-09-19 08:43:38
743137080,Mathematics Professor CV and Expertise,https://www.scribd.com/document/743137080/RASHID-ABDILLAH-RESUME,professional mathematics dissertation,2026-09-19 08:43:38
746437595,Dare's Data Science Personal Statement,https://www.scribd.com/document/746437595/PERSONAL-STATEMENT-DARE,professional mathematics dissertation,2026-09-19 08:43:38
776227018,HandBook - Master of Urban and Regional Planning - Architecture - The University of Sydney,https://www.scribd.com/document/776227018/HandBook-Master-of-Urban-and-Regional-Planning-Architecture-The-University-of-Sydney,professional mathematics dissertation,2026-09-19 08:43:38
781291859,M.Tech CSE R22 Course Structure,https://www.scribd.com/document/781291859/R22M-Tech-CS-CSECourseStructure,professional mathematics dissertation,2026-09-19 08:43:38
78932276,CV of Reza Abazari: Mathematician,https://www.scribd.com/document/78932276/CV-Reza-Abazari,professional mathematics dissertation,2026-09-19 08:43:38
792951070,M.Ed Dissertation Topics Overview,https://www.scribd.com/document/792951070/M-ed-Dissertation-Topics-2021-23-Batch,professional mathematics dissertation,2026-09-19 08:43:38
805893002,Joel A. Tropp: Applied Mathematics Expert,https://www.scribd.com/document/805893002/Joel-Tropp,professional mathematics dissertation,2026-09-19 08:43:38
80797068,Dramaturgy,https://www.scribd.com/document/80797068/Dramaturgy,professional mathematics dissertation,2026-09-19 08:43:38
810190341,Dr. Joseph G.R. Martinez: Two-Time Awardee,https://www.scribd.com/document/810190341/Dr-Joseph-G-R-Martinez-Named-a-Professional-of-the-Year-for-Two-Consecutive-Years-by-Strathmore-s-Who-s-Who-Worldwide-Publication,professional mathematics dissertation,2026-09-19 08:43:38
829553858,Sampurna Mandal: Marketing Professional,https://www.scribd.com/document/829553858/Sampurna-Mandal-Updated-Resume,professional mathematics dissertation,2026-09-19 08:43:38
834833927,Architectural Engineering CV of Haidy Youssef,https://www.scribd.com/document/834833927/Resume-202207040601,professional mathematics dissertation,2026-09-19 08:43:38
847487891,PhD Mathematician & Educator Resume,https://www.scribd.com/document/847487891/RYZZA-DOINOG,professional mathematics dissertation,2026-09-19 08:43:38
856591216,Saint John of God College Programs Overview,https://www.scribd.com/document/856591216/SJOG-COLLEGE-Brochure-2018,professional mathematics dissertation,2026-09-19 08:43:38
85747558,MA in Language and Information Processing,https://www.scribd.com/document/85747558/Natural-Language-Technology-Group,professional mathematics dissertation,2026-09-19 08:43:38
864992868,PhD Mathematician with Data Expertise,https://www.scribd.com/document/864992868/Ashley-Oswald,professional mathematics dissertation,2026-09-19 08:43:38
870497691,Effective Strategies for Teaching Fractions,https://www.scribd.com/document/870497691/Mrs-Chip-Muenrat,professional mathematics dissertation,2026-09-19 08:43:38
875837684,Mathematics Expert in Cengkareng Barat,https://www.scribd.com/document/875837684/Rifaldan-Anbiya-Resume,professional mathematics dissertation,2026-09-19 08:43:38
877420853,Global and Sustainable Management Master,https://www.scribd.com/document/877420853/2fiche-Master-GSM-2023-2024,professional mathematics dissertation,2026-09-19 08:43:38
877916905,Health Research Submission Guidelines,https://www.scribd.com/document/877916905/Template-JHRT-2,professional mathematics dissertation,2026-09-19 08:43:38
884044544,Data Scientist & Mathematics Specialist,https://www.scribd.com/document/884044544/Catherine-Nichols,professional mathematics dissertation,2026-09-19 08:43:38
88887616,Electrical Engineer Resume: Mithun Singla,https://www.scribd.com/document/88887616/Mithun-Singla-Resume-EE-PhD,professional mathematics dissertation,2026-09-19 08:43:38
900665448,Choosing Financial Mathematics for Dissertation,https://www.scribd.com/document/900665448/Dissertation-Mathematical-Finance,professional mathematics dissertation,2026-09-19 08:43:38
903494677,Mathematics Ph.D. with Research Expertise,https://www.scribd.com/document/903494677/Richard-Ostrander,professional mathematics dissertation,2026-09-19 08:43:38
904503531,Semester 1 Course Syllabus Overview,https://www.scribd.com/document/904503531/Syllabus-for-Sem1-All-Subjects,professional mathematics dissertation,2026-09-19 08:43:38
932942258,Sheffield AI Student Profile & Skills,https://www.scribd.com/document/932942258/Rasula-CV,professional mathematics dissertation,2026-09-19 08:43:38
938471928,Postgraduate Education Programmes Overview,https://www.scribd.com/document/938471928/Faculty-of-Education-Postgraduate-Programmes-zp160545,professional mathematics dissertation,2026-09-19 08:43:38
95024271,Biography of Daniel De Moivre,https://www.scribd.com/document/95024271/Lasocki-The-Life-of-Daniel-Demoivre,professional mathematics dissertation,2026-09-19 08:43:38
959511658,MSc AI Dissertation Proposal Overview,https://www.scribd.com/document/959511658/MSc-AI-Dissertation-Proposal,professional mathematics dissertation,2026-09-19 08:43:38
992258083,Mitchell Vincent CV 2025,https://www.scribd.com/document/992258083/Mitchell-Vincent-CV-2025-1,professional mathematics dissertation,2026-09-19 08:43:38
99418779,John Doe's Academic CV,https://www.scribd.com/document/99418779/sample-cv,professional mathematics dissertation,2026-09-19 08:43:38
1005127227,Investigative Report - Thunder Scientific Corporation,https://www.scribd.com/document/1005127227/Investigative-Report-Thunder-Scientific-Corporation,history research report,2026-09-19 08:44:25
1032555945,The History of School,https://www.scribd.com/document/1032555945/The-History-of-School,history research report,2026-09-19 08:44:25
1042949315,Report Purple,https://www.scribd.com/document/1042949315/report-purple,history research report,2026-09-19 08:44:25
106819822,Atlantic City Naval Air Station History,https://www.scribd.com/document/106819822/NAS-Atlantic-City-History,history research report,2026-09-19 08:44:25
112717827,Middle East Country Research Project,https://www.scribd.com/document/112717827/Middle-East-Country-Group-Research-Project,history research report,2026-09-19 08:44:25
118635613,Ph.D. Research Methodology Syllabus,https://www.scribd.com/document/118635613/Research-Methodology-Syllabus-for-Ph-d,history research report,2026-09-19 08:44:25
123975846,Shaukat Khanum Cancer Report Summary,https://www.scribd.com/document/123975846/Report,history research report,2026-09-19 08:44:25
139119019,History and Advances in Sleep Research,https://www.scribd.com/document/139119019/A-Brief-History-of-Sleep-Research,history research report,2026-09-19 08:44:25
152047620,A Short History of The Mahabodhi Temple in Bodhgaya,https://www.scribd.com/document/152047620,history research report,2026-09-19 08:44:25
175586547,Chapter 4: Research Project Planning,https://www.scribd.com/document/175586547/Practical-Research-Planning-and-Desgin-Chapter-4-Assignment,history research report,2026-09-19 08:44:25
183898257,Jazz History Research: Written Oral Audiovisual/Multimedia,https://www.scribd.com/document/183898257,history research report,2026-09-19 08:44:25
184702701,Internship Report Grading Rubric,https://www.scribd.com/document/184702701/Intern-Report-Grading-Rubric,history research report,2026-09-19 08:44:25
200539676,Marketing Internship Report Template,https://www.scribd.com/document/200539676/MRKT-Internship-Report-Template,history research report,2026-09-19 08:44:25
211836497,Equity Research Report Essentials Guide,https://www.scribd.com/document/211836497/Rc-Equity-Research-Report-Essentials-CFA-Institute,history research report,2026-09-19 08:44:25
23412622,Research Portfolio Guidelines and Structure,https://www.scribd.com/document/23412622/Research-Portfolio,history research report,2026-09-19 08:44:25
238081447,Writing a History Book Review Guide,https://www.scribd.com/document/238081447/How-to-Write-a-History-Book-Review,history research report,2026-09-19 08:44:25
242569115,Understanding Technical Reports,https://www.scribd.com/document/242569115/Technical-Report-pptx,history research report,2026-09-19 08:44:25
243043183,Equity Research Report Essentials Guide,https://www.scribd.com/document/243043183/CFA-Rc-Equity-Research-Report-Essentials,history research report,2026-09-19 08:44:25
244030940,CITI Training Completion Report for UTK,https://www.scribd.com/document/244030940/CITI-Training,history research report,2026-09-19 08:44:25
245502438,History Research Report Guidelines,https://www.scribd.com/document/245502438/rubric-2,history research report,2026-09-19 08:44:25
252975345,Overview of Britain's History,https://www.scribd.com/document/252975345/A-History-of-Britain,history research report,2026-09-19 08:44:25
267912631,Final Project Report Structure Guide,https://www.scribd.com/document/267912631/Contents-of-Final-Project-Report,history research report,2026-09-19 08:44:25
279816407,Second Grade Progress Report Template,https://www.scribd.com/document/279816407/Second-Grade-Progress-Report-Template,history research report,2026-09-19 08:44:25
283323325,Shaukat Khanum Breast Biopsy Report,https://www.scribd.com/document/283323325/Report,history research report,2026-09-19 08:44:25
296985250,Progress in Medical Education Research,https://www.scribd.com/document/296985250/norman-2005-research-in-clinical-reasoning-past-history-and-current-trends,history research report,2026-09-19 08:44:25
312665322,Curzon Hall: History and Significance,https://www.scribd.com/document/312665322/Curzon-Hall-REPORT,history research report,2026-09-19 08:44:25
314697529,Report Structure and Bibliography Guide,https://www.scribd.com/document/314697529,history research report,2026-09-19 08:44:25
31578051,Vetting Moving Companies Safely,https://www.scribd.com/document/31578051/Vetting-Moving-Companies,history research report,2026-09-19 08:44:25
316064751,History and Advances in Orgone Research,https://www.scribd.com/document/316064751/A-Brief-History-of-Orgone-Research,history research report,2026-09-19 08:44:25
316698007,Case Report Neurology,https://www.scribd.com/document/316698007/Case-Report-Neurology,history research report,2026-09-19 08:44:25
328308288,7th Grade History Research Report Guide,https://www.scribd.com/document/328308288/research-report,history research report,2026-09-19 08:44:25
329459302,Caving History in Iran,https://www.scribd.com/document/329459302/History-of-Caving-in-Iran,history research report,2026-09-19 08:44:25
331255917,Student Grade History Report,https://www.scribd.com/document/331255917/Student-Grade-History,history research report,2026-09-19 08:44:25
344955991,Japan Construction Insulation Market Insights,https://www.scribd.com/document/344955991/global-construction-insulation-materials-market-research-report-2017,history research report,2026-09-19 08:44:25
344960158,Global Wood Pellet Fuel Market Report,https://www.scribd.com/document/344960158,history research report,2026-09-19 08:44:25
348520353,Understanding Historical Research Steps,https://www.scribd.com/document/348520353/Historical-Research,history research report,2026-09-19 08:44:25
349720543,Atomic Bomb Justification in WWII Report,https://www.scribd.com/document/349720543/history-yr-10-final-copy,history research report,2026-09-19 08:44:25
351279683,4th Grade Mission Report Guidelines,https://www.scribd.com/document/351279683/Mission-Report-Format,history research report,2026-09-19 08:44:25
355766917,Cotton On Group: SWOT Analysis Report,https://www.scribd.com/document/355766917/research-report-on-cotton-on-group,history research report,2026-09-19 08:44:25
357106207,Osmeña Colleges: History and Offerings,https://www.scribd.com/document/357106207/History-of-Osmena-Colleges,history research report,2026-09-19 08:44:25
358482044,Europe and the People Without History PDF,https://www.scribd.com/document/358482044/europe-and-the-people-without-history-pdf-download,history research report,2026-09-19 08:44:25
358485947,European History Notes PDF Download,https://www.scribd.com/document/358485947/European-History-Notes-PDF,history research report,2026-09-19 08:44:25
358490408,Disadvantages of Historical Research,https://www.scribd.com/document/358490408/generalization-advantages-and-disadvantages-of-historical-research,history research report,2026-09-19 08:44:25
358620569,Research Proposal Paper Example PDF,https://www.scribd.com/document/358620569/example-of-research-proposal-paper-pdf,history research report,2026-09-19 08:44:25
36195218,Defining Nursing Research and Its Importance,https://www.scribd.com/document/36195218/Define-Research,history research report,2026-09-19 08:44:25
362891752,10 Steps in the Research Process,https://www.scribd.com/document/362891752/10-Steps-in-Research-Process-SLN,history research report,2026-09-19 08:44:25
363203355,Grace Commission Report Overview 1984,https://www.scribd.com/document/363203355/Grace-Commission-Report-1984-PDF,history research report,2026-09-19 08:44:25
364842470,Investigative Report on Community Graffiti,https://www.scribd.com/document/364842470/investigative-report-task-sheet,history research report,2026-09-19 08:44:25
367653924,SIWES Report Format and Guidelines,https://www.scribd.com/document/367653924/SIWES-Report-Guide,history research report,2026-09-19 08:44:25
370345309,Internship Report on Talent Acquisition,https://www.scribd.com/document/370345309/Internship-Report,history research report,2026-09-19 08:44:25
377698772,History of Psychological Testing,https://www.scribd.com/document/377698772/Report-on-History-of-Psychological-Testing-Copy,history research report,2026-09-19 08:44:25
378253345,Defining a Research Problem,https://www.scribd.com/document/378253345/Defining-a-Research-Problem,history research report,2026-09-19 08:44:25
391803231,Doctrinal Legal Research Methodology,https://www.scribd.com/document/391803231/Sartre-Nausea,history research report,2026-09-19 08:44:25
392871655,Psychological Report Writing Guide,https://www.scribd.com/document/392871655/Psychological-Report-Format,history research report,2026-09-19 08:44:25
396099846,Research Question Assessment Rubric,https://www.scribd.com/document/396099846/research-question-rubric,history research report,2026-09-19 08:44:25
403465141,DLSU Research Ethics Review Application,https://www.scribd.com/document/403465141/Application-for-Research-Ethics-Review-1,history research report,2026-09-19 08:44:25
406764682,NSPC: History and Evolution of Journalism,https://www.scribd.com/document/406764682/Nspc-History,history research report,2026-09-19 08:44:25
407112011,Veterinary Case Report Writing Guide,https://www.scribd.com/document/407112011/Case-Report-Format,history research report,2026-09-19 08:44:25
408795551,IB History Paper 2 Writing Guide,https://www.scribd.com/document/408795551/The-Paper-2-3-Bible-IB-History,history research report,2026-09-19 08:44:25
414037207,Importance of Clinical Skills in Africa,https://www.scribd.com/document/414037207/7-Clinical-History-Taking-and-Physical-Examination-in-Medical-Practice-in-Africa,history research report,2026-09-19 08:44:25
414914083,Defining History: Concepts and Critiques,https://www.scribd.com/document/414914083/What-is-History,history research report,2026-09-19 08:44:25
422223072,History and Etymology of Cartography,https://www.scribd.com/document/422223072/History-of-Cartography,history research report,2026-09-19 08:44:25
423992599,Country Research Report Guidelines,https://www.scribd.com/document/423992599/4,history research report,2026-09-19 08:44:25
424397000,Understanding History and Historiography,https://www.scribd.com/document/424397000/GEC-102-WR-Questions-and-Views-About-History,history research report,2026-09-19 08:44:25
426433372,Grievance Investigation Report Template,https://www.scribd.com/document/426433372/Grievance-Investigation-Report-Template,history research report,2026-09-19 08:44:25
426779983,Research Methods in Psychology: Pros & Cons,https://www.scribd.com/document/426779983/Advantages-and-Disadvantages-of-Research-Methods-in-Psychology,history research report,2026-09-19 08:44:25
437158078,Life Histories in Biographical Research,https://www.scribd.com/document/437158078/Doing-Life-History-and-Biographical-Research,history research report,2026-09-19 08:44:25
443151103,SAE Reporting Guidelines and Format,https://www.scribd.com/document/443151103/SAE-Report,history research report,2026-09-19 08:44:25
445054228,Zomato PESTLE Analysis and Research Findings,https://www.scribd.com/document/445054228/Research-Paper-on-Zomato,history research report,2026-09-19 08:44:25
448192067,Philippine History 101 Syllabus,https://www.scribd.com/document/448192067/History-101-syllabus,history research report,2026-09-19 08:44:25
449827503,Writing a History Research Paper Guide,https://www.scribd.com/document/449827503/Writing-a-History-Research-Paper,history research report,2026-09-19 08:44:25
465652082,Prelim Exam on Research Concepts,https://www.scribd.com/document/465652082/prelim-test-RESEARCH-1,history research report,2026-09-19 08:44:25
471846091,Preliminary Exam in Philippine History,https://www.scribd.com/document/471846091/Prelim-ReadinginPhilHis-docx,history research report,2026-09-19 08:44:25
474267930,Flammable Mist Research Project Overview,https://www.scribd.com/document/474267930/shared-research-flammable-mist-pdf,history research report,2026-09-19 08:44:25
475222219,Overview of UK University History,https://www.scribd.com/document/475222219/A-History-Lesson,history research report,2026-09-19 08:44:25
477346595,Personal Research Project Guidelines,https://www.scribd.com/document/477346595/Research-Process-for-the-Personal-Project,history research report,2026-09-19 08:44:25
478732806,Reading in Philippine History Syllabus,https://www.scribd.com/document/478732806/Reading-in-the-Philippine-History-Syllabus,history research report,2026-09-19 08:44:25
478897853,GTU Student Grade History Report,https://www.scribd.com/document/478897853/Student-Grade-History-pdf,history research report,2026-09-19 08:44:25
480191827,History of Statistics Overview,https://www.scribd.com/document/480191827/OLIVO-Lesson-3-History-of-Statistics-Quiz,history research report,2026-09-19 08:44:25
482015194,Types of Quantitative Research Designs,https://www.scribd.com/document/482015194/KINDS-OF-QUANTITATIVE-RESEARCH-DESIGNS,history research report,2026-09-19 08:44:25
489182908,Internship Report Guidelines and Format,https://www.scribd.com/document/489182908/INTERNSHIP-REPORT-FORMAT-GUIDELINES-MARKS-DISTRIBUTION-1-1,history research report,2026-09-19 08:44:25
490146273,Understanding Historical Sources and Meaning,https://www.scribd.com/document/490146273/History,history research report,2026-09-19 08:44:25
49464738,Desk Research Project Guidelines,https://www.scribd.com/document/49464738/format-of-Desk-Research-1,history research report,2026-09-19 08:44:25
497289766,Psychology Research Methods Overview,https://www.scribd.com/document/497289766/Research-methods-mind-map,history research report,2026-09-19 08:44:25
497522394,Evolution of Nursing Research History,https://www.scribd.com/document/497522394/EVOLUTION-OF-NURSING-RESEARCH-AND-ROLE-OF-THE-NURSE-IN-RESEARCH,history research report,2026-09-19 08:44:25
508118451,International Management Report Guide,https://www.scribd.com/document/508118451/BUS-225-Intl-Management-Business-Report-Analysis,history research report,2026-09-19 08:44:25
509628479,History of Nursing in the UK,https://www.scribd.com/document/509628479/A-Brief-History-of-Nursing-in-the-UK,history research report,2026-09-19 08:44:25
511750209,History and Mechanism of Aspirin,https://www.scribd.com/document/511750209/A-history-of-aspirin,history research report,2026-09-19 08:44:25
517922682,Unethical Research: Historical Case Studies,https://www.scribd.com/document/517922682/historical-cases-of-unethical-research,history research report,2026-09-19 08:44:25
532185917,The Shaft Cave Diving Tragedy,https://www.scribd.com/document/532185917/ShaftHistory,history research report,2026-09-19 08:44:25
536081597,Patient Consent Form for Medical Case Report,https://www.scribd.com/document/536081597/case-report-consent-form,history research report,2026-09-19 08:44:25
550196357,Ancient India's Erased History Explained,https://www.scribd.com/document/550196357/The-Erased-History-of-Ancient-India,history research report,2026-09-19 08:44:25
55253110,Company Research Report Format,https://www.scribd.com/document/55253110/Format-for-Company-Research-Report,history research report,2026-09-19 08:44:25
56804301,Ph.D. Research Methodology Syllabus,https://www.scribd.com/document/56804301/Research-Methodology-Syllabus-for-Ph-d,history research report,2026-09-19 08:44:25
596349184,Impact of COVID-19 on Indian Tourism,https://www.scribd.com/document/596349184/Research-Report-Tourism-Industry,history research report,2026-09-19 08:44:25
602502604,Subjectivity's Role in Historical Narratives,https://www.scribd.com/document/602502604/The-Role-Of-Subjectivity-in-History,history research report,2026-09-19 08:44:25
606224594,Evolution of Science and Technology History,https://www.scribd.com/document/606224594/Describe-Briefly-How-Science-and-Technology-Evolved-During-Each-in-History,history research report,2026-09-19 08:44:25
61300822,Early Education Research Experiences,https://www.scribd.com/document/61300822/Scholar,history research report,2026-09-19 08:44:25
623430882,Examples of Qualitative Research Titles,https://www.scribd.com/document/623430882/Examples-of-Qualitative-Research-Titles,history research report,2026-09-19 08:44:25
627437386,Grade 11 Practical Research Guide,https://www.scribd.com/document/627437386/PRACTICAL-RESEARCH-reviewer-2nd-quarter,history research report,2026-09-19 08:44:25
628159573,Country Research Project Template,https://www.scribd.com/document/628159573/Country-Research-Template,history research report,2026-09-19 08:44:25
632144934,Year 9 History Assessment Overview,https://www.scribd.com/document/632144934/2023-Assessment-Task-1-Year-9-History,history research report,2026-09-19 08:44:25
640533960,Fiji's Water Crisis and Climate Solutions,https://www.scribd.com/document/640533960/GE304-Research-Report,history research report,2026-09-19 08:44:25
652251429,Philippine Local History Research Guide,https://www.scribd.com/document/652251429/Readings-in-Philippine-History,history research report,2026-09-19 08:44:25
656086770,Barret's Syndrome Case Report,https://www.scribd.com/document/656086770/Barret-s-Syndrome-Case-Report,history research report,2026-09-19 08:44:25
658077607,DISC Personality Test Results Report,https://www.scribd.com/document/658077607/123Test-Report-Report-Competency-Test-2023-05-05-14-54-14,history research report,2026-09-19 08:44:25
668048544,Descriptive Research in Biology,https://www.scribd.com/document/668048544/Prac-Res-2-LAS-3-Descriptive-Research,history research report,2026-09-19 08:44:25
6760164,Research Guide for SIMUN Conference,https://www.scribd.com/document/6760164/How-to-Research,history research report,2026-09-19 08:44:25
7089906,Understanding Educational Research Concepts,https://www.scribd.com/document/7089906/Lecture-2-Meaning-of-Educational-Research,history research report,2026-09-19 08:44:25
73413908,Overview of Psychology's History and Approaches,https://www.scribd.com/document/73413908/History-of-Psychology,history research report,2026-09-19 08:44:25
789647805,History I - KSD 2024 Course Schedule,https://www.scribd.com/document/789647805/History-1-KSD-2024,history research report,2026-09-19 08:44:25
791927197,Altrata Research Analyst Job Opening,https://www.scribd.com/document/791927197/Research-Analyst,history research report,2026-09-19 08:44:25
793714072,Legal Research Database Comparison,https://www.scribd.com/document/793714072/Legal-Research-Databases-Comparison,history research report,2026-09-19 08:44:25
81499291,"North Africa: History, Culture & Migration",https://www.scribd.com/document/81499291/FREE-Talks-amp-Courses-at-History-Talk,history research report,2026-09-19 08:44:25
830410741,Writing a History Research Paper Guide,https://www.scribd.com/document/830410741/How-to-write-a-history-research-paper,history research report,2026-09-19 08:44:25
837450956,Mousetrap Car Project Report,https://www.scribd.com/document/837450956/EGR111A-Report-Scaffold,history research report,2026-09-19 08:44:25
851816890,College Library Condition Report,https://www.scribd.com/document/851816890/Report-on-library-condition-2nd-year,history research report,2026-09-19 08:44:25
888432054,EDA Report on Geldium's Delinquency Risks,https://www.scribd.com/document/888432054/Geldium-Eda-Report,history research report,2026-09-19 08:44:25
940498690,Seidman's Guide to Interviewing Research,https://www.scribd.com/document/940498690/Interviewing-as-Qualitative-Research-seidman,history research report,2026-09-19 08:44:25
995143860,Pioneer Research Program Interview Preparation,https://www.scribd.com/document/995143860/Pioneer-Research-Program-Interview-Preparation,history research report,2026-09-19 08:44:25
106576232,BT Secures Wireless Airwaves with AirDefense,https://www.scribd.com/document/106576232/Case-Study-British-Telecom,network security case study,2026-09-19 08:44:26
126077673,Sargon Corporation Case Study Analysis,https://www.scribd.com/document/126077673/Case-Study-of-cresent,network security case study,2026-09-19 08:44:26
147054645,Data Integrity and Security Quiz,https://www.scribd.com/document/147054645/Data-Integrity-Security,network security case study,2026-09-19 08:44:26
155926650,ATM Software Testing Case Study,https://www.scribd.com/document/155926650/ATM-Software-Testing-Case-Study,network security case study,2026-09-19 08:44:26
172424971,Hero Honda Case Study,https://www.scribd.com/document/172424971/Hero-Honda-Case-Study,network security case study,2026-09-19 08:44:26
175619214,CCIE Security Exam Study Resources,https://www.scribd.com/document/175619214/CCIE-Security-Book-List,network security case study,2026-09-19 08:44:26
181338040,Primark Managed Print Services Case Study,https://www.scribd.com/document/181338040/Ergo-Primark-MPS-Case-Study-15-02-11-pdf,network security case study,2026-09-19 08:44:26
194337346,P2P Network Security Tips and Risks,https://www.scribd.com/document/194337346,network security case study,2026-09-19 08:44:26
207998737,RFID Bike Security System Overview,https://www.scribd.com/document/207998737/RFID-Based-Bike-Security-System,network security case study,2026-09-19 08:44:26
214515429,Security Challenges at SystemX,https://www.scribd.com/document/214515429/Case-Studies,network security case study,2026-09-19 08:44:26
236607494,Information Security Awareness Policy,https://www.scribd.com/document/236607494/Model-Policy-on-Security-Awareness,network security case study,2026-09-19 08:44:26
249420109,Bay Networks' E-SCM Success Story,https://www.scribd.com/document/249420109/Case-Study-on-Bay-Networks-Inc,network security case study,2026-09-19 08:44:26
250359954,Computer Network Security Course Overview,https://www.scribd.com/document/250359954/Obj,network security case study,2026-09-19 08:44:26
254830152,MTN Ghana Case Study - Aviat Networks Services and ProVision,https://www.scribd.com/document/254830152,network security case study,2026-09-19 08:44:26
256163580,Lenovo's Competitive Advantage in Global Markets,https://www.scribd.com/document/256163580/Business-Security-Lenovo-Case-Study,network security case study,2026-09-19 08:44:26
256905812,Telecommunications Security Overview,https://www.scribd.com/document/256905812/Telecommunications-and-Network-Security-Study-Planlecommunications-and-Network-Security-Study-Plan,network security case study,2026-09-19 08:44:26
258596666,Networking Solutions for Nonprofits,https://www.scribd.com/document/258596666/Network-Guide-chapter-1-and-2-cases,network security case study,2026-09-19 08:44:26
278297209,CISA Exam Study Schedule 2023,https://www.scribd.com/document/278297209/CISA-Study-Schedule,network security case study,2026-09-19 08:44:26
28124494,Casas Bahia Case Study Insights,https://www.scribd.com/document/28124494/Casas-Bahia-Case-Study,network security case study,2026-09-19 08:44:26
285490039,Security Risks in Social Networks Survey,https://www.scribd.com/document/285490039/Security-on-the-Abusive-Social-Network-Sites-A-Survey,network security case study,2026-09-19 08:44:26
289647513,VLSI Security Solutions and Cryptography,https://www.scribd.com/document/289647513/general-studies-tamil-by-tata-mcgraw-hill,network security case study,2026-09-19 08:44:26
291158090,CCNA 4 Network Configuration Guide,https://www.scribd.com/document/291158090/Ccna-4-Case-Study,network security case study,2026-09-19 08:44:26
306397099,First Internet Bank Customer Insights Analysis,https://www.scribd.com/document/306397099/FIR-Case-Study,network security case study,2026-09-19 08:44:26
316055156,SEC450 IDS/IPS Network Design Lab,https://www.scribd.com/document/316055156/SEC450-W7-ILab-SEC450-W7-Network-Vulnerability-Case-Study-Instructions,network security case study,2026-09-19 08:44:26
321823299,Network Security and Backup Strategies,https://www.scribd.com/document/321823299/A42-Network-Security-and-Disaster-Recovery,network security case study,2026-09-19 08:44:26
336148977,Computer System Risk Management Case Study,https://www.scribd.com/document/336148977/Risk-Management-Case-Study,network security case study,2026-09-19 08:44:26
347258699,E-Validation System Case Study,https://www.scribd.com/document/347258699/IVT-Network-Case-Study-Implementation-of-an-Electronic-Life-Cycle-Management-System-for-Validation-and-Beyond-2017-04-05,network security case study,2026-09-19 08:44:26
358893212,Failure Analysis Case Study Insights,https://www.scribd.com/document/358893212/Failure-Analysis-Case-Study-PDF,network security case study,2026-09-19 08:44:26
370434576,Offshore LTE Network by Huawei for Tampnet,https://www.scribd.com/document/370434576/Huawei-eLTE-Solution-Case-Study-Detail-World-s-First-Offshore-LTE-Network-pdf,network security case study,2026-09-19 08:44:26
370460591,Business Ethics in Networking Bids,https://www.scribd.com/document/370460591/5-03E-Ethics-Case-Study-Networking-docx,network security case study,2026-09-19 08:44:26
380128007,Volex Transforms Network with Aryaka,https://www.scribd.com/document/380128007/Volex-Case-Study,network security case study,2026-09-19 08:44:26
38163926,FMCG Sales Automation Case Study,https://www.scribd.com/document/38163926/fmcg-case-study-1-1,network security case study,2026-09-19 08:44:26
392449593,SportStuff.com Warehouse Network Strategy,https://www.scribd.com/document/392449593/Case-Study-1-Network-Design-W18,network security case study,2026-09-19 08:44:26
406842411,Statement of Purpose for Cyber Security MS,https://www.scribd.com/document/406842411/Sop-Information-Security,network security case study,2026-09-19 08:44:26
407794413,Cyberstalking Case Study: Seema Khanna,https://www.scribd.com/document/407794413/Case-Study-CL-PDF,network security case study,2026-09-19 08:44:26
408213558,Advertising Case Study Ogilvy & Mather: Background,https://www.scribd.com/document/408213558/Case-Study,network security case study,2026-09-19 08:44:26
411311456,Dell's E-Commerce Success Strategies,https://www.scribd.com/document/411311456/Case-Study-1,network security case study,2026-09-19 08:44:26
417387660,Cybersecurity Case Study Lab Guide,https://www.scribd.com/document/417387660/1-1-1-5-Lab-Cybersecurity-Case-Studies,network security case study,2026-09-19 08:44:26
420221197,Cybersecurity Case Study Analysis Lab,https://www.scribd.com/document/420221197/1-1-1-5-Lab-Cybersecurity-Case-Studies-1-docx,network security case study,2026-09-19 08:44:26
420292261,Cybersecurity Case Studies Lab,https://www.scribd.com/document/420292261/1-1-1-5-Lab-Cybersecurity-Case-Studies,network security case study,2026-09-19 08:44:26
426399709,Mobile Device and Telework Security Policy,https://www.scribd.com/document/426399709/Mobile-Device-and-Telework-Security-Policy,network security case study,2026-09-19 08:44:26
426566806,Computer Networking Case Study Insights,https://www.scribd.com/document/426566806/Case-study-on-Computer-Networks-pdf,network security case study,2026-09-19 08:44:26
429910627,Ethical Hacking & Cyber Security Course,https://www.scribd.com/document/429910627/EXACKTs-Ethical-Hacking-Cyber-Security,network security case study,2026-09-19 08:44:26
430310008,Broadway Bank's Security Enhancement Case,https://www.scribd.com/document/430310008/CaseStudy-CyberSecurity,network security case study,2026-09-19 08:44:26
434854989,Security+ Network Security Lab Manual,https://www.scribd.com/document/434854989/1pdf-net-PDF-Lab-Manual-for-Security-Guide-to-Network-Security,network security case study,2026-09-19 08:44:26
435769880,Cybersecurity Case Study Analysis Lab,https://www.scribd.com/document/435769880/1-1-1-5-Lab-Cybersecurity-Case-Studies-converted,network security case study,2026-09-19 08:44:26
437452427,Combining Security Associations in IPSec,https://www.scribd.com/document/437452427/Combining-Security-Associations,network security case study,2026-09-19 08:44:26
437482155,IHG's Enhanced Guest Wi-Fi Experience,https://www.scribd.com/document/437482155/IHG-Network-Case-Study,network security case study,2026-09-19 08:44:26
442016024,Cryptography and Network Security Course,https://www.scribd.com/document/442016024/CE603-N-Cryptography-And-Network-Security,network security case study,2026-09-19 08:44:26
457485093,Case Study Writing Format Guide,https://www.scribd.com/document/457485093/Format-for-Writing-Case-Study-docx,network security case study,2026-09-19 08:44:26
459251418,Cloud Data Transition Project Case Study,https://www.scribd.com/document/459251418/Short-Case-1-2-Summer-2019,network security case study,2026-09-19 08:44:26
459861375,Bajaj Auto: Productivity and Downsizing Case Study,https://www.scribd.com/document/459861375/Case-Study-Bajaj,network security case study,2026-09-19 08:44:26
461924669,Workgroup Network Proposal Guide,https://www.scribd.com/document/461924669/BSBITB511-Assessment-Task-04,network security case study,2026-09-19 08:44:26
465622344,Bryan Underwood: Insider Threat Case Study,https://www.scribd.com/document/465622344/CDSE-Insider-Threat-Case-Study-Bryan-Underwood,network security case study,2026-09-19 08:44:26
465817583,Block vs Stream Cipher Explained,https://www.scribd.com/document/465817583/network-security-assignmnet-5,network security case study,2026-09-19 08:44:26
466227648,Cybersecurity Case Studies Lab Guide,https://www.scribd.com/document/466227648/1-1-1-5-Lab-solutions-Cybersecurity-Case-Studies-pdf,network security case study,2026-09-19 08:44:26
469818227,Overview of Case Study Method,https://www.scribd.com/document/469818227/Case-Study-Method-handout-docx,network security case study,2026-09-19 08:44:26
470646795,CNSS Model for Classroom Security,https://www.scribd.com/document/470646795/Case-study-IS-2,network security case study,2026-09-19 08:44:26
471850481,Hotel Risk Management Best Practices,https://www.scribd.com/document/471850481/CASE-STUDY-Hotel-Risk-Management-The-Safety-Service-Balancing-Act,network security case study,2026-09-19 08:44:26
475362169,NSHCS Collaboration Solution Case Study,https://www.scribd.com/document/475362169/OR-CASE-STUDY,network security case study,2026-09-19 08:44:26
476144912,Computer Forensics Investigation Case Study,https://www.scribd.com/document/476144912/Computer-Forensics-Investigation-A-Case-Study-pdf,network security case study,2026-09-19 08:44:26
481181983,HP Case Study: Employee-Centric Strategy,https://www.scribd.com/document/481181983/CASE-STUDY,network security case study,2026-09-19 08:44:26
483825589,IoT Case Study: Retail Value Creation,https://www.scribd.com/document/483825589/case-study-1,network security case study,2026-09-19 08:44:26
489066480,Nirdosh Herbal Dhoompan Case Study,https://www.scribd.com/document/489066480/Case-Study-Nirdosh,network security case study,2026-09-19 08:44:26
489934458,McGregor Case Study: Employee Motivation Insights,https://www.scribd.com/document/489934458/Case-Study-2,network security case study,2026-09-19 08:44:26
49302692,DHLCase Study,https://www.scribd.com/document/49302692/DHLCaseStudy,network security case study,2026-09-19 08:44:26
509390171,Cybersecurity Case Study Lab Analysis,https://www.scribd.com/document/509390171/Lab-Cybersecurity-Case-Studies,network security case study,2026-09-19 08:44:26
510809441,Network Security - 3.4) The Following Ciphertext Wa...,https://www.scribd.com/document/510809441/Network-Security-3-4-the-Following-Ciphertext-Wa-Chegg-com-1,network security case study,2026-09-19 08:44:26
511283955,Managing the Lightning Networks Merger,https://www.scribd.com/document/511283955/Case-Study-Managing-a-Merger-at-Lightning-Networks-docx,network security case study,2026-09-19 08:44:26
512912793,Case Study On Fintech,https://www.scribd.com/document/512912793/Case-study-on-fintech,network security case study,2026-09-19 08:44:26
516973787,Essential Information Security Policies,https://www.scribd.com/document/516973787/Security-Policies,network security case study,2026-09-19 08:44:26
52331215,GermanDeliveryNetwork CaseStudy,https://www.scribd.com/document/52331215/GermanDeliveryNetwork-CaseStudy,network security case study,2026-09-19 08:44:26
525856248,HR Challenges in Asian Motors Case Study,https://www.scribd.com/document/525856248/case-study-1,network security case study,2026-09-19 08:44:26
529226143,Garcia Family Case Study Analysis,https://www.scribd.com/document/529226143/Case-Study-Analysis,network security case study,2026-09-19 08:44:26
52996838,Case Study,https://www.scribd.com/document/52996838/CASE-STUDY,network security case study,2026-09-19 08:44:26
537459616,OLX C2C E-Commerce Case Study Analysis,https://www.scribd.com/document/537459616/OLX-Case-Study,network security case study,2026-09-19 08:44:26
544688999,Pursuing Cyber Security in Canada,https://www.scribd.com/document/544688999/Harpreet-Kaur-Amritsar-Ofc-Network-and-Security-CDI-Copy,network security case study,2026-09-19 08:44:26
544689000,Ranveer Singh's Study Permit Appeal,https://www.scribd.com/document/544689000/Ranveer-Singh-Re-Applied-Moga-Agent-Network-Internet-Security-Specialist,network security case study,2026-09-19 08:44:26
552360861,LAN Design and Simulation Guide,https://www.scribd.com/document/552360861/Case-Study-1-pdf-1,network security case study,2026-09-19 08:44:26
553309162,ICT380 Security Policy Case Study,https://www.scribd.com/document/553309162/Security-Policy-Case-Study,network security case study,2026-09-19 08:44:26
562649516,Logistics Network Case Study Guide,https://www.scribd.com/document/562649516/Praxis-casestudy-2022-network-design,network security case study,2026-09-19 08:44:26
577644306,Overview of Computer Network Types,https://www.scribd.com/document/577644306/Types-of-Computer-network,network security case study,2026-09-19 08:44:26
580643046,Italpresse Secures IT with Syneto UTM,https://www.scribd.com/document/580643046/case-study-italpresse,network security case study,2026-09-19 08:44:26
605276562,Network Security Audit Checklist,https://www.scribd.com/document/605276562/network-security-audit-sample,network security case study,2026-09-19 08:44:26
618510774,Machine Learning Security and Privacy,https://www.scribd.com/document/618510774/Machine-Learning-Security-and-Privacy,network security case study,2026-09-19 08:44:26
622688594,Cisco WLC Security Best Practices,https://www.scribd.com/document/622688594/WLC-Best-Practices-Security,network security case study,2026-09-19 08:44:26
626460885,IHG's Hotel Industry Innovations and Risks,https://www.scribd.com/document/626460885/Case-Study-2-Analyisis-Angel,network security case study,2026-09-19 08:44:26
630193290,Ford Pinto Case Study Analysis,https://www.scribd.com/document/630193290/Case-Study,network security case study,2026-09-19 08:44:26
632242752,EC3401 Networks and Security Overview,https://www.scribd.com/document/632242752/EC3401-NETWORKS-AND-SECURITY-L-T-P-C,network security case study,2026-09-19 08:44:26
635360225,Mobile App Security Insights,https://www.scribd.com/document/635360225/Mobile-App-Security-pdf,network security case study,2026-09-19 08:44:26
646858826,CompTIA Security+ Exam Key Topics Overview,https://www.scribd.com/document/646858826/SY106-Security-Notes,network security case study,2026-09-19 08:44:26
653575515,Information Security Course Syllabus,https://www.scribd.com/document/653575515/IT-Information-Security-Syllabus,network security case study,2026-09-19 08:44:26
653706260,eBay 2014 Data Breach Analysis,https://www.scribd.com/document/653706260/EBAY-CASE-STUDY-Security-Failure,network security case study,2026-09-19 08:44:26
656185096,Network Technologies Course Overview,https://www.scribd.com/document/656185096/503-Network-Technologies,network security case study,2026-09-19 08:44:26
657283588,CyberArk Case Study: Banking Security Solutions,https://www.scribd.com/document/657283588/CyberArk-UseCase-1,network security case study,2026-09-19 08:44:26
658885692,Understanding Network Security Threats,https://www.scribd.com/document/658885692/1-8-Introduction-to-Networks-Network-Security,network security case study,2026-09-19 08:44:26
672735335,Cyber Security Course Overview,https://www.scribd.com/document/672735335/Cyber-Security,network security case study,2026-09-19 08:44:26
702099740,Capital One Data Breach Case Study,https://www.scribd.com/document/702099740/A-Case-Study-of-the-Capital-One-Data-Breach,network security case study,2026-09-19 08:44:26
702757918,Understanding the Purdue Model for ICS Security,https://www.scribd.com/document/702757918/ICS-Security-The-Purdue-Model-Claroty,network security case study,2026-09-19 08:44:26
704024196,May 2024 Business Management Case Study,https://www.scribd.com/document/704024196/Case-Study-May-2024,network security case study,2026-09-19 08:44:26
712943332,Cybersecurity Case Studies Lab Analysis,https://www.scribd.com/document/712943332/1-1-6-lab-cybersecurity-case-studies,network security case study,2026-09-19 08:44:26
717238460,Philippine Eagle Conservation Status,https://www.scribd.com/document/717238460/PHILIPPINE-EAGLE-CASE-STUDY,network security case study,2026-09-19 08:44:26
720769848,Cyber Security Syllabus,https://www.scribd.com/document/720769848/Cyber-Security-syllabus,network security case study,2026-09-19 08:44:26
72808943,AFEX Case Study,https://www.scribd.com/document/72808943/AFEX-Case-Study,network security case study,2026-09-19 08:44:26
729916250,LSEP Issues in IoT Security Frameworks,https://www.scribd.com/document/729916250/Group-D-CT6058-Case-Study-IOT-Security-Issues-and-Challengs,network security case study,2026-09-19 08:44:26
749535028,NICNET: Transforming Nepal's E-Governance,https://www.scribd.com/document/749535028/3-Case-Study-on-NICNET,network security case study,2026-09-19 08:44:26
757181077,Cybersecurity Study Plan for Master's Degree,https://www.scribd.com/document/757181077/Cyber-Security-Study-Plan,network security case study,2026-09-19 08:44:26
784436767,Hotel Networking Security Challenges,https://www.scribd.com/document/784436767/Network-Case-Study-1,network security case study,2026-09-19 08:44:26
789966331,Network Security Audit for Remote Work,https://www.scribd.com/document/789966331/Network-Security-Audit-Project-Report,network security case study,2026-09-19 08:44:26
79046799,Case Study Examples for Students,https://www.scribd.com/document/79046799/Case-Study-1,network security case study,2026-09-19 08:44:26
802151280,XYZ Corporation Cybersecurity Breach Analysis,https://www.scribd.com/document/802151280/Case-Study-Vulnerabilities,network security case study,2026-09-19 08:44:26
820115397,TechFite Cybersecurity Strategy Overview,https://www.scribd.com/document/820115397/TechFite-Case-Study,network security case study,2026-09-19 08:44:26
840390506,15-Day Prep for Network Security Engineer,https://www.scribd.com/document/840390506/15-day-study-plan-network-security-engineer,network security case study,2026-09-19 08:44:26
847639492,Network Security Exam Answers Guide,https://www.scribd.com/document/847639492/Network-Security-Exam-Answers,network security case study,2026-09-19 08:44:26
862588114,SOC Analyst L1 Study Plan for Beginners,https://www.scribd.com/document/862588114/soc-analyst-study-plan,network security case study,2026-09-19 08:44:26
876599314,IT Security & Networking Case Studies,https://www.scribd.com/document/876599314/IT-Security-and-Networking-Case-Studies,network security case study,2026-09-19 08:44:26
893054704,Information Assurance vs. Information Security,https://www.scribd.com/document/893054704/Informatiojsjsn-security,network security case study,2026-09-19 08:44:26
893407001,Latest Advances in CPU Security Protocols,https://www.scribd.com/document/893407001/Recent-Advances-in-Network-Security-and-Protocols-a-Comprehensive-Study,network security case study,2026-09-19 08:44:26
898460588,CompTIA Network+ N10-009 Study Guide,https://www.scribd.com/document/898460588/CompTIA-NetworkPlus-Study-Guide,network security case study,2026-09-19 08:44:26
921755503,AccorHotels' PCI DSS Compliance Strategy,https://www.scribd.com/document/921755503/PCI-AccorHotels-VigiTrust-Case-Study-V03,network security case study,2026-09-19 08:44:26
188862803,BSIT First Year Subjects Overview,https://www.scribd.com/document/188862803/Bachelor-of-Science-in-Information-Technology-BSIT-BLANK,third year distributed systems presentation,2026-09-19 09:42:24
207927947,Database Management Systems Syllabus,https://www.scribd.com/document/207927947/DBMS-Syllabus,third year distributed systems presentation,2026-09-19 09:42:24
229059752,"SCADA Security: What Is An Industrial Control System?Scada - PCS, Dcs Security",https://www.scribd.com/document/229059752/SCADA-Security-What-Is-an-Industrial-Control-System-Scada-pcs-Dcs-Security,third year distributed systems presentation,2026-09-19 09:42:24
345157622,Smart Grid Control Center Transformation,https://www.scribd.com/document/345157622/CIRED2015-1550-final,third year distributed systems presentation,2026-09-19 09:42:24
348720138,Adms Gartner,https://www.scribd.com/document/348720138,third year distributed systems presentation,2026-09-19 09:42:24
358710088,Expert Systems: Principles & Programming,https://www.scribd.com/document/358710088/Expert-Systems-Principles-and-Programming-4th-Edition-PDF,third year distributed systems presentation,2026-09-19 09:42:24
358710161,Expert Systems: Principles and Programming,https://www.scribd.com/document/358710161/Expert-Systems-Principles-and-Programming-Fourth-Edition-PDF,third year distributed systems presentation,2026-09-19 09:42:24
363289468,Eco Bank Distributed System Design Plan,https://www.scribd.com/document/363289468/Distributed-Exam-2017,third year distributed systems presentation,2026-09-19 09:42:24
372983157,Advanced Database Management Syllabus,https://www.scribd.com/document/372983157/IT366-Advanced-Database-Management-Systems,third year distributed systems presentation,2026-09-19 09:42:24
374614113,Master of Science in Informatics - MoSIG,https://www.scribd.com/document/374614113/Mosig,third year distributed systems presentation,2026-09-19 09:42:24
401278238,Engineering Circuit Analysis Jack E Kemmerly Willi,https://www.scribd.com/document/401278238/Engineering-Circuit-Analysis-Jack-E-Kemmerly-Willi,third year distributed systems presentation,2026-09-19 09:42:24
411731233,MicroSCADA Network Control Solutions,https://www.scribd.com/document/411731233/NetworkControl-752025-Ena-micro-Scada,third year distributed systems presentation,2026-09-19 09:42:24
412764175,BAE Systems' Data Management Revolution,https://www.scribd.com/document/412764175/BAE-System,third year distributed systems presentation,2026-09-19 09:42:24
422058436,System Identification and Control Methods,https://www.scribd.com/document/422058436/Kundoc-com-Real-Time-Computer-Control-an-Introduction,third year distributed systems presentation,2026-09-19 09:42:24
425201426,Experion Pks & Masterlogic: Fundamentals - Configuration and Implementation - Student Program,https://www.scribd.com/document/425201426/View-Flyer,third year distributed systems presentation,2026-09-19 09:42:24
446956148,Advanced Database Management Exam 2019,https://www.scribd.com/document/446956148/ICS-2404-ADVANCED-DATABASE-MANAGEMENT-SYSTEMS,third year distributed systems presentation,2026-09-19 09:42:24
456184126,First Year IT Curriculum Overview,https://www.scribd.com/document/456184126/BSINT-new-curriculum,third year distributed systems presentation,2026-09-19 09:42:24
462567208,Database Management Systems Overview,https://www.scribd.com/document/462567208/DATABASE-MANAGEMENT-SYSTEMS,third year distributed systems presentation,2026-09-19 09:42:24
492003763,Take Home Exam: Distributed Cloud 2020,https://www.scribd.com/document/492003763/Distributed-Cloud-Computing-Take-Home-Exams-1,third year distributed systems presentation,2026-09-19 09:42:24
49643870,Traffic Engineering Course Overview,https://www.scribd.com/document/49643870/CME408-Traffic-Engineering-and-Design-EDocFind-com,third year distributed systems presentation,2026-09-19 09:42:24
586253920,IIT Bhubaneswar Electrical Courses Timetable,https://www.scribd.com/document/586253920/SES-EE-05082022,third year distributed systems presentation,2026-09-19 09:42:24
623147587,Motivation Letter for CS Master's Program,https://www.scribd.com/document/623147587/Letter-of-Motivation-Computer-Science,third year distributed systems presentation,2026-09-19 09:42:24
624133171,Advanced Operating Systems Exam 2011,https://www.scribd.com/document/624133171/BIT4301-ADVANCED-OPERATING-SYSTEMS,third year distributed systems presentation,2026-09-19 09:42:24
684963405,DBMS Notes and Study Material PDF,https://www.scribd.com/document/684963405/database-management-systems-notes,third year distributed systems presentation,2026-09-19 09:42:24
689432915,Database Management Systems Course Overview,https://www.scribd.com/document/689432915/Itec-212-Dbms-course-description-Copy,third year distributed systems presentation,2026-09-19 09:42:24
717221177,Data Science Projects For Final Year,https://www.scribd.com/document/717221177/Data-Science-Projects-for-Final-Year,third year distributed systems presentation,2026-09-19 09:42:24
717342683,Distributed Systems Course Syllabus,https://www.scribd.com/document/717342683/Course-Outline-Distributed-Systems-Course-Outline-Dstributed-Systems,third year distributed systems presentation,2026-09-19 09:42:24
748521854,BSCS Course Outline at SZABIST,https://www.scribd.com/document/748521854/BSCS,third year distributed systems presentation,2026-09-19 09:42:24
764910955,MR1 Application For Registration and Compulsory Third Party Insurance,https://www.scribd.com/document/764910955/MR1-Application-for-registration-and-compulsory-third-party-insurance,third year distributed systems presentation,2026-09-19 09:42:24
767022374,Building Expert Systems Overview,https://www.scribd.com/document/767022374/Building-expert-systems,third year distributed systems presentation,2026-09-19 09:42:24
77909382,Final Year Project Research Topics List,https://www.scribd.com/document/77909382/Final-Year-Project-Topics,third year distributed systems presentation,2026-09-19 09:42:24
795468225,Advanced Database Systems Exam Guide,https://www.scribd.com/document/795468225/CIT-3302-advanced-database-systems-Main-Exam,third year distributed systems presentation,2026-09-19 09:42:24
837640488,Product Analyst Role at American Express,https://www.scribd.com/document/837640488/Analyst-Network-Product-Development-Management-JD,third year distributed systems presentation,2026-09-19 09:42:24
874003773,Distributed Systems Exam Questions 2023,https://www.scribd.com/document/874003773/COM-3234-1-DISTRIBUTED-SYSTEMS-Osano,third year distributed systems presentation,2026-09-19 09:42:24
90954901,Par An FPN 67 Raytheon,https://www.scribd.com/document/90954901/Par-an-Fpn-67-Raytheon,third year distributed systems presentation,2026-09-19 09:42:24
95846192,MicroSCADA Network Control Overview,https://www.scribd.com/document/95846192/ABB-Micro-SCADA-Brochure,third year distributed systems presentation,2026-09-19 09:42:24
962828173,Meru University Distributed Systems Exam,https://www.scribd.com/document/962828173/Ccs-3351-Distributed-Systems-3,third year distributed systems presentation,2026-09-19 09:42:24
975016883,Distributed Systems Exam Questions,https://www.scribd.com/document/975016883/CSC-315-DISTRIBUTED-SYSTEMS-DEC-2023,third year distributed systems presentation,2026-09-19 09:42:24
980584442,Distributed Systems Midterm Exam Guide,https://www.scribd.com/document/980584442/Introdduction-to-Distributed-system-mid-term-exam,third year distributed systems presentation,2026-09-19 09:42:24
98290114,Systems Analysis and Design Syllabus,https://www.scribd.com/document/98290114/SAD-course-Syllabus,third year distributed systems presentation,2026-09-19 09:42:24
13641087,India Security Senario,https://www.scribd.com/document/13641087/India-Security-Senario,phd network security 2003,2026-09-19 09:42:25
15329469,Network Technician CV Example,https://www.scribd.com/document/15329469/IT-Network-Server-Technician-CV,phd network security 2003,2026-09-19 09:42:25
185470866,MCSE 2003 Certification Requirements Guide,https://www.scribd.com/document/185470866/MCSE-Full-Certification-Track-Tech-Ed,phd network security 2003,2026-09-19 09:42:25
19379696,Network Engineer Resume - Waseem Awan,https://www.scribd.com/document/19379696/Waseem-Awan-Resume,phd network security 2003,2026-09-19 09:42:25
207359012,Network Architecture,https://www.scribd.com/document/207359012/network-architecture,phd network security 2003,2026-09-19 09:42:25
230677039,Genetec Security Center 5.2 System Requirements,https://www.scribd.com/document/230677039,phd network security 2003,2026-09-19 09:42:25
235660029,Ranjan Bhandari: Network Security Expert,https://www.scribd.com/document/235660029/Bhandari-Ranjan-Resume,phd network security 2003,2026-09-19 09:42:25
239585659,Security Systems Engineer Resume,https://www.scribd.com/document/239585659,phd network security 2003,2026-09-19 09:42:25
24986878,Operating Systems Security Guide,https://www.scribd.com/document/24986878/Guide-to-Operating-Systems-Security,phd network security 2003,2026-09-19 09:42:25
266736254,Network Engineer Position at Unicom Technology,https://www.scribd.com/document/266736254/Network-Engineer,phd network security 2003,2026-09-19 09:42:25
28752995,Network Systems Analyst Resume,https://www.scribd.com/document/28752995/Jobswire-com-Resume-of-WILLIAMSMARKE,phd network security 2003,2026-09-19 09:42:25
289216076,Security Audit and Control,https://www.scribd.com/document/289216076,phd network security 2003,2026-09-19 09:42:25
294574654,"Stanford CIO Profile: Michael Stanford, PhD",https://www.scribd.com/document/294574654,phd network security 2003,2026-09-19 09:42:25
306174377,PhD in Automotive Cyber Security Program,https://www.scribd.com/document/306174377/ncc-phd,phd network security 2003,2026-09-19 09:42:25
312129675,Dependability in Underwater Sensor Networks,https://www.scribd.com/document/312129675/Initial-PhD-Proposal,phd network security 2003,2026-09-19 09:42:25
339499298,IT Security Specialist Resume Summary,https://www.scribd.com/document/339499298/It-Security-Sample-Resume,phd network security 2003,2026-09-19 09:42:25
36447340,PhD Opportunities at Maastricht University,https://www.scribd.com/document/36447340/PhD-Leaflet,phd network security 2003,2026-09-19 09:42:25
369273246,Network Administrator Resume of Tariq Mehmood,https://www.scribd.com/document/369273246/Tariq-Mehmood-CV-Telecom-IT-Network-Administrator-Copy,phd network security 2003,2026-09-19 09:42:25
383258696,Approach To Auditing Network Security: by S. Anantha Sayana,https://www.scribd.com/document/383258696/Auditing-Networks,phd network security 2003,2026-09-19 09:42:25
406151265,Anugrah Mishra: L2 Network Engineer Resume,https://www.scribd.com/document/406151265/Resume-1,phd network security 2003,2026-09-19 09:42:25
410460008,Ph.D. Aspirations in Networking & Security,https://www.scribd.com/document/410460008/Statement-of-Purpose,phd network security 2003,2026-09-19 09:42:25
430187109,Kaspersky Security Center Datasheet,https://www.scribd.com/document/430187109/Kaspersky-Security-Center-Datasheet,phd network security 2003,2026-09-19 09:42:25
43957463,VTU Computer Networks Syllabus,https://www.scribd.com/document/43957463/Computer-Networks-Ece,phd network security 2003,2026-09-19 09:42:25
43966688,Data Security in Vigilance Software System,https://www.scribd.com/document/43966688/IT-Security,phd network security 2003,2026-09-19 09:42:25
441237267,Windows Server Security Checklist,https://www.scribd.com/document/441237267/UCD-Windows-Security-Checklist,phd network security 2003,2026-09-19 09:42:25
446681233,Pursuing PhD in Network Security at SFU,https://www.scribd.com/document/446681233/SOP-Simon-Fraser,phd network security 2003,2026-09-19 09:42:25
451867458,ICOs and Blockchain Expertise Summary,https://www.scribd.com/document/451867458/James-Vince-CTO-2020-pdf,phd network security 2003,2026-09-19 09:42:25
467941492,Vesda: Application Note 001/03,https://www.scribd.com/document/467941492/VESDA-Network-Connectivity,phd network security 2003,2026-09-19 09:42:25
480852037,Principles: Attendees Will Learn About,https://www.scribd.com/document/480852037/Network-Security,phd network security 2003,2026-09-19 09:42:25
488072039,Pursuing a PhD in Network Security,https://www.scribd.com/document/488072039/alaas-sop-phd-datsci-e,phd network security 2003,2026-09-19 09:42:25
506268973,Understanding Computer Security Threats,https://www.scribd.com/document/506268973/computer-security-paper,phd network security 2003,2026-09-19 09:42:25
515999674,Network Security Foundations Overview,https://www.scribd.com/document/515999674/Network-and-Security-Foundations-C172-Logbook,phd network security 2003,2026-09-19 09:42:25
62511965,Top Hacking Tools for Security Audits,https://www.scribd.com/document/62511965/Top-15-Security-Hacking-Tools-Utilities-Darknet-The-Darkside,phd network security 2003,2026-09-19 09:42:25
643763202,Principles of Network Security Design,https://www.scribd.com/document/643763202/PrinciplesNetworkSecurityDesign,phd network security 2003,2026-09-19 09:42:25
646857194,Network Security Monitoring System Overview,https://www.scribd.com/document/646857194/Network-security-Monitoring-system-IEEE-Paper,phd network security 2003,2026-09-19 09:42:25
6594910,A Firewall & Security Policy Checklist - Tech Republic,https://www.scribd.com/document/6594910/A-Firewall-Security-Policy-Checklist-Tech-Republic,phd network security 2003,2026-09-19 09:42:25
68653356,PhD Motivation Letter in Computer Science,https://www.scribd.com/document/68653356/My-Letter-of-Motivation-1,phd network security 2003,2026-09-19 09:42:25
724597742,VTU BCS703: Info & Network Security Syllabus,https://www.scribd.com/document/724597742/202CS002-Information-and-Network-Security,phd network security 2003,2026-09-19 09:42:25
87960493,Principles of Network Security Design,https://www.scribd.com/document/87960493/Principles-Network-Security-Design,phd network security 2003,2026-09-19 09:42:25
101662665,Statement of Purpose for MS in Bioengineering,https://www.scribd.com/document/101662665/Bioengineering-Sample-Statement-of-Purpose-Sop,phd microbiology,2026-09-19 09:42:26
171390997,Understanding Jock Itch: Causes & Care,https://www.scribd.com/document/171390997/Jock-itch,phd microbiology,2026-09-19 09:42:26
175803477,Lupus: Hidden Infections Explained,https://www.scribd.com/document/175803477/Lupus-Autoimmune-Disease-and-Hidden-Pathogens,phd microbiology,2026-09-19 09:42:26
209123988,Operation Management Analysis for Retreat Apartments,https://www.scribd.com/document/209123988/Operation-Management,operations management 2014,2026-09-19 09:42:26
220332307,Operations Management Assignment Guide,https://www.scribd.com/document/220332307/PGBM03-LC-May-1,operations management 2014,2026-09-19 09:42:26
227183045,Senior IT Operations Executive Resume,https://www.scribd.com/document/227183045,operations management 2014,2026-09-19 09:42:26
229071395,Benefits of Wild Oregano Oil,https://www.scribd.com/document/229071395/Wild-Oregano-Brochure,phd microbiology,2026-09-19 09:42:26
229488765,Program Operations Manager Vacancy,https://www.scribd.com/document/229488765/Program-Operations-program-opretion-Manager,operations management 2014,2026-09-19 09:42:26
231152161,Operations Management Expertise,https://www.scribd.com/document/231152161,operations management 2014,2026-09-19 09:42:26
234685886,Microbiology Project Topics Overview,https://www.scribd.com/document/234685886/Microbiology-Project-Topics-for-Students-an-Undergraduates,phd microbiology,2026-09-19 09:42:26
238185866,Biomedical Sciences Content 2014,https://www.scribd.com/document/238185866/Biomedical-Sciences-Content-2014,phd microbiology,2026-09-19 09:42:26
245040594,Automotive General Manager Resume,https://www.scribd.com/document/245040594/General-Manager-Operations-Automotive-in-USA-Resume-Kenneth-Moerdyk,operations management 2014,2026-09-19 09:42:26
249884813,Operations Research Course Overview,https://www.scribd.com/document/249884813/Course-Outline-Operations-Research,operations management 2014,2026-09-19 09:42:26
252363306,PhD Aspirant in Neuroscience at CWRU,https://www.scribd.com/document/252363306/Statement-of-Purpose-cwru,phd microbiology,2026-09-19 09:42:26
253878586,IKEA Operations Management Case Study,https://www.scribd.com/document/253878586/IKEA-Case-Study,operations management 2014,2026-09-19 09:42:26
253989779,Logistics Operations Manager Profile,https://www.scribd.com/document/253989779,operations management 2014,2026-09-19 09:42:26
260308969,Lynn Margulis and Endosymbiotic Theory,https://www.scribd.com/document/260308969/Lynn-Margulis-doc,phd microbiology,2026-09-19 09:42:26
262195337,Mortgage Banking Professional Profile,https://www.scribd.com/document/262195337,operations management 2014,2026-09-19 09:42:26
264383302,Jon Stroup: Operations Executive Profile,https://www.scribd.com/document/264383302,operations management 2014,2026-09-19 09:42:26
265192252,Nortel Operations Leadership Profile,https://www.scribd.com/document/265192252,operations management 2014,2026-09-19 09:42:26
268040310,Dwayne Thornton: Pharmacy Operations Leader,https://www.scribd.com/document/268040310/VP-Operations-Manager-Pharmacy-in-Tampa-Bay-FL-Resume-Dwayne-Thornton,operations management 2014,2026-09-19 09:42:26
268121957,Operations Management Module Overview,https://www.scribd.com/document/268121957/Module-ECM3164-2014-Operations-Management,operations management 2014,2026-09-19 09:42:26
2741382,Iiiiiieiitiiy: Biocrimes and Misdemeanors,https://www.scribd.com/document/2741382/Biocrimes,phd microbiology,2026-09-19 09:42:26
278184874,Angela Hintz: Project Management Leader,https://www.scribd.com/document/278184874/Twenty-plus-years-of-Project-Management-Operations-IT-experience-with-ten-years-as-a-senior-leader-Proven-record-in-effectively-leading-and-transf,operations management 2014,2026-09-19 09:42:26
282772782,Amy Stewart: Operations Leader in AL,https://www.scribd.com/document/282772782,operations management 2014,2026-09-19 09:42:26
289386796,Operations Management Expertise of Jeff Kurtz,https://www.scribd.com/document/289386796,operations management 2014,2026-09-19 09:42:26
292158313,Sales Director Operations Manager in Metro Washington DC Resume Bobby Butler,https://www.scribd.com/document/292158313/Sales-Director-Operations-Manager-in-Metro-Washington-DC-Resume-Bobby-Butler,operations management 2014,2026-09-19 09:42:26
293332371,Business Operations & Project Management Expert,https://www.scribd.com/document/293332371/Business-Operations-Process-Manager-in-Chicago-IL-Resume-Marlene-Schwan,operations management 2014,2026-09-19 09:42:26
296137663,Operations Management Topics in Nigeria,https://www.scribd.com/document/296137663/Production-and-Operations-Management-Project-Topics-in-Nigeria,operations management 2014,2026-09-19 09:42:26
3195428,Flesh-Eating Bacteria,https://www.scribd.com/document/3195428/Flesh-Eating-Bacteria,phd microbiology,2026-09-19 09:42:26
320606465,PhD Motivation Letter: Taufik Abidin,https://www.scribd.com/document/320606465/Motivation-Letter-for-PHD-Univ-Sydney-20160801,phd microbiology,2026-09-19 09:42:26
332168349,Contributions of Filipino Biologists,https://www.scribd.com/document/332168349/Filipino-Biologists-and-Their-Contributions,phd microbiology,2026-09-19 09:42:26
334187085,Senior Operations Manager Resume,https://www.scribd.com/document/334187085,operations management 2014,2026-09-19 09:42:26
358417922,Ethernet Networks Design Implementation Operation Management Fourth Edition PDF Expert Spring,https://www.scribd.com/document/358417922/ethernet-networks-design-implementation-operation-management-fourth-edition-pdf-expert-spring,operations management 2014,2026-09-19 09:42:26
358800975,BA 240: Operations Management Overview,https://www.scribd.com/document/358800975,operations management 2014,2026-09-19 09:42:26
359146300,Linux File Management Overview,https://www.scribd.com/document/359146300/File-Management-in-Linux-Operating-System-PDF,operations management 2014,2026-09-19 09:42:26
366717790,Operations Management Course Overview,https://www.scribd.com/document/366717790/Operations-Management-Syllabus,operations management 2014,2026-09-19 09:42:26
377896873,Olive Leaf Extract for Respiratory Health,https://www.scribd.com/document/377896873/Olive-Leaf-Extract,phd microbiology,2026-09-19 09:42:26
379791724,PhD Statement of Purpose in Biotechnology,https://www.scribd.com/document/379791724/Statement-of-Purpose,phd microbiology,2026-09-19 09:42:26
384195709,Comprehensive Ology Science List,https://www.scribd.com/document/384195709/Ology-List-of-Sciences,phd microbiology,2026-09-19 09:42:26
386587032,Natasha Bailey: Event Management Expertise,https://www.scribd.com/document/386587032/natasha-bailey-resume-operations-manager,operations management 2014,2026-09-19 09:42:26
415004286,B.Sc. in Food Technology Overview,https://www.scribd.com/document/415004286/B-sc-Food-Technology-Bachelor-of-Science-in-Food-Technology-Syllabus-Eligibility-Duration-Degree-Course,phd microbiology,2026-09-19 09:42:26
431953171,Advanced Operations Management Syllabus,https://www.scribd.com/document/431953171/Advanced-Operations-Management,operations management 2014,2026-09-19 09:42:26
436573655,Panneerselvam's Production Management Ebook,https://www.scribd.com/document/436573655/8546-b722,operations management 2014,2026-09-19 09:42:26
439549805,Introduction To Veterinary Pathology,https://www.scribd.com/document/439549805/Introduction-to-Veterinary-Pathology-2,phd microbiology,2026-09-19 09:42:26
449923774,UCC BSc Microbiology Degree Overview,https://www.scribd.com/document/449923774/Microbiology-BSc,phd microbiology,2026-09-19 09:42:26
451576336,STEM Career Pathways Explored,https://www.scribd.com/document/451576336/ada-lovelace-day-stem-careers-poster,phd microbiology,2026-09-19 09:42:26
452875630,STEM Career Pathways and Opportunities,https://www.scribd.com/document/452875630/Ada-Lovelace-Day-STEM-Careers-Poster-pdf,phd microbiology,2026-09-19 09:42:26
458244083,Microbiology: Principles and Explorations PDF,https://www.scribd.com/document/458244083/f752d1d318245a036308e300fc02fe6ce303,phd microbiology,2026-09-19 09:42:26
464084662,Operations Management Course Syllabus,https://www.scribd.com/document/464084662/T2528-Management-of-Operations,operations management 2014,2026-09-19 09:42:26
480402311,Operations Management Improvement Plan,https://www.scribd.com/document/480402311/Executive-Summary,operations management 2014,2026-09-19 09:42:26
482977644,SIB 2014-20 Crosswind Operations,https://www.scribd.com/document/482977644/SIB-2014-20-Crosswind-Operations,operations management 2014,2026-09-19 09:42:26
485460009,Soumojit Kumar: PhD in Operations Research,https://www.scribd.com/document/485460009/KumarSoumojit-Operations-Research,operations management 2014,2026-09-19 09:42:26
493051179,COVID-19 PCR Test Report for Shakti Gaur,https://www.scribd.com/document/493051179/0122201673-report,phd microbiology,2026-09-19 09:42:26
495780724,Hospitality Operations Management Syllabus,https://www.scribd.com/document/495780724/Hospitality-Operations,operations management 2014,2026-09-19 09:42:26
497999785,2015 Role of Probiotics,https://www.scribd.com/document/497999785/2015-Role-of-Probiotics,phd microbiology,2026-09-19 09:42:26
510343569,COVID-19 RT-PCR Test Result Report,https://www.scribd.com/document/510343569/Hemant-Choudhary-Covid,phd microbiology,2026-09-19 09:42:26
519557820,Overcoming Challenges to Achieve Success,https://www.scribd.com/document/519557820/universities,phd microbiology,2026-09-19 09:42:26
530871393,Medical Microbiology 18th Edition Guide,https://www.scribd.com/document/530871393/1-6,phd microbiology,2026-09-19 09:42:26
53702018,The Germ Theory,https://www.scribd.com/document/53702018/The-Germ-Theory,phd microbiology,2026-09-19 09:42:26
538312735,SOP Sample for Applied Microbiology,https://www.scribd.com/document/538312735/SOP-Sample-for-Masters-in-Applied-Microbiology,phd microbiology,2026-09-19 09:42:26
556388451,Essential Mead Making Resources,https://www.scribd.com/document/556388451/A-complete-list-of-books-on-mead-making,phd microbiology,2026-09-19 09:42:26
57519182,PhD Motivation Letter Sample for Germany,https://www.scribd.com/document/57519182/Motivation-Letter,phd microbiology,2026-09-19 09:42:26
580659208,Apple Inc.'s Operations Management Strategies,https://www.scribd.com/document/580659208/Apple-Final-Term,operations management 2014,2026-09-19 09:42:26
601753553,Rethinking the Viral Theory Debate,https://www.scribd.com/document/601753553/SETTLING-THE-VIRUS-DEBATE-Source,phd microbiology,2026-09-19 09:42:26
623101402,Psychoneuroimmunology Overview,https://www.scribd.com/document/623101402/Psychoneuroimmunology-2,phd microbiology,2026-09-19 09:42:26
639557621,1918 Spanish Flu: Vaccine Impact Revealed,https://www.scribd.com/document/639557621/The-1918-Spanish-Flu-Only-the-Vaccinated-Died-Rights-and-Freedoms,phd microbiology,2026-09-19 09:42:26
648819585,PhD Scholarships at KCRI for Cancer Research,https://www.scribd.com/document/648819585/PhD-ADVERT-REACCT-CAN,phd microbiology,2026-09-19 09:42:26
656943112,PhD Aspirations in Virology Research,https://www.scribd.com/document/656943112/F-U-EBUARA-STATEMENT-OF-PURPOSE,phd microbiology,2026-09-19 09:42:26
696160015,Operations Management 14th Edition Overview,https://www.scribd.com/document/696160015/801bdace-c2bf-473e-a769-0f7735325804,operations management 2014,2026-09-19 09:42:26
72789234,Pursuing a PhD in Biotechnology Research,https://www.scribd.com/document/72789234/Ani,phd microbiology,2026-09-19 09:42:26
768252188,Service Operations Management Syllabus,https://www.scribd.com/document/768252188/T2187-Service-Operations-Management,operations management 2014,2026-09-19 09:42:26
85508321,PhD Aspirations in Biotechnology and Genetics,https://www.scribd.com/document/85508321/Statement-of-Purpose,phd microbiology,2026-09-19 09:42:26
855733343,Operations Management Leadership Resume,https://www.scribd.com/document/855733343/Operations-Management-Resume,operations management 2014,2026-09-19 09:42:26
86317260,Profitable Career in Mushroom Cultivation,https://www.scribd.com/document/86317260/Career-in-Mushroom-Cultivation,phd microbiology,2026-09-19 09:42:26
866587350,Operations Management Course Overview,https://www.scribd.com/document/866587350/Operations-Management,operations management 2014,2026-09-19 09:42:26
895932450,Operations Management March 2014,https://www.scribd.com/document/895932450/Operations-Management-March-2014,operations management 2014,2026-09-19 09:42:26
964841471,Ph.D. Microbiology Entrance Exam Syllabus,https://www.scribd.com/document/964841471/Microbiology-Syllabus-UOM,phd microbiology,2026-09-19 09:42:26
991382173,NICE Guidelines On Antibiotic Prescribing,https://www.scribd.com/document/991382173/NICE-guidelines-on-antibiotic-prescribing-2,phd microbiology,2026-09-19 09:42:26
1046986519,Computer Vision,https://www.scribd.com/document/1046986519/COMPUTER-VISION,university computer vision project,2026-09-19 09:42:27
118756126,Monash Bachelor of Commerce Overview,https://www.scribd.com/document/118756126,university computer vision project,2026-09-19 09:42:27
125739806,Computer Science Statement of Purpose,https://www.scribd.com/document/125739806/Computer-Science-Sample-Sop-3,university computer vision project,2026-09-19 09:42:27
13198223,Murdoch University International Application,https://www.scribd.com/document/13198223/Application-Form,university computer vision project,2026-09-19 09:42:27
154126870,CMU Computer Science Graduate Admission,https://www.scribd.com/document/154126870/Computer-Science-MS,university computer vision project,2026-09-19 09:42:27
167306898,World Vision Tanzania: 192 Facilitator Jobs,https://www.scribd.com/document/167306898/World-Vision-Tanzania,university computer vision project,2026-09-19 09:42:27
239507301,2013 Statistics MCQs Exam Paper,https://www.scribd.com/document/239507301/Statistics-Mcqs-Paper-2013,methods statistics paper,2026-09-19 09:42:27
241179522,Student Project Charter: University Website,https://www.scribd.com/document/241179522,university computer vision project,2026-09-19 09:42:27
259776025,Kernel Density Estimation Methods,https://www.scribd.com/document/259776025/Estimation-Assg,methods statistics paper,2026-09-19 09:42:27
260433785,PhD Research Methods Overview,https://www.scribd.com/document/260433785,methods statistics paper,2026-09-19 09:42:27
309308747,Hypothesis Testing Project Guidelines,https://www.scribd.com/document/309308747/Hypothesis-Test-Paper,methods statistics paper,2026-09-19 09:42:27
309548780,Business Research Methods Question Paper,https://www.scribd.com/document/309548780/sample-question-paper-for-business-research-methods,methods statistics paper,2026-09-19 09:42:27
311193071,Qualitative vs Quantitative Research Methods,https://www.scribd.com/document/311193071/Differences-Between-Qualitative-and-Quantitative-Research-Methods,methods statistics paper,2026-09-19 09:42:27
321530311,CS131: Computer Vision Course Overview,https://www.scribd.com/document/321530311/1-pdfsam-Stanford-University-CS-131-Computer-Vision-Foundations-and-Applications,university computer vision project,2026-09-19 09:42:27
341632552,Probability and Statistics Activity Sheet,https://www.scribd.com/document/341632552/Statistics-and-Probability-Activity-Sheet-1,methods statistics paper,2026-09-19 09:42:27
35184727,My Journey with Laser Blended Vision,https://www.scribd.com/document/35184727/My-Personal-Account-of-Laser-Blended-Vision,university computer vision project,2026-09-19 09:42:27
356198318,Understanding Color Vision Theories,https://www.scribd.com/document/356198318/Color-Vision-PDF,university computer vision project,2026-09-19 09:42:27
356209003,Advances in Colour Imaging Technology,https://www.scribd.com/document/356209003/Colour-Imaging-Vision-and-Technology-PDF,university computer vision project,2026-09-19 09:42:27
356231965,Combinatorial Methods in Computer Science,https://www.scribd.com/document/356231965/combinatorial-methods-with-computer-applications-pdf,university computer vision project,2026-09-19 09:42:27
370956104,Real-Time Micro-Expression Analysis Project,https://www.scribd.com/document/370956104/Emotion-AI-computer-vision-based-real-time-micro-expression-analysis,university computer vision project,2026-09-19 09:42:27
374873568,Innovative Computer Science Project Ideas,https://www.scribd.com/document/374873568/Computer-Science-Project-Ideas,university computer vision project,2026-09-19 09:42:27
379101746,UET Taxila Computer Vision Course Plan,https://www.scribd.com/document/379101746/CV-Course-Plan,university computer vision project,2026-09-19 09:42:27
394603083,Identifying Sampling Methods Worksheet,https://www.scribd.com/document/394603083/Identifying-Sampling-Methods-Worksheet,methods statistics paper,2026-09-19 09:42:27
397621105,Essential Research Methods Resources,https://www.scribd.com/document/397621105/Link-Research-Method-Book,methods statistics paper,2026-09-19 09:42:27
410609565,Statistical Methods for Mineral Engineers,https://www.scribd.com/document/410609565/JKTech-Statistics-Brochure,methods statistics paper,2026-09-19 09:42:27
411211492,Biostatistics and Research Methods Overview,https://www.scribd.com/document/411211492/BIOSTATISTICS-AND-RESEARCH-METHODS,methods statistics paper,2026-09-19 09:42:27
413722908,Project Vision Document Template,https://www.scribd.com/document/413722908/Vision-RUP,university computer vision project,2026-09-19 09:42:27
416434963,GTU Sem 3 Probability & Statistics Syllabus,https://www.scribd.com/document/416434963/Probability-Statistics-syllabus-GTU-3rd-Sem-CE,methods statistics paper,2026-09-19 09:42:27
419298598,5 Ways To Fix Statistics,https://www.scribd.com/document/419298598/5-Ways-to-Fix-Statistics,methods statistics paper,2026-09-19 09:42:27
420417621,Statistical Procedures in Research Design,https://www.scribd.com/document/420417621/Exam-Q2,methods statistics paper,2026-09-19 09:42:27
421183836,Business Statistics Syllabus for B.Com 1st Year,https://www.scribd.com/document/421183836/Business-Statistics-B-com-I,methods statistics paper,2026-09-19 09:42:27
426731219,Business Research Methods: 6th Edition,https://www.scribd.com/document/426731219/Business-Research-Methods-Uma-Sekaran-6th-Edition,methods statistics paper,2026-09-19 09:42:27
428282283,Qualitative vs Quantitative Research Methods,https://www.scribd.com/document/428282283/Quantative-and-Qualitative-Research,methods statistics paper,2026-09-19 09:42:27
431211096,Levels of Measurement in Statistics,https://www.scribd.com/document/431211096/Levels-of-Measurement-and-Choosing-the-C-1,methods statistics paper,2026-09-19 09:42:27
431329907,Homography (Computer Vision),https://www.scribd.com/document/431329907/Homography-Computer-Vision,university computer vision project,2026-09-19 09:42:27
433007053,Pursuing MS in Computer Science at Purdue,https://www.scribd.com/document/433007053/Statement-of-Purpose-purdue-University,university computer vision project,2026-09-19 09:42:27
438391164,Research Methods and Thesis Writing,https://www.scribd.com/document/438391164/Methods-of-Research-and-Thesis-Writing-by-Calmorin,methods statistics paper,2026-09-19 09:42:27
458913895,Quantitative Research in Practical Research 2,https://www.scribd.com/document/458913895/PRACTICAL-RESEARCH-2-Handouts-docx,methods statistics paper,2026-09-19 09:42:27
459907064,Computer Science BINUS UNIVERSITY,https://www.scribd.com/document/459907064/Computer-Science-BINUS-UNIVERSITY,university computer vision project,2026-09-19 09:42:27
459928131,Computer Vision Basics Certificate,https://www.scribd.com/document/459928131/Computer-Vision-Basics,university computer vision project,2026-09-19 09:42:27
468780501,Sampling Methods Worksheet and Quiz,https://www.scribd.com/document/468780501/Identifying-Sampling-Methods-worksheet,methods statistics paper,2026-09-19 09:42:27
471880520,9th Grade Research III Quarter 2 Overview,https://www.scribd.com/document/471880520/Research-9-MELC-2,methods statistics paper,2026-09-19 09:42:27
474645864,University Registration System Proposal,https://www.scribd.com/document/474645864/Project-proposal-university-management-system-pdf,university computer vision project,2026-09-19 09:42:27
481196400,Weekly Project Log Report Template,https://www.scribd.com/document/481196400/Project-Log-Report,university computer vision project,2026-09-19 09:42:27
483558880,Year 8 Statistics Example Paper,https://www.scribd.com/document/483558880/StatisticsExampleTestPaper,methods statistics paper,2026-09-19 09:42:27
494222071,Computer Vision Project Guidelines,https://www.scribd.com/document/494222071/Computer-Vision-Project,university computer vision project,2026-09-19 09:42:27
500639577,"How To Report Statistics in Medicine: Annotated Guidelines For Authors, Editors, and Reviewers",https://www.scribd.com/document/500639577/How-to-Report-Statistics-in-Medicine-Annotated-Gui,methods statistics paper,2026-09-19 09:42:27
523393404,Computer Programming for Civil Engineers,https://www.scribd.com/document/523393404/CEP211L-Computer-Fundamentals-and-Programming-2-Laboratory-SYLLABUS,university computer vision project,2026-09-19 09:42:27
538475782,Statistical Training for Mineral Engineers,https://www.scribd.com/document/538475782/JKTech-Brochure-Statistics-Training-July2021-FINALv2,methods statistics paper,2026-09-19 09:42:27
557834357,Research Methods Exam Paper 2014,https://www.scribd.com/document/557834357/ICT-726-Research-Methods-Exam-p1-Question-Paper,methods statistics paper,2026-09-19 09:42:27
558185587,MBA Business Statistics Exam Paper,https://www.scribd.com/document/558185587/mba-1-sem-business-statistics-mba-aktu-previous-year-paper,methods statistics paper,2026-09-19 09:42:27
558185591,MBA Business Statistics Exam Paper,https://www.scribd.com/document/558185591/mba-1-sem-business-statistics-mba-aktu-previous-year-paper,methods statistics paper,2026-09-19 09:42:27
575239742,Mobile Payments for Local Business Advantage,https://www.scribd.com/document/575239742/CONCEPT-PAPER,methods statistics paper,2026-09-19 09:42:27
579691010,CCNY Computer Science Curriculum Overview,https://www.scribd.com/document/579691010/Computer-Science-4087,university computer vision project,2026-09-19 09:42:27
583646678,Personal Statement for MSc Project Management,https://www.scribd.com/document/583646678/University-of-Sunderland-SOP,university computer vision project,2026-09-19 09:42:27
588721160,Midterm Exam in Research Methods,https://www.scribd.com/document/588721160/mid-term-exam-in-methods-of-research,methods statistics paper,2026-09-19 09:42:27
59126860,DART Project: Advancing Archaeological Detection,https://www.scribd.com/document/59126860,university computer vision project,2026-09-19 09:42:27
614492206,Reflection on Sampling Concepts,https://www.scribd.com/document/614492206/Reflection-Paper-Chapter-3-in-Statistics-and-Probability-Jan-D-Unay,methods statistics paper,2026-09-19 09:42:27
614912979,UT Austin MS in Computer Science SOP,https://www.scribd.com/document/614912979/SOP-University-of-Texas-at-Austin-3,university computer vision project,2026-09-19 09:42:27
617091990,Computer Vision Question Bank 2022-23,https://www.scribd.com/document/617091990/Question-bank-of-computer-vision,university computer vision project,2026-09-19 09:42:27
626896798,Advanced Deep Learning For Computer Vision,https://www.scribd.com/document/626896798/Advanced-Deep-Learning-for-Computer-vision,university computer vision project,2026-09-19 09:42:27
633563173,Understanding Standard Scores in Statistics,https://www.scribd.com/document/633563173/Topic-05-Standard-Scores,methods statistics paper,2026-09-19 09:42:27
636365059,Pursuing a PhD in Statistics at Cornell,https://www.scribd.com/document/636365059/SOP-Statistics,methods statistics paper,2026-09-19 09:42:27
654519531,Business Statistics Exam Paper 2022,https://www.scribd.com/document/654519531/Business-Statistics-FinalExam-Paper-1-Spring-2022,methods statistics paper,2026-09-19 09:42:27
667517268,Computer Science Program Overview AAU,https://www.scribd.com/document/667517268/Computer-Science-Addis-Ababa-University,university computer vision project,2026-09-19 09:42:27
683277699,University College Network Design Project,https://www.scribd.com/document/683277699/Computer-Networking-Project,university computer vision project,2026-09-19 09:42:27
687946423,VisionProject Pricing Overview,https://www.scribd.com/document/687946423/computer-vision-project,university computer vision project,2026-09-19 09:42:27
689114206,MBA Statistics and Optimization Exam 2021,https://www.scribd.com/document/689114206/Statistics-and-Optimization-Techniques-2021-Q-PAPER,methods statistics paper,2026-09-19 09:42:27
695105054,Computer Vision Syllabus - JNTUK 2020,https://www.scribd.com/document/695105054/computer-vision,university computer vision project,2026-09-19 09:42:27
699140465,Vision Transformers Explained by Wolfe,https://www.scribd.com/document/699140465/Using-Transformers-for-Computer-Vision-by-Cameron-R-Wolfe-Ph-D-Towards-Data-Science,university computer vision project,2026-09-19 09:42:27
723082542,Computer Workshop Syllabus Overview,https://www.scribd.com/document/723082542/Computer-Workshop-1,university computer vision project,2026-09-19 09:42:27
745479715,FPSC Statistics Lecturer Test Questions,https://www.scribd.com/document/745479715/FPSC-Statistics-Lecturer-Test-Sample-Questions,methods statistics paper,2026-09-19 09:42:27
750997715,AI Virtual Mouse Project Proposal,https://www.scribd.com/document/750997715/Project-Proposal-Template,university computer vision project,2026-09-19 09:42:27
798537412,Introduction to Statistics Overview,https://www.scribd.com/document/798537412/1-Introduction-to-Statistics,methods statistics paper,2026-09-19 09:42:27
856447776,Computer Vision Course Syllabus,https://www.scribd.com/document/856447776/Computer-Vision-Syllabus,university computer vision project,2026-09-19 09:42:27
873388057,Multiple View Geometry in Computer Vision,https://www.scribd.com/document/873388057/Multiple-View-Geometry-in-Computer-Vision-in-SearchWorks-Catalog,university computer vision project,2026-09-19 09:42:27
900722104,JAMA Guide to Statistics and Methods,https://www.scribd.com/document/900722104/Document,methods statistics paper,2026-09-19 09:42:27
94130381,Project Vision Document Template,https://www.scribd.com/document/94130381,university computer vision project,2026-09-19 09:42:27
966480138,Computer Oriented Statistical Methods Exam,https://www.scribd.com/document/966480138/COMPUTER-ORIENTED-STATISTICAL-METHODS-CSE-IT-CSO,methods statistics paper,2026-09-19 09:42:27
1052755103,2 - A Commercial Law Review Denzo Notes Bar 2026,https://www.scribd.com/document/1052755103/2-a-Commercial-Law-Review-Denzo-Notes-Bar-2026,commercial law class notes,2026-09-19 09:45:29
1062899060,Commercial Law Notes,https://www.scribd.com/document/1062899060/Commercial-Law-Notes,commercial law class notes,2026-09-19 09:45:29
1065994370,Commercial Law Second Year Notes-1,https://www.scribd.com/document/1065994370/Commercial-Law-Second-Year-Notes-1,commercial law class notes,2026-09-19 09:45:29
113394675,Promissory Notes as Securities: UCC Insights,https://www.scribd.com/document/113394675/Holy-Smoke-My-Promissory-Note-s-a-Security,commercial law class notes,2026-09-19 09:45:29
138981906,Law of Cosine and Sine Lesson Plan,https://www.scribd.com/document/138981906/8-3-law-of-cosine-and-sine-lesson-plan,commercial law class notes,2026-09-19 09:45:29
156990948,Understanding Federal Reserve Notes,https://www.scribd.com/document/156990948/Federal-Reserve-Notes-Are-Not-Money,commercial law class notes,2026-09-19 09:45:29
177658875,Criminal Law Principles and Cases,https://www.scribd.com/document/177658875/CrimLaw-Class-Notes-2,commercial law class notes,2026-09-19 09:45:29
185678671,Banking Law & Negotiable Instruments Guide,https://www.scribd.com/document/185678671/Banking-Law-Negotiable-Instruments-Act,commercial law class notes,2026-09-19 09:45:29
185725223,Overview of Criminal Procedure Notes,https://www.scribd.com/document/185725223/Criminal-Procedure-Notes,commercial law class notes,2026-09-19 09:45:29
192510159,U.S. Crime Defined as Commercial Law,https://www.scribd.com/document/192510159/U-S-Inc-Defines-All-Crime-as-Commercial-as-a-Result-of-the-Fall-of-the-Republic,commercial law class notes,2026-09-19 09:45:29
210087026,Overview of Business Law in Nepal,https://www.scribd.com/document/210087026,commercial law class notes,2026-09-19 09:45:29
23060083,Law Reports,https://www.scribd.com/document/23060083/Law-Reports,commercial law class notes,2026-09-19 09:45:29
23618703,San Diego Law Firms Directory,https://www.scribd.com/document/23618703/San-Diego-Law-Firms,commercial law class notes,2026-09-19 09:45:29
243936805,Commercial Law Bar Exam Questions,https://www.scribd.com/document/243936805/Commercial-Law-notes,commercial law class notes,2026-09-19 09:45:29
244661693,Commercial Insurance Contract Wording,https://www.scribd.com/document/244661693/Commercial-Insurance-Contract-Wording,commercial law class notes,2026-09-19 09:45:29
246783004,Law of Debtors and Creditors Course Guide,https://www.scribd.com/document/246783004,commercial law class notes,2026-09-19 09:45:29
254262116,Commercial Law Syllabus for Zimbabwe,https://www.scribd.com/document/254262116/Commercial-Law-Syllabus,commercial law class notes,2026-09-19 09:45:29
258893884,Combined Gas Law Practice Problems,https://www.scribd.com/document/258893884/Combined-Gas-Law-Practice,commercial law class notes,2026-09-19 09:45:29
266491436,Understanding Romalpa Clauses in Sales,https://www.scribd.com/document/266491436/Commercial-Law-Romalpa-Clauses,commercial law class notes,2026-09-19 09:45:29
275572388,Positivisim Class Notes,https://www.scribd.com/document/275572388/Positivisim-Class-Notes,commercial law class notes,2026-09-19 09:45:29
280245707,EO 97-A and Equal Protection Analysis,https://www.scribd.com/document/280245707/240-Tiu-vs-CA-Digest,commercial law class notes,2026-09-19 09:45:29
290572650,Class 9 Lesson Plan: Newton's Second Law,https://www.scribd.com/document/290572650/lesson-plan-1-newtons-second-law,commercial law class notes,2026-09-19 09:45:29
327701863,Class 12 Physics: Magnetism & Matter Notes,https://www.scribd.com/document/327701863/12-Physics-Notes-Ch05-Magnetism-and-Matter,commercial law class notes,2026-09-19 09:45:29
334970926,INTI Law Degree Transfer Programme,https://www.scribd.com/document/334970926/Law-inti,commercial law class notes,2026-09-19 09:45:29
337635530,Banking Law and Negotiable Instruments Guide,https://www.scribd.com/document/337635530/Notes-and-Cases-on-Banking-Law-and-Negotiable-Instruments-Law-Vol-1,commercial law class notes,2026-09-19 09:45:29
337894448,2014 Bar Exam Commercial Law Guidelines,https://www.scribd.com/document/337894448/mercantile2014-docx,commercial law class notes,2026-09-19 09:45:29
351874508,Science Notes For Class 10 Chapter 12 Physcis Electricity PDF,https://www.scribd.com/document/351874508/Science-Notes-for-Class-10-Chapter-12-Physcis-Electricity-PDF,commercial law class notes,2026-09-19 09:45:29
356350101,Commercial Law in Sri Lanka Overview,https://www.scribd.com/document/356350101/Commercial-Law-in-Sri-Lanka-PDF,commercial law class notes,2026-09-19 09:45:29
356350136,Overview of Commercial Law in Malaysia,https://www.scribd.com/document/356350136/commercial-law-malaysia-pdf,commercial law class notes,2026-09-19 09:45:29
356754473,Constitutional Law Unit II Notes,https://www.scribd.com/document/356754473/Class-Notes-on-Constitutional-Law-Unit-II-1st-Sem-3-Year-LL,commercial law class notes,2026-09-19 09:45:29
358431711,Ethiopian Insurance Law Overview,https://www.scribd.com/document/358431711/ethiopian-insurance-law-pdf,commercial law class notes,2026-09-19 09:45:29
358937309,Family Law Notes Overview PDF,https://www.scribd.com/document/358937309/Family-Law-Notes-PDF,commercial law class notes,2026-09-19 09:45:29
380646466,CBSE Class 12 Physics: Magnetism Notes,https://www.scribd.com/document/380646466/12-physics-notes-ch04-moving-charges-and-magnetism-pdf,commercial law class notes,2026-09-19 09:45:29
381494569,RCBC vs. Bangayan: Bank Secrecy Case,https://www.scribd.com/document/381494569/27-Ricardo-b-Bangayan-vs-Rizal-Commercial-Banking-Corporation,commercial law class notes,2026-09-19 09:45:29
38624840,History of Commercial Law Evolution,https://www.scribd.com/document/38624840/Commercial-Law-Development,commercial law class notes,2026-09-19 09:45:29
387230140,Criminal Law I Syllabus Overview,https://www.scribd.com/document/387230140/Criminal-Law-i-Syllabus,commercial law class notes,2026-09-19 09:45:29
394790140,EU Law Take-Home Exam Instructions,https://www.scribd.com/document/394790140/An-Introduction-to-European-Union-Law-Robert-Schutze,commercial law class notes,2026-09-19 09:45:29
408290486,Law Review Book Recommendations,https://www.scribd.com/document/408290486/Suggestion,commercial law class notes,2026-09-19 09:45:29
408870705,Law Enforcement 1 Course Overview,https://www.scribd.com/document/408870705/syllabus-law-enforcement-1-8413-2018-2019,commercial law class notes,2026-09-19 09:45:29
411419087,Class 11 Probability Revision Notes,https://www.scribd.com/document/411419087/11-maths-notes-16-Probability-pdf,commercial law class notes,2026-09-19 09:45:29
411492053,Understanding eBook Ethics and Piracy,https://www.scribd.com/document/411492053/Class-Work-Notes,commercial law class notes,2026-09-19 09:45:29
411553946,Class 10 Physics: Electricity Notes,https://www.scribd.com/document/411553946/CBSE-Class-10-Physics-Electricity-Notes,commercial law class notes,2026-09-19 09:45:29
412908102,Berman & Thiel: Globalization Insights,https://www.scribd.com/document/412908102/week-1-peterserin-notes-on-german-270,commercial law class notes,2026-09-19 09:45:29
419328043,Law 107 Final Exam Questionnaire,https://www.scribd.com/document/419328043/Introduction-to-Law-Finals,commercial law class notes,2026-09-19 09:45:29
419441464,Class 3 Heavy Vehicle Examples,https://www.scribd.com/document/419441464/CLASS-VEHICLE,commercial law class notes,2026-09-19 09:45:29
424716522,Ohm's Law Lesson Plan and Activities,https://www.scribd.com/document/424716522/Ohms-Law-Lesson-Plan,commercial law class notes,2026-09-19 09:45:29
432485121,Class 3 Money: For More Such Worksheets Visit Paise.,https://www.scribd.com/document/432485121/class-3-maths,commercial law class notes,2026-09-19 09:45:29
433196232,JCB Commercial Vehicle Insurance Details,https://www.scribd.com/document/433196232/Commercial-Vehicle-Package-Policy-2019-10-21T184452-136-PDF,commercial law class notes,2026-09-19 09:45:29
434050824,Key Concepts in Family Law II,https://www.scribd.com/document/434050824/important-frequent-question-on-family-law,commercial law class notes,2026-09-19 09:45:29
455928964,Constitutional Law Course Overview,https://www.scribd.com/document/455928964/Syllabus-Con-law-Syllabus-1-13-20,commercial law class notes,2026-09-19 09:45:29
458630017,UAE Promissory Notes and Bills of Exchange,https://www.scribd.com/document/458630017/Bills-of-Exchange-and-Promissory-Notes-UAE-legal-position-pdf,commercial law class notes,2026-09-19 09:45:29
461941319,Overview of Legal System Concepts,https://www.scribd.com/document/461941319/Legal-studies-class-notes,commercial law class notes,2026-09-19 09:45:29
463704305,Comprehensive Guide to Commercial Law,https://www.scribd.com/document/463704305/Commercial-Law-Textbook-docx,commercial law class notes,2026-09-19 09:45:29
46520336,Allonges Under New York UCC - Law Journal NYLJ - November 2006-93-93,https://www.scribd.com/document/46520336/Allonges-Under-New-York-UCC-Law-Journal-NYLJ-November-2006-93-93,commercial law class notes,2026-09-19 09:45:29
469824673,Commercial Law Assignment Guidance,https://www.scribd.com/document/469824673/Commercial-Law-Assignment-02,commercial law class notes,2026-09-19 09:45:29
475891338,Criminal Law 1 Class Notes Overview,https://www.scribd.com/document/475891338/CRIM-1-ANDENG-NOTES-docx,commercial law class notes,2026-09-19 09:45:29
481390276,Promissory Note Agreement Details,https://www.scribd.com/document/481390276/promissory-note-HBP,commercial law class notes,2026-09-19 09:45:29
483128703,Common Law Copyright Notice (Scribed) (Updated),https://www.scribd.com/document/483128703/Common-Law-Copyright-Notice-Scribed-updated,commercial law class notes,2026-09-19 09:45:29
489008859,Class 8 Civics Chapter 1 Notes,https://www.scribd.com/document/489008859/Class-8th-Notes-Civics-Chap-1,commercial law class notes,2026-09-19 09:45:29
489479028,Church and State Law in the Philippines,https://www.scribd.com/document/489479028/c6062f9c66233e075b29cf8801c057b1,commercial law class notes,2026-09-19 09:45:29
493862194,Importance of Commercial Law Review,https://www.scribd.com/document/493862194/Commercial-Law-Review-importance-and-expectation,commercial law class notes,2026-09-19 09:45:29
494147027,Pilot Hiring Criteria in Pakistan,https://www.scribd.com/document/494147027/Hiring-commercial-Pilots,commercial law class notes,2026-09-19 09:45:29
494229699,Kaindl Easy Touch Flooring Warranty Guide,https://www.scribd.com/document/494229699/19-1-Garantie-KAINDL-Laminate-FLOORING-Easy-Touch-EN,commercial law class notes,2026-09-19 09:45:29
499103726,Benedicto M. Gonzales Jr. Central Books First Edition,https://www.scribd.com/document/499103726/Admin-Law-Assignments,commercial law class notes,2026-09-19 09:45:29
507332834,Commercial Law Review Guide 2023,https://www.scribd.com/document/507332834/Commercial-Law-Review-Notes,commercial law class notes,2026-09-19 09:45:29
528319084,Intent to Create Legal Relations in Contracts,https://www.scribd.com/document/528319084/DIL-1103-Contract-Law-Notes-on-ITCLR,commercial law class notes,2026-09-19 09:45:29
539696378,Consumer Rights in Used Car Sales,https://www.scribd.com/document/539696378/Tutorial-3-Handout,commercial law class notes,2026-09-19 09:45:29
54926188,Limitation Period for Promissory Notes in NL,https://www.scribd.com/document/54926188/The-Limitation-of-the-Promissory-Note-by-Dutch-Law,commercial law class notes,2026-09-19 09:45:29
55071212,RMIT Transnational Law Overview,https://www.scribd.com/document/55071212/Law,commercial law class notes,2026-09-19 09:45:29
552602671,Class 7 Notes on Delhi Sultans,https://www.scribd.com/document/552602671/Class-7-His-Ch-3-The-Delhi-Sultans,commercial law class notes,2026-09-19 09:45:29
567605768,Wisconsin Driver License Application MV3001,https://www.scribd.com/document/567605768/mv3001,commercial law class notes,2026-09-19 09:45:29
579591387,Deconstructing Popular Culture: Hall's Insights,https://www.scribd.com/document/579591387/Notes-on-Deconstructing-the-Popular-Notes,commercial law class notes,2026-09-19 09:45:29
59662549,Essential Philippine Labor Laws Guide,https://www.scribd.com/document/59662549/Philippine-Labor-Laws-The-Basics-Preface,commercial law class notes,2026-09-19 09:45:29
606393963,Counterclaims Against Debt Collectors,https://www.scribd.com/document/606393963/Counterclaims-to-Debt-Collection,commercial law class notes,2026-09-19 09:45:29
63488387,Ohm's Law Investigation and Resistance Analysis,https://www.scribd.com/document/63488387,commercial law class notes,2026-09-19 09:45:29
654015773,Toroidal Propeller Class Notes,https://www.scribd.com/document/654015773/ToroidalPropellerClassNotes,commercial law class notes,2026-09-19 09:45:29
657923816,"Notice of Common Law Copyright, Copy Claim, and Trademark",https://www.scribd.com/document/657923816/Notice-of-Common-Law-Copyright-Copy-Claim-and-Trademark,commercial law class notes,2026-09-19 09:45:29
658690301,Class XI & XII Textbook List 2023-25,https://www.scribd.com/document/658690301/Class-Xi-Xii-2023-24,commercial law class notes,2026-09-19 09:45:29
666257491,Gurdjieff's Fourth Way Teachings,https://www.scribd.com/document/666257491/Gurdjieff-Class-Notes,commercial law class notes,2026-09-19 09:45:29
666828697,Class 11 Physics: Laws of Motion Notes,https://www.scribd.com/document/666828697/Class-11-Physics-Revision-Notes-for-Chapter-5-Law-of-Motion,commercial law class notes,2026-09-19 09:45:29
669070198,Law 237 Exam: Commercial Law Principles,https://www.scribd.com/document/669070198/LAW-237,commercial law class notes,2026-09-19 09:45:29
669145512,Class Notes Crim Law,https://www.scribd.com/document/669145512/Class-Notes-Crim-Law,commercial law class notes,2026-09-19 09:45:29
671585438,Class Notes For Philosophy 251,https://www.scribd.com/document/671585438/Class-Notes-for-Philosophy-251,commercial law class notes,2026-09-19 09:45:29
671836278,Apala Mishra's Polity Notes Overview,https://www.scribd.com/document/671836278/Polity-Notes-by-Apala-Mishra,commercial law class notes,2026-09-19 09:45:29
688402029,Class 11 Political Theory Chapter 1 Notes,https://www.scribd.com/document/688402029/POLITICAL-THEORY-NOTES-CLASS-11,commercial law class notes,2026-09-19 09:45:29
698053337,Commercial Law Case Briefing Guide,https://www.scribd.com/document/698053337/Commercial-law-assignment,commercial law class notes,2026-09-19 09:45:29
723562846,Commercial Law Assignment DHR 1201,https://www.scribd.com/document/723562846/Commercial-Law-2024-Assignment,commercial law class notes,2026-09-19 09:45:29
751480542,Chemistry 103 Study Notes Overview,https://www.scribd.com/document/751480542/Chem-103-Class-notes,commercial law class notes,2026-09-19 09:45:29
764280592,6th Class English Essays Notes,https://www.scribd.com/document/764280592/6th-Class-English-Essays-Notes,commercial law class notes,2026-09-19 09:45:29
799428366,Legal Advice for Overdrive Ltd's Contracts,https://www.scribd.com/document/799428366/Commercial-Law-LAW-36584-FINAL-YEAR-Practice-CW-23-24,commercial law class notes,2026-09-19 09:45:29
822745413,Class 12 Economics Complete Notes NEB,https://www.scribd.com/document/822745413/Class-12-Economics-New-Syllabus-Complete-Notes-NEB-HSEB,commercial law class notes,2026-09-19 09:45:29
827596554,Johnson Controls Invoice Details,https://www.scribd.com/document/827596554/JCI-PI-4527016614-004-EU-1-1-1-1,commercial law class notes,2026-09-19 09:45:29
846338003,Zimbabwe Commercial Law Syllabus 2006,https://www.scribd.com/document/846338003/Commercial-Law-Course-Outline,commercial law class notes,2026-09-19 09:45:29
848718811,Corporation Law Class Notes Overview,https://www.scribd.com/document/848718811/Class-notes-for-US-Corporation-Law,commercial law class notes,2026-09-19 09:45:29
849183597,Class 9 Physics Study Plan & Time Management,https://www.scribd.com/document/849183597/Class-9-Physics-Study-Plan,commercial law class notes,2026-09-19 09:45:29
852959369,Overview of Philippine Banking Law,https://www.scribd.com/document/852959369/commercial-class-notes,commercial law class notes,2026-09-19 09:45:29
853262822,Law Textbooks Price List 2025,https://www.scribd.com/document/853262822/LAW-TEXTBOOKS-PRICE-LIST-2025-SESSION,commercial law class notes,2026-09-19 09:45:29
865338502,Class 8 SST Bridge Course Notes,https://www.scribd.com/document/865338502/Class-8-Social-Science-Bridge-Course-Complete-Notes,commercial law class notes,2026-09-19 09:45:29
911858780,Evolution of Guatemala's Commercial Law,https://www.scribd.com/document/911858780/Origin-of-Commercial-Law-in-Guatemala,commercial law class notes,2026-09-19 09:45:29
915337619,Business Law Overview in India,https://www.scribd.com/document/915337619/Class-Notes-Business-Law,commercial law class notes,2026-09-19 09:45:29
918474587,Class 12 Rotational Dynamics Notes,https://www.scribd.com/document/918474587/Rotational-Dynamics-Detailed-Notes,commercial law class notes,2026-09-19 09:45:29
924786001,Class 12 Solutions Notes Summary,https://www.scribd.com/document/924786001/Solutions-Class12-ShortNotes,commercial law class notes,2026-09-19 09:45:29
928450318,HSC Chemistry Revision Notes,https://www.scribd.com/document/928450318/Class-12-HSC-Chemistry-Revision-Notes,commercial law class notes,2026-09-19 09:45:29
932356892,Newton's Laws of Motion Explained,https://www.scribd.com/document/932356892/Class-Notes-Newtons-Laws,commercial law class notes,2026-09-19 09:45:29
939468748,Basic Electrical Engineering Notes,https://www.scribd.com/document/939468748/Basic-Electrical-Engineering-Notes-for-Beginners,commercial law class notes,2026-09-19 09:45:29
943076614,Selling Notes Policy at Stellenbosch University,https://www.scribd.com/document/943076614/AAC-Statement-Distribution-and-Selling-of-Notes,commercial law class notes,2026-09-19 09:45:29
94551397,Federal Reserve Notes as Bail Payment,https://www.scribd.com/document/94551397/Tender-Payment-SC,commercial law class notes,2026-09-19 09:45:29
99652423,Business Law Syllabus - Fall 2011,https://www.scribd.com/document/99652423/Syllabus-Law,commercial law class notes,2026-09-19 09:45:29
1032395332,Google Business Profile Optimization Guide 2026,https://www.scribd.com/document/1032395332/Google-Business-Profile-Optimization-Guide-2026,overview operating systems practice questions,2026-09-19 09:46:21
123682652,Operating Systems Course Overview,https://www.scribd.com/document/123682652/operating-system,overview operating systems practice questions,2026-09-19 09:46:21
123823751,LabSim PC Pro Certification Overview,https://www.scribd.com/document/123823751/LABSIM-for-PC-Pro-incl-CompTIA-A-220-801-220-802,overview operating systems practice questions,2026-09-19 09:46:21
154329338,Slickline Operations Training Course,https://www.scribd.com/document/154329338/10d-Slickline-Operations-pdf,overview operating systems practice questions,2026-09-19 09:46:21
15589596,Saudi Hollandi Bank's ITSM Transformation,https://www.scribd.com/document/15589596/Axios-Systems-Saudi-Hollandi-Bank-ITIL-ITSM-Case-Study,overview operating systems practice questions,2026-09-19 09:46:21
15945077,MIS Course Syllabus Overview,https://www.scribd.com/document/15945077/mis-syllabus,overview operating systems practice questions,2026-09-19 09:46:21
173795314,Audit Process Overview and Stages,https://www.scribd.com/document/173795314,overview operating systems practice questions,2026-09-19 09:46:21
180646016,Transistor and Circuit Design Overview,https://www.scribd.com/document/180646016/second-paper-pdf,overview operating systems practice questions,2026-09-19 09:46:21
181667817,Inquisitorial System: Pros and Cons,https://www.scribd.com/document/181667817/Benefits-of-an-Inquisitorial-System,overview operating systems practice questions,2026-09-19 09:46:21
191407396,COSO's Impact on Internal Control Systems,https://www.scribd.com/document/191407396/How-Coso-Has-Improved-Imternal-Control-in-the-United-States,overview operating systems practice questions,2026-09-19 09:46:21
200541001,MOS Practice Test Instructor Guide,https://www.scribd.com/document/200541001/MOS-Practice-Test-Instructor-Guide-pdf,overview operating systems practice questions,2026-09-19 09:46:21
201869385,ITC 201: Computer Systems Course Outline,https://www.scribd.com/document/201869385/ITC-201-CSITA-Detailed-Course-TU-BBA,overview operating systems practice questions,2026-09-19 09:46:21
22017375,Information Systems Security Overview,https://www.scribd.com/document/22017375/A-Comprehensive-Book-on-InformationSystemsSecurityByNinaGodbole,overview operating systems practice questions,2026-09-19 09:46:21
227622150,Functional Safety Exam Questions Overview,https://www.scribd.com/document/227622150/Questions-1-November-2013,overview operating systems practice questions,2026-09-19 09:46:21
232078838,CIS 103 Programming Logic Review,https://www.scribd.com/document/232078838/Cis-103-Review-Questions-Answers-Ch-01,overview operating systems practice questions,2026-09-19 09:46:21
247908884,Human Reliability Analysis in Risk Assessment,https://www.scribd.com/document/247908884/14-Quantifying-Human-Reliability-in-Risk-Assessments-1,overview operating systems practice questions,2026-09-19 09:46:21
253098286,Management Information Systems Practice Exam,https://www.scribd.com/document/253098286/Practice-Exam-Questions,overview operating systems practice questions,2026-09-19 09:46:21
262993136,EMC Data Domain Fundamentals,https://www.scribd.com/document/262993136,overview operating systems practice questions,2026-09-19 09:46:21
265908224,ABB's Decision Support System Overview,https://www.scribd.com/document/265908224,overview operating systems practice questions,2026-09-19 09:46:21
267198465,CCMS and BMS Fundamentals Guide,https://www.scribd.com/document/267198465/babour-CCMS,overview operating systems practice questions,2026-09-19 09:46:21
273663220,IT Operating Model Framework Overview,https://www.scribd.com/document/273663220/IT-Operating-Model,overview operating systems practice questions,2026-09-19 09:46:21
284582309,Venn Diagrams - Verbal Reasoning Questions and Answers Page 3,https://www.scribd.com/document/284582309/Venn-Diagrams-Verbal-Reasoning-Questions-and-Answers-Page-3,overview operating systems practice questions,2026-09-19 09:46:21
303907787,Reproductive Systems Lesson Plan,https://www.scribd.com/document/303907787/Lesson-Plan-Reproductive-System,overview operating systems practice questions,2026-09-19 09:46:21
312217853,TMSA Overview and Objectives,https://www.scribd.com/document/312217853/TMSA-Information-Basic,overview operating systems practice questions,2026-09-19 09:46:21
317051864,Power System Operation and Control Overview,https://www.scribd.com/document/317051864/Model-1-Coaching-of-Psoc,overview operating systems practice questions,2026-09-19 09:46:21
329187852,Computer System Validation Overview,https://www.scribd.com/document/329187852/Computer-System-Validation-Definition-and-Requirements,overview operating systems practice questions,2026-09-19 09:46:21
331425768,Software and Hardware Requirements: Ection,https://www.scribd.com/document/331425768/c2-2017-Overview,overview operating systems practice questions,2026-09-19 09:46:21
333107258,Power System Instrumentation Course Overview,https://www.scribd.com/document/333107258/13-805-1-Power-System-Instrumentation-e,overview operating systems practice questions,2026-09-19 09:46:21
339002592,Benefits of FinQuiz Question Bank,https://www.scribd.com/document/339002592/Benefits-FinQuiz-Question-Bank,overview operating systems practice questions,2026-09-19 09:46:21
344153242,Operational Excellence PDF,https://www.scribd.com/document/344153242/Operational-Excellence-pdf,overview operating systems practice questions,2026-09-19 09:46:21
354260436,"Course Overview: The Best Practices, Laws & Regulations",https://www.scribd.com/document/354260436/Document-Information-Management-Security-Retention-Archiving-11-14-Sept-2017-Kuala-Lumpur-17-20-Sept-2017-Dubai,overview operating systems practice questions,2026-09-19 09:46:21
358423167,12 Ethical Values System Overview,https://www.scribd.com/document/358423167/ethical-value-system-pdf,overview operating systems practice questions,2026-09-19 09:46:21
361272649,Cloudera University Training Overview,https://www.scribd.com/document/361272649/Cloudera-University-Training-Overview,overview operating systems practice questions,2026-09-19 09:46:21
361687126,Understanding PSSR Compliance Duties,https://www.scribd.com/document/361687126/Air-User-Legislation-Pressure-Systems-Saftey-Regulations-PSSR,overview operating systems practice questions,2026-09-19 09:46:21
369051424,Well Service Operations Training Course,https://www.scribd.com/document/369051424/15-Day-Well-Service-Operations,overview operating systems practice questions,2026-09-19 09:46:21
372015208,Chemical Process Control Overview,https://www.scribd.com/document/372015208/Process-Control-in-Chemical-Industry,overview operating systems practice questions,2026-09-19 09:46:21
38172703,User Acceptance Testing Overview,https://www.scribd.com/document/38172703/uat-1,overview operating systems practice questions,2026-09-19 09:46:21
383075850,Enhancing Adult Immunization Practices,https://www.scribd.com/document/383075850/standards-immz-practice-pdf,overview operating systems practice questions,2026-09-19 09:46:21
386556330,Key SAP BASIS Transaction Codes,https://www.scribd.com/document/386556330/SAP-BASIS-TCODES,overview operating systems practice questions,2026-09-19 09:46:21
392985968,CS 511 Final Project Guidelines,https://www.scribd.com/document/392985968/CS511-Homework-0,overview operating systems practice questions,2026-09-19 09:46:21
398790624,Handbook of Industrial Mixing-Science and Practice,https://www.scribd.com/document/398790624/Handbook-of-Industrial-Mixing-science-and-Practice,overview operating systems practice questions,2026-09-19 09:46:21
401458052,Fan Maintenance and Operation Guide,https://www.scribd.com/document/401458052/03-14-HVACR-003,overview operating systems practice questions,2026-09-19 09:46:21
402779677,Data Patterns Interview Experience,https://www.scribd.com/document/402779677/Data-Patterns-Interview-Questions,overview operating systems practice questions,2026-09-19 09:46:21
405563800,CISSP Exam Preparation Resources Guide,https://www.scribd.com/document/405563800/CISSP-Preparation-Steps,overview operating systems practice questions,2026-09-19 09:46:21
405708306,Operating Systems Course Syllabus,https://www.scribd.com/document/405708306/OS-SYLLABUS-pdf,overview operating systems practice questions,2026-09-19 09:46:21
409949504,MBA Financial Management Important Questions,https://www.scribd.com/document/409949504/FM-question-1-3,overview operating systems practice questions,2026-09-19 09:46:21
411053254,Designing Effective Operating Models,https://www.scribd.com/document/411053254/Designing-Operating-Models-OVERVIEW-SC-2019,overview operating systems practice questions,2026-09-19 09:46:21
417489583,Six Sigma Green Belt Exam Q&A Guide,https://www.scribd.com/document/417489583/78280404-Six-Sigma-Green-Belt-Exam-Questions-and-Test-Answers,overview operating systems practice questions,2026-09-19 09:46:21
421402859,Panchayat Secretary Exam Syllabus,https://www.scribd.com/document/421402859/Syllabus,overview operating systems practice questions,2026-09-19 09:46:21
425198039,Understanding Indigenous Kinship Systems,https://www.scribd.com/document/425198039/Activity-Kinship-Obs-Prac,overview operating systems practice questions,2026-09-19 09:46:21
425515038,Microgenesis Business Systems Ethics Policy,https://www.scribd.com/document/425515038/Ethics-Policy,overview operating systems practice questions,2026-09-19 09:46:21
425732027,How To Manage Oracle Grid Infrastructure During Operating System Upgrades (Doc ID 1559762.1),https://www.scribd.com/document/425732027/How-to-Manage-Oracle-Grid-Infrastructure-During-Operating-System-Upgrades-Doc-ID-1559762-1,overview operating systems practice questions,2026-09-19 09:46:21
426210407,SNT-TC-1A NDT Certification Guidelines,https://www.scribd.com/document/426210407/Snt-Tc-1a-Overview,overview operating systems practice questions,2026-09-19 09:46:21
434176602,CS1011: Introduction to Operating Systems,https://www.scribd.com/document/434176602/Cs1011-Operating-Systems-l-t-p-c-Total-Contact-Hours,overview operating systems practice questions,2026-09-19 09:46:21
441469817,Computer System Validation Essentials,https://www.scribd.com/document/441469817/Computer-System-Validation-Definition-and-Requirements-MustRead-pdf,overview operating systems practice questions,2026-09-19 09:46:21
44710150,System Software Course Overview,https://www.scribd.com/document/44710150/System-Software,overview operating systems practice questions,2026-09-19 09:46:21
457297136,Good Documentation Practices in Pharma,https://www.scribd.com/document/457297136/Good-documents-practice-in-pharma,overview operating systems practice questions,2026-09-19 09:46:21
458255787,Overview of Hacking and Security,https://www.scribd.com/document/458255787/hacking,overview operating systems practice questions,2026-09-19 09:46:21
474275645,Well Integrity Engineer Role at ADNOC,https://www.scribd.com/document/474275645/Engineer-Well-Integrity-Operations,overview operating systems practice questions,2026-09-19 09:46:21
478702438,VAL 080 Validation Master Plan Sample PDF,https://www.scribd.com/document/478702438/VAL-080-Validation-Master-Plan-sample-pdf,overview operating systems practice questions,2026-09-19 09:46:21
479673829,Operating Systems Course Syllabus,https://www.scribd.com/document/479673829/Syllabus-Operating-Systems,overview operating systems practice questions,2026-09-19 09:46:21
481806632,Embedded Systems - Overview - Tutorialspoint,https://www.scribd.com/document/481806632/Embedded-Systems-Overview-Tutorialspoint,overview operating systems practice questions,2026-09-19 09:46:21
482938051,AWS Certified Cloud Practitioner Sample Questions,https://www.scribd.com/document/482938051/AWS-Certified-Cloud-Practitioner-Sample-Questions-pdf,overview operating systems practice questions,2026-09-19 09:46:21
48305921,Aircraft Systems Operation Lesson Plan,https://www.scribd.com/document/48305921/Operation-of-Systems,overview operating systems practice questions,2026-09-19 09:46:21
486792803,IT Governance and Controls Overview,https://www.scribd.com/document/486792803/Mervidelle-Castro-Aud-in-CIS-Prelim-docx,overview operating systems practice questions,2026-09-19 09:46:21
489312620,Leadership Quiz Questions Answers - Quiz 1,https://www.scribd.com/document/489312620/Leadership-Quiz-Questions-Answers-Quiz-1,overview operating systems practice questions,2026-09-19 09:46:21
489551370,Introduction to Robotics Overview,https://www.scribd.com/document/489551370/934c64d00865906ebca439f6670df1dc3cad,overview operating systems practice questions,2026-09-19 09:46:21
496084250,Ghost Solution Suite 2.5 English,https://www.scribd.com/document/496084250/Ghost-Solution-Suite-2-5-English,overview operating systems practice questions,2026-09-19 09:46:21
499412488,AWS Cloud Skills Training Program,https://www.scribd.com/document/499412488/SNE-Cloud,overview operating systems practice questions,2026-09-19 09:46:21
499702780,"Installation Guide: Before Installing MIKE Powered by DHI Products, We Recommend That You",https://www.scribd.com/document/499702780/InstallationGuide2021-UK,overview operating systems practice questions,2026-09-19 09:46:21
501045125,Ammonia Systems: Testing and Charging Guide,https://www.scribd.com/document/501045125/07-14-HVACR-003,overview operating systems practice questions,2026-09-19 09:46:21
504264916,Diagnosing Computer Systems NCII Guide,https://www.scribd.com/document/504264916/Session-Plan-Diagnosing-and-Troubleshooting-Computer-System,overview operating systems practice questions,2026-09-19 09:46:21
504534655,Operating Systems Course Overview,https://www.scribd.com/document/504534655/OPERATING-SYSTEM-SLIDES,overview operating systems practice questions,2026-09-19 09:46:21
505087681,System and Network Administration Course Outline,https://www.scribd.com/document/505087681/System-and-Network-Administration,overview operating systems practice questions,2026-09-19 09:46:21
515170211,Operating Systems Model Exam - II Year,https://www.scribd.com/document/515170211/OS-MODEL,overview operating systems practice questions,2026-09-19 09:46:21
515883538,Senior IT Lecturer Resume Overview,https://www.scribd.com/document/515883538/lecturer-resume,overview operating systems practice questions,2026-09-19 09:46:21
516225954,Operating Systems Course Overview,https://www.scribd.com/document/516225954/OS-Course-Outlines,overview operating systems practice questions,2026-09-19 09:46:21
524327657,CIT 204 Networking Administration Syllabus,https://www.scribd.com/document/524327657/CIT-204-Networking-Administration-and-Management-CO,overview operating systems practice questions,2026-09-19 09:46:21
527142122,AWS Certified Cloud Practitioner Exam Guide,https://www.scribd.com/document/527142122/AWS-Certified-Cloud-Practitioner-Sample-Questions,overview operating systems practice questions,2026-09-19 09:46:21
531794570,COMP1007: Intro to Computer Engineering,https://www.scribd.com/document/531794570/comp1007-fall-2021,overview operating systems practice questions,2026-09-19 09:46:21
532224867,Handbook of Industrial Mixing-Science and Practice (Book Review),https://www.scribd.com/document/532224867/Handbook-of-industrial-mixing-science-and-practice,overview operating systems practice questions,2026-09-19 09:46:21
533375346,Master of Management Overview: Cohort 16,https://www.scribd.com/document/533375346/MMgt-Course-Description-2021-WEB-1,overview operating systems practice questions,2026-09-19 09:46:21
541389719,MYP IB 10 Language & Literature Overview,https://www.scribd.com/document/541389719/2021-2022-myp-ib-la-traditional-pathway-10-scope-and-sequence,overview operating systems practice questions,2026-09-19 09:46:21
541476758,Linux Operating System Internals Syllabus,https://www.scribd.com/document/541476758/2019-11-29-11-43-44-Operating-System-Internals,overview operating systems practice questions,2026-09-19 09:46:21
541501983,Change Management Policy Overview,https://www.scribd.com/document/541501983/LEP-Change-Management-Policy,overview operating systems practice questions,2026-09-19 09:46:21
542617932,Google IT Support Certificate Overview,https://www.scribd.com/document/542617932/Google-IT-Support-Professional-Certificate-Overview,overview operating systems practice questions,2026-09-19 09:46:21
551059913,Junos OS Fundamentals Training Course,https://www.scribd.com/document/551059913/Introduction-to-the-Junos-Operating-System,overview operating systems practice questions,2026-09-19 09:46:21
553303803,EHR Impact on Nursing Practice,https://www.scribd.com/document/553303803/Nursing-Informatics,overview operating systems practice questions,2026-09-19 09:46:21
559508584,Analogy - Verbal Reasoning Questions and Answers Page 5,https://www.scribd.com/document/559508584/Analogy-Verbal-Reasoning-Questions-and-Answers-Page-5,overview operating systems practice questions,2026-09-19 09:46:21
565014474,SAT Math Test Overview – SAT Suite _ College Board,https://www.scribd.com/document/565014474/SAT-Math-Test-Overview-SAT-Suite-College-Board,overview operating systems practice questions,2026-09-19 09:46:21
56956612,SAP NetWeaver Web AS Implementation Courses,https://www.scribd.com/document/56956612/Sap-Net-Weaver,overview operating systems practice questions,2026-09-19 09:46:21
574131137,Overview of The Evaluation and Management of Surgical Site Infection,https://www.scribd.com/document/574131137/Overview-of-the-evaluation-and-management-of-surgical-site-infection,overview operating systems practice questions,2026-09-19 09:46:21
575076356,Operating Systems Theory Assignment Guide,https://www.scribd.com/document/575076356/OS-Assignment-1,overview operating systems practice questions,2026-09-19 09:46:21
575453240,Embedded Systems and MSP430 Overview,https://www.scribd.com/document/575453240/Question-Paper-EMBEDDED-SYSTEMS,overview operating systems practice questions,2026-09-19 09:46:21
580190003,B. Tech EEE Syllabus Overview,https://www.scribd.com/document/580190003/Electronics-for-you,overview operating systems practice questions,2026-09-19 09:46:21
61145002,cGMP Validation Program Overview,https://www.scribd.com/document/61145002,overview operating systems practice questions,2026-09-19 09:46:21
62233943,Problems On Trains - Aptitude Questions and Answers,https://www.scribd.com/document/62233943/Problems-on-Trains-Aptitude-Questions-and-Answers,overview operating systems practice questions,2026-09-19 09:46:21
62906863,10 Questions For Comprehensive Succession Planning,https://www.scribd.com/document/62906863/10-Questions-for-Comprehensive-Succession-Planning,overview operating systems practice questions,2026-09-19 09:46:21
632312133,Evidence Based Practice in Nursing,https://www.scribd.com/document/632312133/Evidence-Based-Practice-in-Nursing,overview operating systems practice questions,2026-09-19 09:46:21
636847526,OPITO Working at Height Training Overview,https://www.scribd.com/document/636847526/OWaH-HSE-TLP-Lesson-Plan-060323,overview operating systems practice questions,2026-09-19 09:46:21
648232726,Open Mission Systems Compliance Overview,https://www.scribd.com/document/648232726/Open-Mission-Systems-OMS-in-a-Nutshell,overview operating systems practice questions,2026-09-19 09:46:21
659735367,Machine Learning Control Overview,https://www.scribd.com/document/659735367/Machine-learning-control,overview operating systems practice questions,2026-09-19 09:46:21
662980569,Historical Overview of Multilevel Marketing,https://www.scribd.com/document/662980569/sbarssoum-vol-16-Keep-Vander-Nat-page-345,overview operating systems practice questions,2026-09-19 09:46:21
668486693,Embedded Systems Development Overview,https://www.scribd.com/document/668486693/72992291387,overview operating systems practice questions,2026-09-19 09:46:21
670921850,IT Viva Practice Questions Guide,https://www.scribd.com/document/670921850/IT-VIVA-QUESTIONS,overview operating systems practice questions,2026-09-19 09:46:21
672103855,AMEE 2023 Conference Programme Overview,https://www.scribd.com/document/672103855/AMEE-2023-Final-Programme-Overview,overview operating systems practice questions,2026-09-19 09:46:21
680527651,Huawei ICT Competition Cloud Track 2023,https://www.scribd.com/document/680527651/Huawei-ICT-Competition-2023-2024-Exam-Outline-Cloud-Track,overview operating systems practice questions,2026-09-19 09:46:21
682393670,Process Safety Fundamentals Overview,https://www.scribd.com/document/682393670/PSF-A1-Poster,overview operating systems practice questions,2026-09-19 09:46:21
68580638,Biology 2EE3 Practice Midterm Questions,https://www.scribd.com/document/68580638/Practice-Questions-2010,overview operating systems practice questions,2026-09-19 09:46:21
689070487,Self-Assessment Competency Checklist,https://www.scribd.com/document/689070487/FORM-1-1-SELF-ASSESSMENT-CHECK-SAMPLE-TEMPLATE-4-2-with-answers,overview operating systems practice questions,2026-09-19 09:46:21
691510641,What Ports Should Be Open For SnapVault For Open Systems (OSSV) To Work,https://www.scribd.com/document/691510641/What-Ports-Should-Be-Open-for-SnapVault-for-Open-Systems-OSSV-to-Work,overview operating systems practice questions,2026-09-19 09:46:21
694904502,Top Computer Science Books for Beginners,https://www.scribd.com/document/694904502/nawoduzopuwifunit,overview operating systems practice questions,2026-09-19 09:46:21
69535539,Direct Stability Analysis in Power Systems,https://www.scribd.com/document/69535539/New-Chalkboard,overview operating systems practice questions,2026-09-19 09:46:21
703962180,Operating Systems Course Syllabus,https://www.scribd.com/document/703962180/Operating-Systems-Syllabus-Sem-4,overview operating systems practice questions,2026-09-19 09:46:21
704816892,CMRP Practice Questions Guide,https://www.scribd.com/document/704816892/CMRP-Practice-Questions-P3-OGS-1,overview operating systems practice questions,2026-09-19 09:46:21
706600982,ESL ELL Teachers Survival Guide Course Overview,https://www.scribd.com/document/706600982/ESL-ELL-Teachers-Survival-Guide-Course-Overview,overview operating systems practice questions,2026-09-19 09:46:21
708380491,Google Cybersecurity Certificate Overview,https://www.scribd.com/document/708380491/01-Welcome-to-the-Google-Cybersecurity-Certificate,overview operating systems practice questions,2026-09-19 09:46:21
714776578,IFRS 18: Key Changes in Financial Reporting,https://www.scribd.com/document/714776578/IFRS-18,overview operating systems practice questions,2026-09-19 09:46:21
715638476,Forensic Psychology Discussion Questions,https://www.scribd.com/document/715638476/Discussion-Questions-for-Forensic-Psychology-Oct-2022-2,overview operating systems practice questions,2026-09-19 09:46:21
721124088,Professional Certificate in Pipeline Engineering,https://www.scribd.com/document/721124088/EIT-Course-Onshore-Offshore-Pipeline-Systems-COO-Brochure,overview operating systems practice questions,2026-09-19 09:46:21
727388902,Operating Systems Question Sheet Guide,https://www.scribd.com/document/727388902/17-GCSE-Lesson-Retrieval-Practice-Assessments-Operating-Systems-OCR,overview operating systems practice questions,2026-09-19 09:46:21
729173282,Unit-wise Important OS Questions,https://www.scribd.com/document/729173282/OS-Unitwise-imp-questions,overview operating systems practice questions,2026-09-19 09:46:21
731286285,SBM Exam Insights and 2023 Performance,https://www.scribd.com/document/731286285/Sbm-notes,overview operating systems practice questions,2026-09-19 09:46:21
740284032,Logix5000 Systems Course Overview,https://www.scribd.com/document/740284032/AB-1-Fundamentals-of-Logix-Studio-5000-Systems,overview operating systems practice questions,2026-09-19 09:46:21
747241775,Top 20 Java Multithreading Interview Q&A,https://www.scribd.com/document/747241775/Top-20-Java-Multithreading-Interview-Questions,overview operating systems practice questions,2026-09-19 09:46:21
757128704,SRA1 Physio/Neuro Interview Questions,https://www.scribd.com/document/757128704/Physio-Neuro-SRA1-Interview-Questions,overview operating systems practice questions,2026-09-19 09:46:21
773216670,CTDC Exam Dumps for Guaranteed Success,https://www.scribd.com/document/773216670/CTDC-Exam-Questions,overview operating systems practice questions,2026-09-19 09:46:21
794341333,Linux System Administration Course Outline,https://www.scribd.com/document/794341333/Linux-System-Administration,overview operating systems practice questions,2026-09-19 09:46:21
797642826,Overview of Operating Systems Course,https://www.scribd.com/document/797642826/Operating-System,overview operating systems practice questions,2026-09-19 09:46:21
800142069,Anatomy Overview and Key Concepts,https://www.scribd.com/document/800142069/Anatomy-Lecture-Notes-Human-Anatomy-Overview,overview operating systems practice questions,2026-09-19 09:46:21
811493906,Overview of Operating Systems Concepts,https://www.scribd.com/document/811493906/Endsem-Operating-System-Imp-questions,overview operating systems practice questions,2026-09-19 09:46:21
819600329,CEA Certification Training Overview,https://www.scribd.com/document/819600329/Certified-Energy-Auditor-CEA,overview operating systems practice questions,2026-09-19 09:46:21
82971519,COAL Course Overview in Computer Science,https://www.scribd.com/document/82971519/COAL-Course-Outline,overview operating systems practice questions,2026-09-19 09:46:21
843394951,Azure AZ-900 Practice Test Results,https://www.scribd.com/document/843394951/AZ-900-Microsoft-Azure-Fundamentals-Exam-Questions-Page-3-of-21-SkillCertPro,overview operating systems practice questions,2026-09-19 09:46:21
847447782,CAMRT Exam Overview and Breakdown,https://www.scribd.com/document/847447782/CAMRT-Exam-Breakdown-Radiological-Technology-ExamPrepHero,overview operating systems practice questions,2026-09-19 09:46:21
86642131,The A+ Certification and PC Repair Handbook Ebook,https://www.scribd.com/document/86642131/The-a-Certification-and-PC-Repair-Handbook-eBook,overview operating systems practice questions,2026-09-19 09:46:21
874639954,LDC Sample Test Paper Overview,https://www.scribd.com/document/874639954/FIA-LDC-Sample-Test-Paper,overview operating systems practice questions,2026-09-19 09:46:21
875137948,CompTIA A+ Certification Study Plan,https://www.scribd.com/document/875137948/CompTIA-a-Certification-Guide,overview operating systems practice questions,2026-09-19 09:46:21
878751897,ISRO CS 2025 Exam Prep Cheatsheet,https://www.scribd.com/document/878751897/ISRO-CS-2025-Cheatsheet,overview operating systems practice questions,2026-09-19 09:46:21
882453122,Cambridge ICT Stage 8 Quiz Questions,https://www.scribd.com/document/882453122/Cambridge-ICT-Stage-8-Practice-Questions,overview operating systems practice questions,2026-09-19 09:46:21
886676799,Operating Systems Course Outline,https://www.scribd.com/document/886676799/CCS-2103-Operating-Systems-Course-Outline,overview operating systems practice questions,2026-09-19 09:46:21
891142189,Advanced Operating Systems Syllabus,https://www.scribd.com/document/891142189/Advanced-Operating-System-Mcsa332-1689429677824,overview operating systems practice questions,2026-09-19 09:46:21
900845738,MSc Physician Associate Course Overview,https://www.scribd.com/document/900845738/Course-Information-Sheet-CIS-P0401FCHE01-002,overview operating systems practice questions,2026-09-19 09:46:21
911888117,Operating Systems Exam for Baccalaureate,https://www.scribd.com/document/911888117/Operating-Systems-Exam,overview operating systems practice questions,2026-09-19 09:46:21
942716006,Operating System Practice Paper 2025,https://www.scribd.com/document/942716006/OSY-Practice-Paper,overview operating systems practice questions,2026-09-19 09:46:21
955006571,Computer System Concepts and Questions,https://www.scribd.com/document/955006571/Practice-Questions-1,overview operating systems practice questions,2026-09-19 09:46:21
978696791,Mastering ML System Design Interviews,https://www.scribd.com/document/978696791/01-Introduction-and-Overview,overview operating systems practice questions,2026-09-19 09:46:21
994937258,Basic Computer Instructor: Scheme of Examination,https://www.scribd.com/document/994937258/ExamSyllabusBasicComputerInstructor-21446-21446-2841516,overview operating systems practice questions,2026-09-19 09:46:21
1007480458,Research Proposal,https://www.scribd.com/document/1007480458/RP2,chemical engineering study guide Indonesia,2026-09-19 09:46:23
1015991191,Chirag Mahajan Resume,https://www.scribd.com/document/1015991191/Chirag-Mahajan-Resume,distributed systems user manual India,2026-09-19 09:46:23
102242757,Canon LBP-2900B Vs HP LaserJet 1020 Plus Vs HP LaserJet P1505 Vs HP LaserJet P1007 - Printers (Laser) Comparison - Compare India,https://www.scribd.com/document/102242757/Canon-LBP-2900B-vs-HP-LaserJet-1020-Plus-vs-HP-LaserJet-P1505-vs-HP-LaserJet-P1007-Printers-Laser-Comparison-Compare-India,distributed systems user manual India,2026-09-19 09:46:23
1029264801,Shray,https://www.scribd.com/document/1029264801/Shray,distributed systems user manual India,2026-09-19 09:46:23
1029264803,SH Ray Rathore,https://www.scribd.com/document/1029264803/Sh-Ray-Rathore,distributed systems user manual India,2026-09-19 09:46:23
1031999145,SriKavya_SDET-1,https://www.scribd.com/document/1031999145/SriKavya-SDET-1,distributed systems user manual India,2026-09-19 09:46:23
1033140668,A Web Based Insurance Quotation and User Management System Using MERN Stack,https://www.scribd.com/document/1033140668/A-Web-Based-Insurance-Quotation-and-User-Management-System-using-MERN-Stack,distributed systems user manual India,2026-09-19 09:46:23
1040504773,Naukri RishabhShrivastava (3y 0m),https://www.scribd.com/document/1040504773/Naukri-RishabhShrivastava-3y-0m,distributed systems user manual India,2026-09-19 09:46:23
104483025,Enhancing Abnormal Situation Management,https://www.scribd.com/document/104483025/Abnormal-Situation-Management,distributed systems user manual India,2026-09-19 09:46:23
1065200845,Chemical Engineering Syllabus,https://www.scribd.com/document/1065200845/Chemical-Engineering-Syllabus,chemical engineering study guide Indonesia,2026-09-19 09:46:23
106615080,SolidWorks Solutions by EGS Chennai,https://www.scribd.com/document/106615080,distributed systems user manual India,2026-09-19 09:46:23
122085465,Education Levels for Maths Careers,https://www.scribd.com/document/122085465/Maths,chemical engineering study guide Indonesia,2026-09-19 09:46:23
124657404,Engineering Drawing (With (3) CD-ROM) - Plane and Solid Geometry - Flipkart,https://www.scribd.com/document/124657404/Engineering-Drawing-With-3-CD-ROM-Plane-and-Solid-Geometry-Flipkart,chemical engineering study guide Indonesia,2026-09-19 09:46:23
131743721,Bonita BPM: Transforming Business Processes,https://www.scribd.com/document/131743721/BonitaSoft-BPM-Applications-powered-by-Bonita-pdf,distributed systems user manual India,2026-09-19 09:46:23
134498739,Deformation,https://www.scribd.com/document/134498739/deformation,chemical engineering study guide Indonesia,2026-09-19 09:46:23
134615741,Angga Sulubara's Chemical Engineering Resume,https://www.scribd.com/document/134615741/CV-com,chemical engineering study guide Indonesia,2026-09-19 09:46:23
14041772,Chemistry II Exam III Study Guide,https://www.scribd.com/document/14041772/Study-Guides-General-Chemistry-II-Exam-III,chemical engineering study guide Indonesia,2026-09-19 09:46:23
140881708,Reliability Data Collection Techniques,https://www.scribd.com/document/140881708/04227-08,chemical engineering study guide Indonesia,2026-09-19 09:46:23
146971617,Request for Excursion Permission Letter,https://www.scribd.com/document/146971617/Translated-Permission-Letter,chemical engineering study guide Indonesia,2026-09-19 09:46:23
153581636,Essential Chemical Engineering Texts,https://www.scribd.com/document/153581636/Good-Chemical-Engineering-Books,chemical engineering study guide Indonesia,2026-09-19 09:46:23
153686767,PP 47-49 A Comparative Study On Predictions of Vapour Liquid Equilibrium of Ethylene Oxide RACHANA,https://www.scribd.com/document/153686767/PP-47-49-a-Comparative-Study-on-Predictions-of-Vapour-Liquid-Equilibrium-of-Ethylene-Oxide-RACHANA,chemical engineering study guide Indonesia,2026-09-19 09:46:23
158929304,Sigint Users' Handbook Overview,https://www.scribd.com/document/158929304/Sigint-Handbook,distributed systems user manual India,2026-09-19 09:46:23
169106782,"Glenn Wright, PMP: Project Management Expert",https://www.scribd.com/document/169106782/Senior-Project-Manager-PMP-in-Southwest-USA-UT-Resume-Glenn-Wright,chemical engineering study guide Indonesia,2026-09-19 09:46:23
176187169,In-situ Stress Estimation in Mining,https://www.scribd.com/document/176187169/REV-Patrick-s-Poster-Kick-Off-ASEAN-Bangkok-2013-pptx,chemical engineering study guide Indonesia,2026-09-19 09:46:23
176803000,Profile of Dr. Pooja Desai (Mehta),https://www.scribd.com/document/176803000/Pooja-Mehta-CV,distributed systems user manual India,2026-09-19 09:46:23
193536724,Intelligent Management of Multicell Batteries,https://www.scribd.com/document/193536724/Intelligent-Battery-Management-System-Analyzing-Optimizing-of-Multicell-Battery-Voltage,distributed systems user manual India,2026-09-19 09:46:23
19674423,System Analysis and Design Overview,https://www.scribd.com/document/19674423/System-Analysis-and-Design,distributed systems user manual India,2026-09-19 09:46:23
204166559,IIT Guwahati Chemical Engineering Profile,https://www.scribd.com/document/204166559,chemical engineering study guide Indonesia,2026-09-19 09:46:23
204858753,Material Selection in Oil & Gas Industry,https://www.scribd.com/document/204858753/Material-Selection-in-Oil-and-Gas,chemical engineering study guide Indonesia,2026-09-19 09:46:23
213272220,Motor Control Technology Overview,https://www.scribd.com/document/213272220/i6o6nd,distributed systems user manual India,2026-09-19 09:46:23
218851750,API Source Inspector Exam Study Guide,https://www.scribd.com/document/218851750/API-Source-Inspector-Exam-Study-Guide,chemical engineering study guide Indonesia,2026-09-19 09:46:23
220393147,Customized Cloud File Transfer App,https://www.scribd.com/document/220393147/Web-Application-Based-File-Transfer-in-Customized-Cloud,distributed systems user manual India,2026-09-19 09:46:23
221186377,TRNSYS 16 User Manual Overview,https://www.scribd.com/document/221186377/00-Trnsys16-MainMenu,distributed systems user manual India,2026-09-19 09:46:23
221743351,Chemical Engineering Process Design Guide,https://www.scribd.com/document/221743351/Process-Design-for-Chemical-Engineer,chemical engineering study guide Indonesia,2026-09-19 09:46:23
227820412,Zenon Batch Control Module Overview,https://www.scribd.com/document/227820412/Zenon-Batch-Control,distributed systems user manual India,2026-09-19 09:46:23
22847950,CV of Tausif Altamash,https://www.scribd.com/document/22847950/Tausif-Altamash-CV,chemical engineering study guide Indonesia,2026-09-19 09:46:23
232847620,HAZOP Study for LPG Recovery Plant,https://www.scribd.com/document/232847620/Hazop-Gas-Processing-Complex,chemical engineering study guide Indonesia,2026-09-19 09:46:23
232933277,How Is ETL Testing Different From Manual Testing - LinkedIn,https://www.scribd.com/document/232933277,distributed systems user manual India,2026-09-19 09:46:23
234239294,Explosives Detection Systems,https://www.scribd.com/document/234239294,distributed systems user manual India,2026-09-19 09:46:23
235313099,"Research FEED, EPC and Engineering Contract in Oil, Gas and Petrochemicals - July 2013 Contract Awards",https://www.scribd.com/document/235313099/Research-FEED-EPC-and-Engineering-Contract-in-Oil-Gas-and-Petrochemicals-July-2013-Contract-Awards,chemical engineering study guide Indonesia,2026-09-19 09:46:23
236105550,HAZOP Analysis of Sewage Treatment Plant,https://www.scribd.com/document/236105550/Hazop-Study-on-Sewage-Treatment-Plant-at-Educational-Institution,chemical engineering study guide Indonesia,2026-09-19 09:46:23
239055101,Application for Global Youth Ambassador Program,https://www.scribd.com/document/239055101/Motivation-Letter,chemical engineering study guide Indonesia,2026-09-19 09:46:23
240579039,Parminder Bhatia: Data Science Intern Profile,https://www.scribd.com/document/240579039,distributed systems user manual India,2026-09-19 09:46:23
241863609,Angga Purba's Chemical Engineering CV,https://www.scribd.com/document/241863609/Curriculum-Vitae,chemical engineering study guide Indonesia,2026-09-19 09:46:23
248388710,Maths Career Pathways and Training Levels,https://www.scribd.com/document/248388710/Do-You-Enjoy-or-Are-You-Good-at-Math-A4C,chemical engineering study guide Indonesia,2026-09-19 09:46:23
252374697,IChemE C&C Report Guidance,https://www.scribd.com/document/252374697/PE-CandC-Report,chemical engineering study guide Indonesia,2026-09-19 09:46:23
253917546,Stabilizing Pea Gravel in Concrete Repairs,https://www.scribd.com/document/253917546/Repair-Final-Study-Guide,chemical engineering study guide Indonesia,2026-09-19 09:46:23
254346518,Package Contents System Requirements: Key Features,https://www.scribd.com/document/254346518/user-manual,distributed systems user manual India,2026-09-19 09:46:23
254885445,Telecom Switching Systems Overview,https://www.scribd.com/document/254885445/TSSN,distributed systems user manual India,2026-09-19 09:46:23
256436209,BITS Pilani Alumni Entrepreneurs List,https://www.scribd.com/document/256436209/Bits-Pilani-Entrepreneurs,distributed systems user manual India,2026-09-19 09:46:23
257446067,Chemical Engineering Drawing Course Guide,https://www.scribd.com/document/257446067/3310502-Chemical-Engineering-Drawing,chemical engineering study guide Indonesia,2026-09-19 09:46:23
259907180,Financial Analysis Expertise in Fairfield CT,https://www.scribd.com/document/259907180,distributed systems user manual India,2026-09-19 09:46:23
260295257,Sumit Pandey: UX Designer Portfolio,https://www.scribd.com/document/260295257/Curriculum-Vitae,distributed systems user manual India,2026-09-19 09:46:23
262463769,A-Level Chemistry Course Overview,https://www.scribd.com/document/262463769/Student-Guide,chemical engineering study guide Indonesia,2026-09-19 09:46:23
267028956,Automated Crew Management System,https://www.scribd.com/document/267028956/crew-timer-system,distributed systems user manual India,2026-09-19 09:46:23
269795479,Pipe Stress Engineer Curriculum Vitae,https://www.scribd.com/document/269795479,chemical engineering study guide Indonesia,2026-09-19 09:46:23
272035650,Led TV: User Manual,https://www.scribd.com/document/272035650,distributed systems user manual India,2026-09-19 09:46:23
272682707,Unitrans ZXONM E300 Network Management System,https://www.scribd.com/document/272682707,distributed systems user manual India,2026-09-19 09:46:23
273364604,Costis Dallas (2015) The Era of The Post-Repository Scholarly Practice Information and Systems in The Digital Continuum,https://www.scribd.com/document/273364604,distributed systems user manual India,2026-09-19 09:46:23
274411466,Chartered Chemical Engineer Requirements,https://www.scribd.com/document/274411466/KU-General-Guidance,chemical engineering study guide Indonesia,2026-09-19 09:46:23
28041404,Cover Letter for Protein Engineering Role,https://www.scribd.com/document/28041404/Cover-letter,chemical engineering study guide Indonesia,2026-09-19 09:46:23
28121073,Anirudh Sundaram's Software Engineer Resume,https://www.scribd.com/document/28121073/Anirudh-Sundaram,distributed systems user manual India,2026-09-19 09:46:23
282091406,PDO Engineering Standards Overview,https://www.scribd.com/document/282091406/GU-611-PDO-Guide-to-Engineering-Standards-and-Procedures-2012,chemical engineering study guide Indonesia,2026-09-19 09:46:23
29103652,Nagios XI Manual Installation Guide,https://www.scribd.com/document/29103652/XI-Manual-Installation-Instructions,distributed systems user manual India,2026-09-19 09:46:23
313397629,Lada 2105 Service Manual PDF,https://www.scribd.com/document/313397629/Manual-Lada-2105-PDF,distributed systems user manual India,2026-09-19 09:46:23
318733244,Engineering Economics Final Exam Guide,https://www.scribd.com/document/318733244/Engineering-Economics-FINAL-Exam-2008-No-Sltn,chemical engineering study guide Indonesia,2026-09-19 09:46:23
318898847,GSM Transformer Monitoring System Manual,https://www.scribd.com/document/318898847/Gsm-Based-Distribution-Transformer-Monitoring-and-Controlling-System-Ijariie1748,distributed systems user manual India,2026-09-19 09:46:23
319234049,Overview of ATM Systems and Functions,https://www.scribd.com/document/319234049/Atm,distributed systems user manual India,2026-09-19 09:46:23
325781621,Understanding Distributed Control Systems,https://www.scribd.com/document/325781621/DCS,distributed systems user manual India,2026-09-19 09:46:23
336586998,Smit Hinsu: Software Engineer Profile,https://www.scribd.com/document/336586998/Smit-Hinsu-Resume,distributed systems user manual India,2026-09-19 09:46:23
33770618,Comprehensive Guide to Operating Systems,https://www.scribd.com/document/33770618/Operating-Systems,distributed systems user manual India,2026-09-19 09:46:23
340164383,Connecting PoE Switch to NVR Guide,https://www.scribd.com/document/340164383/QSW8-User-Manual,distributed systems user manual India,2026-09-19 09:46:23
341723629,"Search Results: Screen Reader Users, Click Here To Turn Off Google Instant",https://www.scribd.com/document/341723629,distributed systems user manual India,2026-09-19 09:46:23
341854987,Project Feasibility Study Format Guide,https://www.scribd.com/document/341854987/Project-Study-Format-Guide,chemical engineering study guide Indonesia,2026-09-19 09:46:23
342841611,Yes Bank's Blockchain Innovations with IBM,https://www.scribd.com/document/342841611/India,distributed systems user manual India,2026-09-19 09:46:23
345498570,UI International Undergraduate Programs,https://www.scribd.com/document/345498570/Brosur-Kelas-Khusus-Internasional-Universitas-Indonesia,chemical engineering study guide Indonesia,2026-09-19 09:46:23
348615494,Accounting Info System Design for J Restaurant,https://www.scribd.com/document/348615494/Jurnal-1-Analysis-and-Design-Accounting-Information-System-in-Purchasing-and-Supplying-pdf,distributed systems user manual India,2026-09-19 09:46:23
349107932,RbCaF3 Band Structure and DOS Analysis,https://www.scribd.com/document/349107932/IJEART02616,chemical engineering study guide Indonesia,2026-09-19 09:46:23
349417938,Substation Monitoring System Design,https://www.scribd.com/document/349417938/IJETR031406,distributed systems user manual India,2026-09-19 09:46:23
351820858,MX4 SCADA: Scalable Control Solutions,https://www.scribd.com/document/351820858/MX4-SCADA,distributed systems user manual India,2026-09-19 09:46:23
352675567,Exobiology: Careers and Education Guide,https://www.scribd.com/document/352675567/www-entrance-exam-net-astrobiologist-102-pdf,chemical engineering study guide Indonesia,2026-09-19 09:46:23
354054792,Guide For Maar Assignment 2,https://www.scribd.com/document/354054792/GUIDE-FOR-MAAR-ASSIGNMENT-2-docx,chemical engineering study guide Indonesia,2026-09-19 09:46:23
354650956,Self-Introduction for Doctoral Program,https://www.scribd.com/document/354650956/SELF-INTRODUCTION-docx,chemical engineering study guide Indonesia,2026-09-19 09:46:23
355157034,Staad Pro User Guide,https://www.scribd.com/document/355157034/Staad-Pro-User-Guide,distributed systems user manual India,2026-09-19 09:46:23
357569737,Communications Engineering PDF Resources,https://www.scribd.com/document/357569737/Communications-Engineering-PDF,chemical engineering study guide Indonesia,2026-09-19 09:46:23
358401918,ET200iSP Distributed IO Overview,https://www.scribd.com/document/358401918/Et200-Isp-PDF,distributed systems user manual India,2026-09-19 09:46:23
358401987,Siemens ET200M Manual PDF Download,https://www.scribd.com/document/358401987/Et200m-Manual-PDF,distributed systems user manual India,2026-09-19 09:46:23
358536533,Event-Driven Programming Overview PDF,https://www.scribd.com/document/358536533/Event-Driven-Programming-PDF,distributed systems user manual India,2026-09-19 09:46:23
360589139,"3046 - Executive Summary - ALCMS, PLC, Navigator",https://www.scribd.com/document/360589139,distributed systems user manual India,2026-09-19 09:46:23
360921933,Robot Framework for Software Testing,https://www.scribd.com/document/360921933/Software-Test-Automation-with-Robot-Framework,distributed systems user manual India,2026-09-19 09:46:23
363225095,Manual On Water Supply and Treatment Cpheeo Government of India,https://www.scribd.com/document/363225095/Manual-on-Water-Supply-and-Treatment-Cpheeo-Government-of-India,distributed systems user manual India,2026-09-19 09:46:23
363775029,Biomedical Engineering Interview Guide,https://www.scribd.com/document/363775029/31-Biomedical-Engineering-Interview-Questions-and-Answers-Job-Interview-Questions-Interview-Questions-and-Answers-Forum,chemical engineering study guide Indonesia,2026-09-19 09:46:23
367809729,UNIX/Linux SME with 5+ Years Experience,https://www.scribd.com/document/367809729/Arvind-Shivaramakrishnan,distributed systems user manual India,2026-09-19 09:46:23
368114027,Mumbai University Mech Eng Exam Guidelines,https://www.scribd.com/document/368114027/m37,distributed systems user manual India,2026-09-19 09:46:23
368374663,Chemical Engineering Reference List,https://www.scribd.com/document/368374663,chemical engineering study guide Indonesia,2026-09-19 09:46:23
371202777,Indonesia PDF,https://www.scribd.com/document/371202777/Indonesia-pdf,chemical engineering study guide Indonesia,2026-09-19 09:46:23
371760555,Comprehensive Reference List for Oil Engineering,https://www.scribd.com/document/371760555/14-DAFTAR-PUSTAKA,chemical engineering study guide Indonesia,2026-09-19 09:46:23
373326071,Chemical Engineering Plant Design II,https://www.scribd.com/document/373326071/Cdb-4022-Pdp,chemical engineering study guide Indonesia,2026-09-19 09:46:23
374159406,Automated Fare Collection System Overview,https://www.scribd.com/document/374159406/EASY-GO-Automated-Fare-Collection-System,distributed systems user manual India,2026-09-19 09:46:23
374176683,Plant Design I Course Overview,https://www.scribd.com/document/374176683/1-CDB-4014-Plant-Design-Project-I,chemical engineering study guide Indonesia,2026-09-19 09:46:23
375672674,Smart Parking System Based On Cloud Computing Using Android and Iot,https://www.scribd.com/document/375672674/Smart-Parking-System-Based-on-Cloud-Computing-Using-Android-and-Iot,distributed systems user manual India,2026-09-19 09:46:23
376482500,HAZOP Analysis Process Overview,https://www.scribd.com/document/376482500,chemical engineering study guide Indonesia,2026-09-19 09:46:23
376763952,UNSW Co-op Scholarship Application Guide,https://www.scribd.com/document/376763952/Quick-Guide,chemical engineering study guide Indonesia,2026-09-19 09:46:23
378171452,Indonesia Oil & Gas Competitiveness 2018,https://www.scribd.com/document/378171452/04-Layout-Oral-Presentation,chemical engineering study guide Indonesia,2026-09-19 09:46:23
380344316,Cloud Infrastructure and Services Overview,https://www.scribd.com/document/380344316/Cloud-Infrastructure-and-Services-1-1,distributed systems user manual India,2026-09-19 09:46:23
380508840,Types of Operating Systems Explained,https://www.scribd.com/document/380508840/8-Different-Types-of-Operating-Systems-With-Examples,distributed systems user manual India,2026-09-19 09:46:23
382082067,RVR Net's Centralized OSS/BSS Upgrade,https://www.scribd.com/document/382082067/Broadband-RVR-Net,distributed systems user manual India,2026-09-19 09:46:23
382915103,Advancing Bioenergy: A Master's Journey,https://www.scribd.com/document/382915103/Statement-of-Purpose,chemical engineering study guide Indonesia,2026-09-19 09:46:23
383539225,Financial Risk System Overview,https://www.scribd.com/document/383539225/Financial-Risk-System,distributed systems user manual India,2026-09-19 09:46:23
383625534,IoT Smart Security & Home Automation System,https://www.scribd.com/document/383625534/IoT-Based-Smart-Security-and-Home-Automation-System,distributed systems user manual India,2026-09-19 09:46:23
385522585,Soap Production from Sunflower Oil,https://www.scribd.com/document/385522585/Jurnal-Pembuatan-Sabun-dari-minyak-biji-bunga-matahari,chemical engineering study guide Indonesia,2026-09-19 09:46:23
387752229,Energy Types and Concepts Study Guide,https://www.scribd.com/document/387752229/Energy-Unit-Study-Guide,chemical engineering study guide Indonesia,2026-09-19 09:46:23
388125244,Chemical Reactions Study Guide,https://www.scribd.com/document/388125244/Chemical-Reactions-Study-Guide-Key,chemical engineering study guide Indonesia,2026-09-19 09:46:23
39030846,Comprehensive Airport Management System,https://www.scribd.com/document/39030846/Tam-is-Key-Feature,distributed systems user manual India,2026-09-19 09:46:23
392391142,Smart Ration Distribution System App,https://www.scribd.com/document/392391142/Android-Application-for-Smart-Ration-Public-Distribution-System,distributed systems user manual India,2026-09-19 09:46:23
392578319,Ani Puspita Sari: CV Overview,https://www.scribd.com/document/392578319/CV-Ani-Puspita-Sari-General,chemical engineering study guide Indonesia,2026-09-19 09:46:23
396199991,PDO Engineering Standards Overview,https://www.scribd.com/document/396199991/GU-611-PDO-Guide-to-Engineering-Standards-and-Procedures,chemical engineering study guide Indonesia,2026-09-19 09:46:23
398695371,HPAPI Facility Design Insights,https://www.scribd.com/document/398695371/The-Latest-Techniques-in-HPAPI-Facility-Design,chemical engineering study guide Indonesia,2026-09-19 09:46:23
399011711,Benzotrichlorid in Chemical Engineering,https://www.scribd.com/document/399011711/DAFTAR-PUSTAKA,chemical engineering study guide Indonesia,2026-09-19 09:46:23
399472565,Chemical Engineering References List,https://www.scribd.com/document/399472565/18-DAFTAR-PUSTAKA,chemical engineering study guide Indonesia,2026-09-19 09:46:23
402746554,IITM Research Park Startup Showcase,https://www.scribd.com/document/402746554/IITM-Startup,distributed systems user manual India,2026-09-19 09:46:23
404032539,Vidit Jain's Professional Profile,https://www.scribd.com/document/404032539/Vidit-Jain,distributed systems user manual India,2026-09-19 09:46:23
405073842,Comprehensive Chemical Engineering References,https://www.scribd.com/document/405073842/DAFTAR-PUSTAKA,chemical engineering study guide Indonesia,2026-09-19 09:46:23
405557181,QR Code Toll Collection System,https://www.scribd.com/document/405557181/QR-Code-based-Toll-Gate-Accessing-System-Reducing-Manpower,distributed systems user manual India,2026-09-19 09:46:23
406621557,Chemical Engineering Profile: Darpan Lakhmani,https://www.scribd.com/document/406621557/AU-Resume-Template-for-SEAS,chemical engineering study guide Indonesia,2026-09-19 09:46:23
407441625,Design Code For Indonesia,https://www.scribd.com/document/407441625/DESIGN-CODE-FOR-INDONESIA,chemical engineering study guide Indonesia,2026-09-19 09:46:23
407844384,20 Ton CFBC Boiler Operation Manual,https://www.scribd.com/document/407844384/20-Ton-Cfbc-Boiler-Operation-Manual,distributed systems user manual India,2026-09-19 09:46:23
407890022,System Classification and Development Approaches,https://www.scribd.com/document/407890022/Block-1-Unit-1,distributed systems user manual India,2026-09-19 09:46:23
408392346,Automating Mainframe Information Systems,https://www.scribd.com/document/408392346/An-Information-System-Can-Be-a-Mainframe,distributed systems user manual India,2026-09-19 09:46:23
408732895,Distributed Operating Systems by P.K. Sinha,https://www.scribd.com/document/408732895/9084-f6b0,distributed systems user manual India,2026-09-19 09:46:23
409014704,Optitex Training Manual in Hindi,https://www.scribd.com/document/409014704/optitex-training-pds-hindi-file-pdf,chemical engineering study guide Indonesia,2026-09-19 09:46:23
411589663,UML Use Case Diagrams Lab Guide,https://www.scribd.com/document/411589663/LE2-2,distributed systems user manual India,2026-09-19 09:46:23
414578115,Chemical Engineering References List,https://www.scribd.com/document/414578115/Dapps,chemical engineering study guide Indonesia,2026-09-19 09:46:23
415287293,Torque Wrench Calibrator (TWC) Sales Leaflet,https://www.scribd.com/document/415287293/Torque-Wrench-Calibrator-TWC-Sales-Leaflet,distributed systems user manual India,2026-09-19 09:46:23
417196128,Cacao Processing and Utilization Insights,https://www.scribd.com/document/417196128/1,chemical engineering study guide Indonesia,2026-09-19 09:46:23
419456517,Automatic Tube Cleaning System Overview,https://www.scribd.com/document/419456517/ECOMax-HE-Brochure-Eco-Green,distributed systems user manual India,2026-09-19 09:46:23
420103415,Job Safety Analysis for Tank Cleaning,https://www.scribd.com/document/420103415/Safety-in-Cleaning-of-Chemical-Storage-Tanks-using-Job-Safety-Analysis-Methods,chemical engineering study guide Indonesia,2026-09-19 09:46:23
421523008,2019 Master of Engineering Study Plan,https://www.scribd.com/document/421523008/2019-Master-of-Engineering-Chemical-pdf,chemical engineering study guide Indonesia,2026-09-19 09:46:23
421702557,API Inspection Summit Agenda 2019,https://www.scribd.com/document/421702557/2019-Master-Schedule-Inspection-Summit,chemical engineering study guide Indonesia,2026-09-19 09:46:23
422063451,Download Hughes Electrical Technology PDF,https://www.scribd.com/document/422063451/329423803-hughes-electrical-technology-7th-edition-pdf-pdf-pdf,chemical engineering study guide Indonesia,2026-09-19 09:46:23
42208033,Gillette India: Market Leadership Strategies,https://www.scribd.com/document/42208033/GilletteIndia,distributed systems user manual India,2026-09-19 09:46:23
423462187,Alat Pompa Sabu dan Desain Agitator,https://www.scribd.com/document/423462187/6-DAFTAR-PUSTAKA,chemical engineering study guide Indonesia,2026-09-19 09:46:23
425668735,Machinability of Titanium Alloys in Nuclear,https://www.scribd.com/document/425668735/A-Brief-Review-on-Machinability-of-Titanium-and-Its-Alloys-for-Nuclear-Application,chemical engineering study guide Indonesia,2026-09-19 09:46:23
42592016,Rapiscan 632XR Screen,https://www.scribd.com/document/42592016/Rapiscan-632XR-Screen,distributed systems user manual India,2026-09-19 09:46:23
426083660,Wynk: Airtel's Digital Entertainment Hub,https://www.scribd.com/document/426083660/Airtel-Software-Developer-WYNK-1-docx,distributed systems user manual India,2026-09-19 09:46:23
426198389,Chalk and Vinegar: A Chemical Reaction,https://www.scribd.com/document/426198389/Post-Lab,chemical engineering study guide Indonesia,2026-09-19 09:46:23
427071828,Overview of Cloud Operating Systems,https://www.scribd.com/document/427071828/Operating-System-used-in-cloud-computing-pdf,distributed systems user manual India,2026-09-19 09:46:23
427072524,Overview of Cloud Operating Systems,https://www.scribd.com/document/427072524/Operating-System-used-in-cloud-computing-pdf,distributed systems user manual India,2026-09-19 09:46:23
429464131,Abd Kadir Mubarak's CV Summary,https://www.scribd.com/document/429464131/CV-Abd-Kadir-Mubarak-a-Amin,chemical engineering study guide Indonesia,2026-09-19 09:46:23
431638498,Risk Analysis in Environmental Hazards,https://www.scribd.com/document/431638498/RISK-ANALYSIS-AND-ENVIRONMENTAL-HAZARD-M-pdf,chemical engineering study guide Indonesia,2026-09-19 09:46:23
432146170,Chemistry Study Guide: Ionic & Covalent Bonds,https://www.scribd.com/document/432146170/Chapter-7-8-Chem-Study-Guide,chemical engineering study guide Indonesia,2026-09-19 09:46:23
433110192,Enhancing Concrete with Coconut Shells,https://www.scribd.com/document/433110192/A-STUDY-ON-THE-COMPRESSIVE-STRENGTH-OF-CONCRETE-WITH-COCONUT-SHELL-AS-ADDITIONAL-AGGREGATE,chemical engineering study guide Indonesia,2026-09-19 09:46:23
433149497,Pla Filament For Your 3D Printer: Member of,https://www.scribd.com/document/433149497/PLA-Filaments-directory,chemical engineering study guide Indonesia,2026-09-19 09:46:23
435369351,Overview of Aditya Mahajan's Career at Petronet LNG,https://www.scribd.com/document/435369351/Resume,chemical engineering study guide Indonesia,2026-09-19 09:46:23
436369174,Servo Problems in Process Control,https://www.scribd.com/document/436369174/Eee5015-Process-dynamics-And-control-Eth-1-1-46-Eee5015-51,distributed systems user manual India,2026-09-19 09:46:23
438782251,E720 PDF,https://www.scribd.com/document/438782251/af3e64f1d0d1d15ddd8d7809e7bc879ce720-pdf,chemical engineering study guide Indonesia,2026-09-19 09:46:23
43953380,Bellerbys College Scholarships for Malaysians,https://www.scribd.com/document/43953380/10904-Bellerbys-a-Level-Flyer-for-Malaysia-v1,chemical engineering study guide Indonesia,2026-09-19 09:46:23
440022141,DIY Psychotherapy Guide PDF,https://www.scribd.com/document/440022141/do-it-yourself-psychotherapy,distributed systems user manual India,2026-09-19 09:46:23
440135146,Roughneck's Guide to Drilling Calculations,https://www.scribd.com/document/440135146/The-Guide-Books-Roughneck-s-Guide,chemical engineering study guide Indonesia,2026-09-19 09:46:23
441693901,TNEB Power Engineers Handbook PDF,https://www.scribd.com/document/441693901/tneb-power-engineers-handbook-pdf,distributed systems user manual India,2026-09-19 09:46:23
453336735,Mukesh Gairola: UI Architect Profile,https://www.scribd.com/document/453336735/resume-sample-10-year-UI-exp,distributed systems user manual India,2026-09-19 09:46:23
456067669,AI-Based Operating Systems: A Study,https://www.scribd.com/document/456067669/ai,distributed systems user manual India,2026-09-19 09:46:23
45786322,ProductBro 01,https://www.scribd.com/document/45786322/ProductBro-01,distributed systems user manual India,2026-09-19 09:46:23
459897642,Automated Toll Collection System Using RFID,https://www.scribd.com/document/459897642/Automated-Toll-Collection-System,distributed systems user manual India,2026-09-19 09:46:23
459959066,India Smart Grid Market Overview,https://www.scribd.com/document/459959066/SMART-GRID-MARKET-ANALYSIS,distributed systems user manual India,2026-09-19 09:46:23
461071375,Apache JMeter - User's Manual - Building A Test Plan-3,https://www.scribd.com/document/461071375/Apache-JMeter-User-s-Manual-Building-a-Test-Plan-3,distributed systems user manual India,2026-09-19 09:46:23
465129780,Engineering Chemistry Course Details,https://www.scribd.com/document/465129780/ENGINEERING-3014-Engineering-ChemistrySummer,chemical engineering study guide Indonesia,2026-09-19 09:46:23
467625653,BCS-CRM 111: Low Carbon Steel Analysis,https://www.scribd.com/document/467625653/BCS-CRM-111-Mar2014,chemical engineering study guide Indonesia,2026-09-19 09:46:23
467627509,BCS-CRM 114 Analysis Report,https://www.scribd.com/document/467627509/BCS-CRM-114-Mar2014,chemical engineering study guide Indonesia,2026-09-19 09:46:23
468363925,IFAS: Integrated Flood Analysis System,https://www.scribd.com/document/468363925/1-ifas,distributed systems user manual India,2026-09-19 09:46:23
469829447,NX 8.5 Tutorial Book PDF Guide,https://www.scribd.com/document/469829447/Nx-85-Tutorial-Book-Pdf-pdf,chemical engineering study guide Indonesia,2026-09-19 09:46:23
470629278,Abell & Braselton Solutions Manual,https://www.scribd.com/document/470629278/abell-and-braselton-solutions-manual-pdf,chemical engineering study guide Indonesia,2026-09-19 09:46:23
471513425,Arduino Based MPPT Solar Charge Controller 2332 0796 1000221 1 PDF,https://www.scribd.com/document/471513425/arduino-based-mppt-solar-charge-controller-2332-0796-1000221-1-pdf,distributed systems user manual India,2026-09-19 09:46:23
471519551,Error in Yokogawa Centum CS3000 HIS Communication - Automation & Control Engineering Forum,https://www.scribd.com/document/471519551/Error-in-Yokogawa-Centum-CS3000-HIS-Communication-Automation-Control-Engineering-Forum,distributed systems user manual India,2026-09-19 09:46:23
472668514,Etp Operation & Maintenance Manual: Click Here To Download,https://www.scribd.com/document/472668514/etp-operation-maintenance-manual,distributed systems user manual India,2026-09-19 09:46:23
474410689,PDO Standards for Mechanical Equipment,https://www.scribd.com/document/474410689/GU-611-PDO-Guide-to-Engineering-Standards-and-Procedures,chemical engineering study guide Indonesia,2026-09-19 09:46:23
477112538,Free Download Here: Datex Adu Service Manual PDF,https://www.scribd.com/document/477112538/pdfslide-net-datex-ohmeda-adu-carestation-s5-avance-anesthesia-adu-service-manualpdf-free-pdf,distributed systems user manual India,2026-09-19 09:46:23
477170819,Walmart Global Tech India: Software Engineer II,https://www.scribd.com/document/477170819/Walmart-Global-Tech-India-Software-Engineer-ll-1,distributed systems user manual India,2026-09-19 09:46:23
477279149,PDO Engineering Standards Overview,https://www.scribd.com/document/477279149/GU-611-23a-PDO-Guide-to-Engineering-Standards-and-Procedures,chemical engineering study guide Indonesia,2026-09-19 09:46:23
478186790,Chemical Reactions Vocabulary Guide,https://www.scribd.com/document/478186790/study-guide-answers,chemical engineering study guide Indonesia,2026-09-19 09:46:23
483248553,Angela Fonseca's Curriculum Vitae,https://www.scribd.com/document/483248553/Curriculum-Vitae-Oasis-docx,chemical engineering study guide Indonesia,2026-09-19 09:46:23
485805334,PGI Memory Scale Manual Overview,https://www.scribd.com/document/485805334/manual-of-pgi-memory-scale-pdf,distributed systems user manual India,2026-09-19 09:46:23
486933704,Permaculture Practices in India,https://www.scribd.com/document/486933704/08-Readings-4,distributed systems user manual India,2026-09-19 09:46:23
487862327,Mitsubishi HVAC Installation Report,https://www.scribd.com/document/487862327/Commissioning-Report,distributed systems user manual India,2026-09-19 09:46:23
488096304,Advantages and Disadvantages of MIS,https://www.scribd.com/document/488096304/advantages-disadvantages-information-system-MIS,distributed systems user manual India,2026-09-19 09:46:23
488455469,Fibcom F6300 NMS Overview,https://www.scribd.com/document/488455469/Fibcom-6300NMS-pdf,distributed systems user manual India,2026-09-19 09:46:23
491874682,IIT Bombay Mechanical Engineering CV,https://www.scribd.com/document/491874682/Resume,chemical engineering study guide Indonesia,2026-09-19 09:46:23
492488252,"An Automated End-To-End Penetration Testing For Iot: Abstract - in The Internet of Things (Iot) Environment, Objects",https://www.scribd.com/document/492488252/IPSJ-Z81-5F-05,distributed systems user manual India,2026-09-19 09:46:23
499125708,Emerson Export Engineering Center Profile,https://www.scribd.com/document/499125708/Test2,distributed systems user manual India,2026-09-19 09:46:23
499874789,UI International Undergraduate Programs,https://www.scribd.com/document/499874789/Brosur-KKI-2016,chemical engineering study guide Indonesia,2026-09-19 09:46:23
500564707,Philips DSP 2500 User Guide,https://www.scribd.com/document/500564707/philips-dsp-2500-user-guide-1,distributed systems user manual India,2026-09-19 09:46:23
50131348,"E-Banker "" "": Core Banking Solution",https://www.scribd.com/document/50131348/cbs,distributed systems user manual India,2026-09-19 09:46:23
50329412,Aspirations in Chemical Engineering,https://www.scribd.com/document/50329412/Assignment-01-I8310066-B,chemical engineering study guide Indonesia,2026-09-19 09:46:23
503476312,Comprehensive Chemical Engineering References,https://www.scribd.com/document/503476312/06-daftar-pustaka,chemical engineering study guide Indonesia,2026-09-19 09:46:23
504407702,Percent Yield Calculation Examples,https://www.scribd.com/document/504407702/study-guide-Percent-Yield-WS-2-2021,chemical engineering study guide Indonesia,2026-09-19 09:46:23
506194897,FREE Ethiopian Airlines Pilot Interview Study Guide Questions and Answers,https://www.scribd.com/document/506194897/FREE-Ethiopian-Airlines-Pilot-Interview-Study-Guide-Questions-and-Answers,chemical engineering study guide Indonesia,2026-09-19 09:46:23
507959202,Online Game Addiction in Mobile Legends,https://www.scribd.com/document/507959202/IRJAES-V4N3P260Y19,chemical engineering study guide Indonesia,2026-09-19 09:46:23
508827508,Stipendium Hungaricum Motivation Letter,https://www.scribd.com/document/508827508/Motivation-Letter-for-Stpendium-Hungaricum,chemical engineering study guide Indonesia,2026-09-19 09:46:23
509550268,IoT Based Smart Water Monitoring and Distribution System For An Apartments,https://www.scribd.com/document/509550268/IoT-Based-Smart-Water-Monitoring-and-Distribution-System-For-An-Apartments,distributed systems user manual India,2026-09-19 09:46:23
510240962,Overview of Pharmacology Concepts,https://www.scribd.com/document/510240962/Chapter-18-Defense-Mechanisms-of-the-Body,chemical engineering study guide Indonesia,2026-09-19 09:46:23
515014778,Dentifrice Composition and Abrasiveness,https://www.scribd.com/document/515014778/Anusavice-K-J-Shen-C-Rawls-H-R-Phillips-Science-of-Dental-Materials-266-268,chemical engineering study guide Indonesia,2026-09-19 09:46:23
515143881,Employee Attendance and Payroll System,https://www.scribd.com/document/515143881/Employee-Attendance-and-Payroll-System,distributed systems user manual India,2026-09-19 09:46:23
515284806,ERPNext User Manual for SMEs,https://www.scribd.com/document/515284806/ERPNext-User-Manual,distributed systems user manual India,2026-09-19 09:46:23
515404347,DAS Technology for Acoustic Monitoring,https://www.scribd.com/document/515404347/Flyer-DAS-Distributed-Acoustic-Sensing,distributed systems user manual India,2026-09-19 09:46:23
519881363,Blueprint References: Title & Auxiliary Information,https://www.scribd.com/document/519881363/CSP-References,chemical engineering study guide Indonesia,2026-09-19 09:46:23
522631294,P&ID Instrument Symbols Legend,https://www.scribd.com/document/522631294/Legend-Sheet-P-ID-for-As-Built-drafting-on-20210722-2,distributed systems user manual India,2026-09-19 09:46:23
531620790,Muhammad Mursalin: Petroleum Engineer Profile,https://www.scribd.com/document/531620790/Muhammad-Mursalin-Curriculum-Vitae,chemical engineering study guide Indonesia,2026-09-19 09:46:23
533709988,L&T Hydrocarbon Engineering Job Openings,https://www.scribd.com/document/533709988/Documents,chemical engineering study guide Indonesia,2026-09-19 09:46:23
54142589,ASTM C09 Committee Overview,https://www.scribd.com/document/54142589/C09-Fact-Sheet,chemical engineering study guide Indonesia,2026-09-19 09:46:23
543223332,EGT318 Final Exam Study Guide,https://www.scribd.com/document/543223332/Study-Guide-Final-163-318,chemical engineering study guide Indonesia,2026-09-19 09:46:23
543302210,Biochemical Engineering & Biotechnology,https://www.scribd.com/document/543302210/BookCover2,chemical engineering study guide Indonesia,2026-09-19 09:46:23
546597915,Advances in Thermoset Polymers,https://www.scribd.com/document/546597915/Preface-2014-Handbook-of-Thermoset-Plastics,chemical engineering study guide Indonesia,2026-09-19 09:46:23
558200703,Automation System MCQs and Answers,https://www.scribd.com/document/558200703/Multiple-Choice-Questions-chapter-1,distributed systems user manual India,2026-09-19 09:46:23
562034009,Hempcrete's Role in Carbon Sequestration,https://www.scribd.com/document/562034009/A-study-report-on-carbon-sequestration-by-using-Hempcrete,chemical engineering study guide Indonesia,2026-09-19 09:46:23
567940990,Draw Frame User Manual,https://www.scribd.com/document/567940990/draw-frame-user-manual,distributed systems user manual India,2026-09-19 09:46:23
569259078,Fly Ash Utilization in Soil Stabilization: Abstract,https://www.scribd.com/document/569259078/3136C514601,chemical engineering study guide Indonesia,2026-09-19 09:46:23
571551517,Pseudoephedrine From N-Methylamphet,https://www.scribd.com/document/571551517/Pseudoephedrine-from-n-methylamphet,chemical engineering study guide Indonesia,2026-09-19 09:46:23
57170716,Electrical Engineer Resume of Fakhruddin,https://www.scribd.com/document/57170716/Resume-CV-Fakhruddin,chemical engineering study guide Indonesia,2026-09-19 09:46:23
572897421,Agile Scrum Foundation Certification Guide,https://www.scribd.com/document/572897421/Certified-Agile-Scrum-Foundation,distributed systems user manual India,2026-09-19 09:46:23
576326043,PSV Installation Guidelines for Engineers,https://www.scribd.com/document/576326043/Process-Engineer-PSV-Installation-Guide,chemical engineering study guide Indonesia,2026-09-19 09:46:23
583415735,ShareChat User Engagement Insights,https://www.scribd.com/document/583415735/Anshu-Pandey-Resume4,distributed systems user manual India,2026-09-19 09:46:23
588775344,System Analysis and Design Course Syllabus,https://www.scribd.com/document/588775344/System-analysis-and-design,distributed systems user manual India,2026-09-19 09:46:23
61420721,MSc in Process Safety & Loss Prevention,https://www.scribd.com/document/61420721/Sheffield-Process-Safety-Eng,chemical engineering study guide Indonesia,2026-09-19 09:46:23
614306762,IWAKI Electromagnetic Metering Pumps,https://www.scribd.com/document/614306762/Iwaki-PUMP-Brochure,chemical engineering study guide Indonesia,2026-09-19 09:46:23
61613237,Chemical Engineer Resume Guide,https://www.scribd.com/document/61613237/Saransh-Chemical-Engineer-Resume,chemical engineering study guide Indonesia,2026-09-19 09:46:23
619057352,Global Overview of Engineering Disciplines,https://www.scribd.com/document/619057352/Engineering-Around-the-World,chemical engineering study guide Indonesia,2026-09-19 09:46:23
623364475,Oil and Gas Engineering Job Openings,https://www.scribd.com/document/623364475/Process-Engineer-Technical-Process-Safety-Engineer-OK,chemical engineering study guide Indonesia,2026-09-19 09:46:23
626632379,Kasturi Karuna: Product Management Profile,https://www.scribd.com/document/626632379/Kasturi-Karuna-CV-Feb-2023-Product-Growth,distributed systems user manual India,2026-09-19 09:46:23
632716660,Aiman Iqbal: Chemical Engineering Profile,https://www.scribd.com/document/632716660/Resume-Aiman-Mochammad-Iqbal-2,chemical engineering study guide Indonesia,2026-09-19 09:46:23
644311543,Flipper Zero Quick Start Guide,https://www.scribd.com/document/644311543/User-Manual-5633541,distributed systems user manual India,2026-09-19 09:46:23
649252758,EIS Mnemonics for Students,https://www.scribd.com/document/649252758/Eis-Sm-Mnemonics-shortcuts-xlsx,distributed systems user manual India,2026-09-19 09:46:23
650106477,SQL to NoSQL Database Migration Guide,https://www.scribd.com/document/650106477/1,distributed systems user manual India,2026-09-19 09:46:23
654414898,UNSW Undergraduate Entry Requirements,https://www.scribd.com/document/654414898/2022-Direct-Entry-Table-UNSW,chemical engineering study guide Indonesia,2026-09-19 09:46:23
659625683,Chemical Engineering Terminology Guide,https://www.scribd.com/document/659625683/TECHNICAL-WORDS-RELATED-TO-CHEMICAL-ENGINEERING,chemical engineering study guide Indonesia,2026-09-19 09:46:23
661596779,Oil Product List 052018,https://www.scribd.com/document/661596779/oil-product-list-052018,chemical engineering study guide Indonesia,2026-09-19 09:46:23
666260288,Overview of Distributed Operating Systems,https://www.scribd.com/document/666260288/DOS,distributed systems user manual India,2026-09-19 09:46:23
669929077,HiQ VARIO Modular Ultrasonic Systems,https://www.scribd.com/document/669929077/HiQ-modular-systems-Vario,distributed systems user manual India,2026-09-19 09:46:23
673455661,Rigid Endoscope User Manual,https://www.scribd.com/document/673455661/ESS-Rigid-scope-Inst-UserManual-2014v2,distributed systems user manual India,2026-09-19 09:46:23
674086193,Samsung Air Conditioner User Manual,https://www.scribd.com/document/674086193/User-Manual,distributed systems user manual India,2026-09-19 09:46:23
677661361,Construction Cost Estimation in Chemical Plants,https://www.scribd.com/document/677661361/Estimating-Construction-Cost-in-Chemical-Process-Industries,chemical engineering study guide Indonesia,2026-09-19 09:46:23
679132221,Smart Supermarket Billing System in Python,https://www.scribd.com/document/679132221/852-22-SMART-SUPERMARKET-BILLING-SYSTEM-USING-PYTHON,distributed systems user manual India,2026-09-19 09:46:23
679563061,Software Test Automation with Robot Framework,https://www.scribd.com/document/679563061/Software-Test-Automation-With-Robot-Fram,distributed systems user manual India,2026-09-19 09:46:23
68183899,VSAI Endorses GVF VSAT Training in India,https://www.scribd.com/document/68183899/pr,distributed systems user manual India,2026-09-19 09:46:23
686265481,HND Past Questions and Answers 2018,https://www.scribd.com/document/686265481/HND-past-question-and-answers-pdf-Google-Search,chemical engineering study guide Indonesia,2026-09-19 09:46:23
690472358,TrueBeam System Version 2.7,https://www.scribd.com/document/690472358/TrueBeam-System-version-2-7,distributed systems user manual India,2026-09-19 09:46:23
692824900,Chemical Engineering References List,https://www.scribd.com/document/692824900/06-daftar-pustaka,chemical engineering study guide Indonesia,2026-09-19 09:46:23
692941895,DGCA Audit Checklist for Air India,https://www.scribd.com/document/692941895/Points-for-DGCA-audit-Dec-23,distributed systems user manual India,2026-09-19 09:46:23
694178504,Stanford MS in Computer Science Resume,https://www.scribd.com/document/694178504/Stanford-cv,distributed systems user manual India,2026-09-19 09:46:23
694474325,PowerFactory 2023: Advanced Power System Solutions,https://www.scribd.com/document/694474325/PowerFactory2023-Highlights-En,distributed systems user manual India,2026-09-19 09:46:23
69522815,Understanding Database Management Systems,https://www.scribd.com/document/69522815/TuteWk3-Work,distributed systems user manual India,2026-09-19 09:46:23
702417363,PE Exam Preparation Resources Guide,https://www.scribd.com/document/702417363/PE-At-A-Glance-Resource-Materials-2020-21,chemical engineering study guide Indonesia,2026-09-19 09:46:23
703186962,Captronic Systems Job Opportunity in Bangalore,https://www.scribd.com/document/703186962/CAPTRONIC-SYSTEMS,distributed systems user manual India,2026-09-19 09:46:23
705170980,Manual Test Engineer Resume - Abhishek D.,https://www.scribd.com/document/705170980/Abhishek-Resume-Updated,distributed systems user manual India,2026-09-19 09:46:23
706016747,C2 Pro User Manual V2.0,https://www.scribd.com/document/706016747/The-C2Pro-User-Manual-EN,distributed systems user manual India,2026-09-19 09:46:23
70686793,IBM Rational CC CQ SALES Battle Card,https://www.scribd.com/document/70686793/IBM-Rational-CC-CQ-SALES-Battle-Card,distributed systems user manual India,2026-09-19 09:46:23
708781328,CCTV Exam Questions and Answers Guide,https://www.scribd.com/document/708781328/CCTV-quiz,distributed systems user manual India,2026-09-19 09:46:23
709186966,Systems Analysis and Design Syllabus,https://www.scribd.com/document/709186966/SSAD-Syllabus,distributed systems user manual India,2026-09-19 09:46:23
714790574,Sanjana Taware: Software Tester Resume,https://www.scribd.com/document/714790574/Resume-SANJANA-TU,distributed systems user manual India,2026-09-19 09:46:23
723870222,AAS Scholarship Referee Report for Muhammad Taqwir,https://www.scribd.com/document/723870222/Referee-Report-for-AAS-Applications-2,chemical engineering study guide Indonesia,2026-09-19 09:46:23
728773384,Impact of CAD on Manual Drafting Skills,https://www.scribd.com/document/728773384/Effect-of-Computer-Aided-Drafting-on-Manual-Drafting-Skills,distributed systems user manual India,2026-09-19 09:46:23
729385666,Chemical Engineering Design Principles Guide,https://www.scribd.com/document/729385666/MEMO-Selfstudy-project-CHPT-1-7-and-9,chemical engineering study guide Indonesia,2026-09-19 09:46:23
730494057,Peterborough Oxygen Generator Manual,https://www.scribd.com/document/730494057/3C-550-User-Manual,distributed systems user manual India,2026-09-19 09:46:23
73461769,Gillette India: Market Leadership in Shaving,https://www.scribd.com/document/73461769/GilletteIndia,distributed systems user manual India,2026-09-19 09:46:23
745931318,Kairos Air Fryer 4.5L User Manual,https://www.scribd.com/document/745931318/Airfryer-4-5-L-Manual,distributed systems user manual India,2026-09-19 09:46:23
761701226,Recommendation Letter - Prof. Wimpy Santosa P.hd.,https://www.scribd.com/document/761701226/Recommendation-Letter-Prof-Wimpy-Santosa-P-hd,chemical engineering study guide Indonesia,2026-09-19 09:46:23
771653297,Nikon D3500 User Manual Overview,https://www.scribd.com/document/771653297/D3500-User-Manual,distributed systems user manual India,2026-09-19 09:46:23
794806581,Mixer Grinder User Manual Instructions,https://www.scribd.com/document/794806581/231662-User-Manual,distributed systems user manual India,2026-09-19 09:46:23
798791281,Rapiscan 628XR Cargo Screening System,https://www.scribd.com/document/798791281/628XR-E-Rapiscan,distributed systems user manual India,2026-09-19 09:46:23
801849594,14) Comparative Study of Green Rating Systems in India,https://www.scribd.com/document/801849594/14-Comparative-Study-of-Green-Rating-Systems-in-India,distributed systems user manual India,2026-09-19 09:46:23
809947483,DBMS: Enhancing User Experience and Efficiency,https://www.scribd.com/document/809947483/Dbms-Poster,distributed systems user manual India,2026-09-19 09:46:23
815492196,Unifrog Quiz Profile Overview,https://www.scribd.com/document/815492196/Quiz-Profile-Student-Unifrog,chemical engineering study guide Indonesia,2026-09-19 09:46:23
81706605,Iklan Lowongan Universiti Malaysia Pahang,https://www.scribd.com/document/81706605,chemical engineering study guide Indonesia,2026-09-19 09:46:23
819387618,Citrix Engineer Resume and Skills Overview,https://www.scribd.com/document/819387618/Mani-K-Citrix,distributed systems user manual India,2026-09-19 09:46:23
836439473,Experienced QA Lead & Automation Expert,https://www.scribd.com/document/836439473/Shaveta-QA-Lead-10yr-p-1,distributed systems user manual India,2026-09-19 09:46:23
837633094,DAE Mechanical Engineering Interview Guide,https://www.scribd.com/document/837633094/DAE-in-Mechanical-Engineering-Interview-Questions,chemical engineering study guide Indonesia,2026-09-19 09:46:23
844602114,AR6400 Manual,https://www.scribd.com/document/844602114/AR6400-Manual,distributed systems user manual India,2026-09-19 09:46:23
845350228,27- ByteByteGo - Ace Your Next System Design Interview,https://www.scribd.com/document/845350228/27-ByteByteGo-Ace-Your-Next-System-Design-Interview,distributed systems user manual India,2026-09-19 09:46:23
84656652,Junior Software Tester Resume,https://www.scribd.com/document/84656652/Software-Tester-s-Cv,distributed systems user manual India,2026-09-19 09:46:23
848941006,Engineering Courses Without Maths,https://www.scribd.com/document/848941006/Engineering-Courses-Without-Maths-Can-I-Do-Btec,chemical engineering study guide Indonesia,2026-09-19 09:46:23
86461806,TurboSwift: Advanced SWIFT CBT Solution,https://www.scribd.com/document/86461806/Turbo-Swift,distributed systems user manual India,2026-09-19 09:46:23
866852556,Automobile Engineering Essentials Guide,https://www.scribd.com/document/866852556/Automobile-Engineering-Study-Guide,chemical engineering study guide Indonesia,2026-09-19 09:46:23
868759895,UPM Postgraduate Admission Guide 2025,https://www.scribd.com/document/868759895/International-Postgraduate-Brocheure-UPM,chemical engineering study guide Indonesia,2026-09-19 09:46:23
88219885,IMMOLS: Revolutionizing IAF Inventory Management,https://www.scribd.com/document/88219885/e-wings,distributed systems user manual India,2026-09-19 09:46:23
892544189,Chemical Engineering Study Guide PDF,https://www.scribd.com/document/892544189/Chemical-Engineering-Notes-1,chemical engineering study guide Indonesia,2026-09-19 09:46:23
894521742,SDE1 Opportunities at SBS India,https://www.scribd.com/document/894521742/SBS-SDE1,distributed systems user manual India,2026-09-19 09:46:23
910361466,Distributed Systems Exam Questions and Answers,https://www.scribd.com/document/910361466/distributed-systems,distributed systems user manual India,2026-09-19 09:46:23
913954533,Types of Information Systems Explained,https://www.scribd.com/document/913954533/1-02-Classification-of-computer-systems,distributed systems user manual India,2026-09-19 09:46:23
93409673,Industrial Safety Engineering Resources,https://www.scribd.com/document/93409673/Books,chemical engineering study guide Indonesia,2026-09-19 09:46:23
947796697,Engineering Chemistry Essentials Guide,https://www.scribd.com/document/947796697/The-Essential-Guide-to-Engineering-Chemistry,chemical engineering study guide Indonesia,2026-09-19 09:46:23
952072171,E58 Drone Full HD User Manual,https://www.scribd.com/document/952072171/E58-drone-manual,distributed systems user manual India,2026-09-19 09:46:23
95230299,Fugro's Role in Papua's Energy Sector,https://www.scribd.com/document/95230299/Oral-Presentation-2012,chemical engineering study guide Indonesia,2026-09-19 09:46:23
95803944,Deepak Kannan Gunaraj - Software Developer Resume,https://www.scribd.com/document/95803944,distributed systems user manual India,2026-09-19 09:46:23
95811693,Environmental Specialist CV - Indonesia,https://www.scribd.com/document/95811693/Muhamad-Nizar-CV-20120504,chemical engineering study guide Indonesia,2026-09-19 09:46:23
963077888,Pulse Oximeter User Manual and Alarms,https://www.scribd.com/document/963077888/CMS60D-User-Manual,distributed systems user manual India,2026-09-19 09:46:23
981699481,Structural Engineering Study Guide,https://www.scribd.com/document/981699481/ALEXANDER-KELLY-Structural-Engineering-Post-Test-Study-Guide-docx,chemical engineering study guide Indonesia,2026-09-19 09:46:23
990535368,Evolution of Operating Systems,https://www.scribd.com/document/990535368/Evolution-of-Operating-Systems,distributed systems user manual India,2026-09-19 09:46:23
99281971,Genee Vision 6100 Desktop Solution,https://www.scribd.com/document/99281971,distributed systems user manual India,2026-09-19 09:46:23
1016783069,Gujcost 2026 Brochure,https://www.scribd.com/document/1016783069/Gujcost-2026-Brochure,chemical engineering professional 2026,2026-09-19 09:46:24
1017999978,AutoCAD Plant 3D Masterclass 2026,https://www.scribd.com/document/1017999978/AutoCAD-Plant-3D-Masterclass-2026,chemical engineering professional 2026,2026-09-19 09:46:24
1032302066,April 2026 Results of the Technical Evaluation for the Upgrading as Professional Electrical Engineers Alpha,https://www.scribd.com/document/1032302066/April-2026-Results-of-the-Technical-Evaluation-for-the-Upgrading-as-Professional-Electrical-Engineers-Alpha,chemical engineering professional 2026,2026-09-19 09:46:24
1033757112,"Criteria For Accrediting Engineering Programs, 2026 - 2027 - ABET2",https://www.scribd.com/document/1033757112/Criteria-for-Accrediting-Engineering-Programs-2026-2027-ABET2,chemical engineering professional 2026,2026-09-19 09:46:24
1035731478,Core and Generic Competences of Chemical Engineering,https://www.scribd.com/document/1035731478/Core-and-Generic-Competences-of-Chemical-Engineering,chemical engineering professional 2026,2026-09-19 09:46:24
1039232720,C Internet Myiemorgmy Intranet Assets Doc Alldoc Document 33653 E2TD 160526 Rev.1,https://www.scribd.com/document/1039232720/C-Internet-Myiemorgmy-Intranet-Assets-Doc-Alldoc-Document-33653-E2TD-160526-Rev-1,chemical engineering professional 2026,2026-09-19 09:46:24
1050648244,PSU GATE 2026 Chemical Engineering,https://www.scribd.com/document/1050648244/PSU-GATE-2026-Chemical-Engineering,chemical engineering professional 2026,2026-09-19 09:46:24
1053236655,International Conference On Engineering Innovations For Sustainable Development (ONLINE Mode) ICEISD 2026 2026march 24-25 Organized by,https://www.scribd.com/document/1053236655/International-Conference-on-Engineering-Innovations-for-Sustainable-Development-ONLINE-Mode-ICEISD-2026-2026March-24-25-Organized-by-7,chemical engineering professional 2026,2026-09-19 09:46:24
1054289282,May 2026 Registered Electrical Engineers and Registered Master Electricians Special Professional Licensure Examination Results,https://www.scribd.com/document/1054289282/May-2026-Registered-Electrical-Engineers-and-Registered-Master-Electricians-Special-Professional-Licensure-Examination-Results,chemical engineering professional 2026,2026-09-19 09:46:24
1054513304,IIEE MC ANC 2026 007 Memo Circular 2026 Rev3,https://www.scribd.com/document/1054513304/IIEE-MC-ANC-2026-007-Memo-Circular-2026-rev3,chemical engineering professional 2026,2026-09-19 09:46:24
1061166356,GGML GRADUATE PROGRAMME 2026-2027-,https://www.scribd.com/document/1061166356/GGML-GRADUATE-PROGRAMME-2026-2027,chemical engineering professional 2026,2026-09-19 09:46:24
1075923730,Schemcon 2026 Brochure,https://www.scribd.com/document/1075923730/Schemcon-2026-Brochure,chemical engineering professional 2026,2026-09-19 09:46:24
1079490784,COREN_Chemical_Engineering_Questions,https://www.scribd.com/document/1079490784/COREN-Chemical-Engineering-Questions,chemical engineering professional 2026,2026-09-19 09:46:24
111663042,Chemical Engineering Course Outline,https://www.scribd.com/document/111663042/Eh-220-Outline,chemical engineering professional 2026,2026-09-19 09:46:24
111758274,Piping Engineering PG Diploma Overview,https://www.scribd.com/document/111758274/Diploma-in-Piping-Engineering-Couse-on-Piping-Engineering-in-Mumbai-Professional-Training-Couse-in-Piping-Engineering,chemical engineering professional 2026,2026-09-19 09:46:24
122430310,Female Chemical Engineer CV,https://www.scribd.com/document/122430310/Female-Data-Entry-Engineer-CV-Resume-Sample,chemical engineering professional 2026,2026-09-19 09:46:24
125475296,"Resume of Zahid Aslam, Chemical Engineer",https://www.scribd.com/document/125475296/Chemical-Engineer,chemical engineering professional 2026,2026-09-19 09:46:24
127483761,Motivation in Crutchfield R&D Teams,https://www.scribd.com/document/127483761,chemical engineering professional 2026,2026-09-19 09:46:24
130752966,Civil Engineering at FEATI University,https://www.scribd.com/document/130752966/FEATI-University-Civil-Engineering-Department-Brochure-2002,chemical engineering professional 2026,2026-09-19 09:46:24
134173842,2013 Chemical Engineer Exam Results,https://www.scribd.com/document/134173842/April-2013-Chemical-Engineer-Board-Exam-Top-Schools,chemical engineering professional 2026,2026-09-19 09:46:24
141612526,Safety Management Expertise Overview,https://www.scribd.com/document/141612526/Safety-Professional-CV,chemical engineering professional 2026,2026-09-19 09:46:24
156088554,AltaGas Tie-In and Metering Checklist,https://www.scribd.com/document/156088554/Engineering-Check-List,chemical engineering professional 2026,2026-09-19 09:46:24
159533035,Professional Profile of Lluís Torres Gabaldá,https://www.scribd.com/document/159533035/CV-Lluis-Torres,chemical engineering professional 2026,2026-09-19 09:46:24
162757412,Overview of Chemical Engineering Disciplines,https://www.scribd.com/document/162757412/Chemical-Engg,chemical engineering professional 2026,2026-09-19 09:46:24
162769161,Chemical Engineer Ahsan Abdul Ghani Resume,https://www.scribd.com/document/162769161/Resume-Ahsan-Abdul-Ghani,chemical engineering professional 2026,2026-09-19 09:46:24
184325584,Chemical Engineering Licensure Exam Guide,https://www.scribd.com/document/184325584/BOARD-PROGRAM-Chemical-Engineers-Board-Exam-ScoopBoy-com,chemical engineering professional 2026,2026-09-19 09:46:24
187206183,Application for Principal Engineer Position,https://www.scribd.com/document/187206183/Chemical-engineer-coverletter,chemical engineering professional 2026,2026-09-19 09:46:24
187778866,Carmen Ovejero: Chemical Engineer CV,https://www.scribd.com/document/187778866,chemical engineering professional 2026,2026-09-19 09:46:24
189917735,Diogo Nóbrega: Engineering Career Profile,https://www.scribd.com/document/189917735/CV-Diogo-Nobrega-en-Resumed,chemical engineering professional 2026,2026-09-19 09:46:24
209670891,Fresh Graduate Chemical Engineer CV Sample,https://www.scribd.com/document/209670891/Chemical-Engineering-Freshers-CV-Sample,chemical engineering professional 2026,2026-09-19 09:46:24
212875216,Chemical Engineering Course for Non-Engineers,https://www.scribd.com/document/212875216/Chemical-Engineering-for-Non-Chemical-Engineers-AIChE,chemical engineering professional 2026,2026-09-19 09:46:24
247070838,Emmanuelle Worley's Professional Profile,https://www.scribd.com/document/247070838/WorleyParsons-pdf,chemical engineering professional 2026,2026-09-19 09:46:24
24960651,Gengxin Zhang: Chemical Engineering CV,https://www.scribd.com/document/24960651/Gengxin-Zhang-Resume,chemical engineering professional 2026,2026-09-19 09:46:24
2554288,Understanding Process Safety Engineering,https://www.scribd.com/document/2554288/What-is-Process-Safety-Engineering,chemical engineering professional 2026,2026-09-19 09:46:24
257229366,Chemical Engineering Course Details,https://www.scribd.com/document/257229366,chemical engineering professional 2026,2026-09-19 09:46:24
258061331,Chemical Engineering MS/PhD Statement,https://www.scribd.com/document/258061331/lA-Statement-of-Purpose,chemical engineering professional 2026,2026-09-19 09:46:24
262183880,Chemical Engineering Internship Resume,https://www.scribd.com/document/262183880/benjamin-alanis-general-resume,chemical engineering professional 2026,2026-09-19 09:46:24
262373586,Overview of the FE Exam Process,https://www.scribd.com/document/262373586,chemical engineering professional 2026,2026-09-19 09:46:24
262593440,UWA Chemical Engineering Course Guide,https://www.scribd.com/document/262593440/UWA-C-Eng,chemical engineering professional 2026,2026-09-19 09:46:24
266129547,Chemical Engineer with Indonesian Expertise,https://www.scribd.com/document/266129547/Resume-example,chemical engineering professional 2026,2026-09-19 09:46:24
26831851,Chemical Engineer CV of Omar Mahmoud,https://www.scribd.com/document/26831851/chemical-engineer-C-V,chemical engineering professional 2026,2026-09-19 09:46:24
269508595,Graduate Diploma in Chemical Engineering,https://www.scribd.com/document/269508595/UNSW-Graduate-Diploma,chemical engineering professional 2026,2026-09-19 09:46:24
269938021,Danielle Filer's Professional CV,https://www.scribd.com/document/269938021/resume-engl317,chemical engineering professional 2026,2026-09-19 09:46:24
276073806,Cambridge Engineering Course Overview,https://www.scribd.com/document/276073806/Engineering-at-Cambridge,chemical engineering professional 2026,2026-09-19 09:46:24
281347823,Biniam Maru: Chemical Engineering Expert,https://www.scribd.com/document/281347823,chemical engineering professional 2026,2026-09-19 09:46:24
281606985,Chemical Engineering 4-Year Plan,https://www.scribd.com/document/281606985/four-year-plan-for-chemical-engineering,chemical engineering professional 2026,2026-09-19 09:46:24
282003277,Join AIChE: Global Chemical Engineering,https://www.scribd.com/document/282003277/Become-a-Global-Chemical,chemical engineering professional 2026,2026-09-19 09:46:24
28514847,Penn State Aerospace Engineering Overview,https://www.scribd.com/document/28514847/Aerospace-Engineering,chemical engineering professional 2026,2026-09-19 09:46:24
285838486,BS Chemical Engineering Curriculum Overview,https://www.scribd.com/document/285838486/BS-ChE-Prospectus,chemical engineering professional 2026,2026-09-19 09:46:24
287283912,Understanding Chemical Cost Indices,https://www.scribd.com/document/287283912/Construction-Cost-Indices,chemical engineering professional 2026,2026-09-19 09:46:24
300589815,Project Manager & Experimental Technician Resume,https://www.scribd.com/document/300589815,chemical engineering professional 2026,2026-09-19 09:46:24
309976083,Ahsan Jalal's Chemical Engineering CV,https://www.scribd.com/document/309976083/aj,chemical engineering professional 2026,2026-09-19 09:46:24
326071494,Chemical Engineer CV for Saudi Arabia,https://www.scribd.com/document/326071494/26831851-Chemical-Engineer-C-V,chemical engineering professional 2026,2026-09-19 09:46:24
329219447,Zied Hosni: Chemical Engineer Profile,https://www.scribd.com/document/329219447,chemical engineering professional 2026,2026-09-19 09:46:24
331927945,Chemical Engineer Licensure Exam Results,https://www.scribd.com/document/331927945/Full-Text-Chemical-Engineer-Board-Exam,chemical engineering professional 2026,2026-09-19 09:46:24
334681123,Chemical Engineer CV of Hammad Khan,https://www.scribd.com/document/334681123/Chemical-Engineer-CV,chemical engineering professional 2026,2026-09-19 09:46:24
34850464,Chartered Engineer CV: Project Management Expert,https://www.scribd.com/document/34850464/Chartered-Engineer-and-Project-Management-Professional-CV,chemical engineering professional 2026,2026-09-19 09:46:24
352763021,Chemical Engineering Ethics Overview,https://www.scribd.com/document/352763021/5-Chemical-Engineering-Code-of-Ethics-Assignment,chemical engineering professional 2026,2026-09-19 09:46:24
356380771,Communication Skills for Engineers,https://www.scribd.com/document/356380771/Communication-Skills-for-Engineers-by-Sunita-Mishra-PDF,chemical engineering professional 2026,2026-09-19 09:46:24
367631794,Chemical Engineering Exam Syllabus 2016,https://www.scribd.com/document/367631794/2016TotalExams-Chemical,chemical engineering professional 2026,2026-09-19 09:46:24
369096462,Petroleum Engineering Course Overview,https://www.scribd.com/document/369096462/Course-Modules,chemical engineering professional 2026,2026-09-19 09:46:24
369153566,Chemical Engineering Graduate CV,https://www.scribd.com/document/369153566/Proper-chemical-engineer-fresh-graduate-CV,chemical engineering professional 2026,2026-09-19 09:46:24
372393777,Process Engineer CV: Olugbenga Sanni,https://www.scribd.com/document/372393777/Olugbenga-s-Cv-Engineer,chemical engineering professional 2026,2026-09-19 09:46:24
383849971,Geological Engineering PHD,https://www.scribd.com/document/383849971/Geological-Engineering-PhD,chemical engineering professional 2026,2026-09-19 09:46:24
392694861,Chemical Engineer Resume of Sajid Ali,https://www.scribd.com/document/392694861/Sajid-Ali-Cv,chemical engineering professional 2026,2026-09-19 09:46:24
394368892,2018 Chemical Engineer Exam Results,https://www.scribd.com/document/394368892/Chem-1118,chemical engineering professional 2026,2026-09-19 09:46:24
395748737,Chemical Engineering Graduate Resume,https://www.scribd.com/document/395748737/36-pdf,chemical engineering professional 2026,2026-09-19 09:46:24
399762725,Diploma in Chemical Engineering Curriculum,https://www.scribd.com/document/399762725/Structure-16-Chemical-Engg,chemical engineering professional 2026,2026-09-19 09:46:24
401263108,Chemical Engineer Resume Overview,https://www.scribd.com/document/401263108/Junaid-CE-CV-1,chemical engineering professional 2026,2026-09-19 09:46:24
408198183,Process Engineer,https://www.scribd.com/document/408198183/Process-Engineer,chemical engineering professional 2026,2026-09-19 09:46:24
408528069,BHEL Engineer Trainee Qualification Guide,https://www.scribd.com/document/408528069/BHEL-EngineerExecutive-Trainee-Syllabus-2019,chemical engineering professional 2026,2026-09-19 09:46:24
410590327,Recommendation for Chemical Engineering Student,https://www.scribd.com/document/410590327/Mr-Abu-Bakar-Recommendation,chemical engineering professional 2026,2026-09-19 09:46:24
410943531,Civil Engineering Board Exam 2025 Guide,https://www.scribd.com/document/410943531/Board-Exam-Scope-Dr-Ofelia-Bulaong,chemical engineering professional 2026,2026-09-19 09:46:24
41232464,Automation Engineer Resume Sample,https://www.scribd.com/document/41232464/Ample-Automation-Engineer-Resume,chemical engineering professional 2026,2026-09-19 09:46:24
412425217,Process Engineer Profile: Vishnu Priya Ramakrishnan,https://www.scribd.com/document/412425217/Vpriya,chemical engineering professional 2026,2026-09-19 09:46:24
413344576,Chartered Chemical Engineering Experience,https://www.scribd.com/document/413344576/ichnme,chemical engineering professional 2026,2026-09-19 09:46:24
414896174,Chemical Process Modeling Course CML 302,https://www.scribd.com/document/414896174/Chemical-Process-Modeling-and-Simulation,chemical engineering professional 2026,2026-09-19 09:46:24
419306726,Key Facts About Engineering Disciplines,https://www.scribd.com/document/419306726/40-Engineering-Facts,chemical engineering professional 2026,2026-09-19 09:46:24
419423924,Internship Request for Chemical Engineering Student,https://www.scribd.com/document/419423924/application-form,chemical engineering professional 2026,2026-09-19 09:46:24
423093889,PhD Application in Chemical Engineering,https://www.scribd.com/document/423093889/Motivational-Note-for-Phd-KU-Leuven,chemical engineering professional 2026,2026-09-19 09:46:24
427355482,Aqeel Ahmed: Chemical Engineer Profile,https://www.scribd.com/document/427355482/AQEEL-CV,chemical engineering professional 2026,2026-09-19 09:46:24
428840396,Chemical Engineering Expertise Summary,https://www.scribd.com/document/428840396/hesex,chemical engineering professional 2026,2026-09-19 09:46:24
429085258,CFD Course for Chemical Engineers,https://www.scribd.com/document/429085258/CFD-Syllabus,chemical engineering professional 2026,2026-09-19 09:46:24
430187493,Marjan Akbari's Chemical Engineering CV,https://www.scribd.com/document/430187493/Marjan-Akbari-Resume-for-Everyw,chemical engineering professional 2026,2026-09-19 09:46:24
430397530,BEng Chemical Engineering Degree Guide,https://www.scribd.com/document/430397530/ceng,chemical engineering professional 2026,2026-09-19 09:46:24
431641284,Chemical Engineering Thermodynamics II,https://www.scribd.com/document/431641284/3140507,chemical engineering professional 2026,2026-09-19 09:46:24
442116217,Chemical Engineer CV for Oil & Gas,https://www.scribd.com/document/442116217/Chemical-Engineer-Resume,chemical engineering professional 2026,2026-09-19 09:46:24
451561462,Agung Prabowo: Chemical Engineer Profile,https://www.scribd.com/document/451561462/CV-Agung-Prabowo,chemical engineering professional 2026,2026-09-19 09:46:24
471863282,Chemical Engineering Job Market Insights,https://www.scribd.com/document/471863282/Opprtunity-for-chemical,chemical engineering professional 2026,2026-09-19 09:46:24
479204405,SCHEMCON 2020: Chemical Engineering Insights,https://www.scribd.com/document/479204405/SCHEMCON-Brochure,chemical engineering professional 2026,2026-09-19 09:46:24
479694101,Overview of Engineering Principles,https://www.scribd.com/document/479694101/Engineering-principles,chemical engineering professional 2026,2026-09-19 09:46:24
480820846,Overview of Mechanical Engineering,https://www.scribd.com/document/480820846/Mechanical-engineering,chemical engineering professional 2026,2026-09-19 09:46:24
483176339,Codes and Standards in Chemical Engineering,https://www.scribd.com/document/483176339/Coulson-Richardson-s-Chemical-Engineering-Vol-6-Chemical-Engineering-Design-4th-Edition,chemical engineering professional 2026,2026-09-19 09:46:24
488847029,Chemical Process Engineer Resume,https://www.scribd.com/document/488847029/1573709943440-UsamaSaeed-AspiringChemicalProcessEngineer-Resume-1-1,chemical engineering professional 2026,2026-09-19 09:46:24
490688236,Junaid Mushtaq: Chemical Engineer CV,https://www.scribd.com/document/490688236/updated-CV-1,chemical engineering professional 2026,2026-09-19 09:46:24
496728305,PhD in Chemical Engineering Handbook,https://www.scribd.com/document/496728305/Combine-chemical,chemical engineering professional 2026,2026-09-19 09:46:24
508282355,Motivation Letter for MS in Chemical Engineering,https://www.scribd.com/document/508282355/LOM-Chemical-and-Energy-Engg,chemical engineering professional 2026,2026-09-19 09:46:24
51505692,Past Exam Form for RCs,https://www.scribd.com/document/51505692/FKK,chemical engineering professional 2026,2026-09-19 09:46:24
519328619,Agha Safyan Akbar: Chemical Engineering CV,https://www.scribd.com/document/519328619/General-4,chemical engineering professional 2026,2026-09-19 09:46:24
521583047,Careers in Chemical Industries,https://www.scribd.com/document/521583047/Occupation-in-Chemical-Industries4,chemical engineering professional 2026,2026-09-19 09:46:24
52761122,Overview of Chemical Engineering Roles,https://www.scribd.com/document/52761122/What-Some-Chemical-Engineers-Do-for-a-Living,chemical engineering professional 2026,2026-09-19 09:46:24
534951499,Chemical Engineering Professional Profile,https://www.scribd.com/document/534951499/CV-Chemical-Engineering,chemical engineering professional 2026,2026-09-19 09:46:24
538673099,Noman Mahmood: Chemical Engineer CV,https://www.scribd.com/document/538673099/CV-NOMAN-MAHMOOD-CHEMICAL-ENGINEER,chemical engineering professional 2026,2026-09-19 09:46:24
544326732,Overview of Chemical Engineering Principles,https://www.scribd.com/document/544326732/Chemical-engineering,chemical engineering professional 2026,2026-09-19 09:46:24
554303002,Fresh Graduate Chemical Engineer Resume,https://www.scribd.com/document/554303002/Sidra-Noor-Resume,chemical engineering professional 2026,2026-09-19 09:46:24
56431872,Process Engineer with 5 Years Experience,https://www.scribd.com/document/56431872/Chemical-Process-Engineer,chemical engineering professional 2026,2026-09-19 09:46:24
565982301,George E. Davis: Pioneer of Chemical Engineering,https://www.scribd.com/document/565982301/CHEMICAL-ENGINEERS-WHO-CHANGED-THE-WORLD,chemical engineering professional 2026,2026-09-19 09:46:24
56765930,Process Engineer in Polysilicon Production,https://www.scribd.com/document/56765930/Chemical-Engineer-or-Process-engineer,chemical engineering professional 2026,2026-09-19 09:46:24
57078058,Experienced Chemical Sales Professional,https://www.scribd.com/document/57078058/Chemical-Sales-Executive-or-Chemical-Sales-Representative-or-Che,chemical engineering professional 2026,2026-09-19 09:46:24
59917152,Chemical Engineer Resume Sample,https://www.scribd.com/document/59917152/Chemical-Engineer-Resume-Sample,chemical engineering professional 2026,2026-09-19 09:46:24
610401489,Chemical Engineering Program Overview,https://www.scribd.com/document/610401489/Vision-Mission-PSO-Chemical-Engg-New,chemical engineering professional 2026,2026-09-19 09:46:24
629949947,Chemical Engineer with Diverse Experience,https://www.scribd.com/document/629949947/Abdul-Wahab-Resume,chemical engineering professional 2026,2026-09-19 09:46:24
64758800,Chemical Engineering PE Exam Review Course,https://www.scribd.com/document/64758800/Chemical-Engineering-PE-Exam-Review-Course-Announcement,chemical engineering professional 2026,2026-09-19 09:46:24
651867419,BS Chemical Engineering Curriculum 2020,https://www.scribd.com/document/651867419/Malayan-Colleges-Mindanao-Chemical-Engineering-Curriculm,chemical engineering professional 2026,2026-09-19 09:46:24
6545062,Chemical Engineering Resources Online,https://www.scribd.com/document/6545062/Chem-Eng-Info-Chemical-Engineering-Information-Sources,chemical engineering professional 2026,2026-09-19 09:46:24
668875267,Chemical Engineer CV Overview,https://www.scribd.com/document/668875267/Chemical-Engineer-Cv,chemical engineering professional 2026,2026-09-19 09:46:24
703333223,Chemical Engineer Resume Overview,https://www.scribd.com/document/703333223/Paschal-Abarah-CV,chemical engineering professional 2026,2026-09-19 09:46:24
703554061,MIT Chemical Engineering Overview,https://www.scribd.com/document/703554061/Course-10-Chemical-Engineering-2012,chemical engineering professional 2026,2026-09-19 09:46:24
705361875,MIT Chemical Engineering Curriculum Overview,https://www.scribd.com/document/705361875/Course-10-Chemical-Engineering-2013,chemical engineering professional 2026,2026-09-19 09:46:24
7576860,Industrial Engineer Resume Example,https://www.scribd.com/document/7576860/Sample-Industrial-Engineer-Resume,chemical engineering professional 2026,2026-09-19 09:46:24
790307525,Chemical Engineering Design Project Module,https://www.scribd.com/document/790307525/CPE31003-MD-2024-25-1,chemical engineering professional 2026,2026-09-19 09:46:24
814334339,Bachelor of Science in Chemical Engineering,https://www.scribd.com/document/814334339/cse-bs-chemical-engineering-factsheet,chemical engineering professional 2026,2026-09-19 09:46:24
820235874,Overview of Chemical Engineering Principles,https://www.scribd.com/document/820235874/Chemical-Engineering,chemical engineering professional 2026,2026-09-19 09:46:24
85853666,Simulation Tools in Chemical Engineering,https://www.scribd.com/document/85853666/Simulation-Tools-In-Chemical-Engineering,chemical engineering professional 2026,2026-09-19 09:46:24
863602780,MAPOLY 2025/2026 Cut-Off Marks Guide,https://www.scribd.com/document/863602780/MAPOLY-Cut-Off-Mark-2025-2026-Academic-Session-AJLS,chemical engineering professional 2026,2026-09-19 09:46:24
86926315,Chemical Engineering Jobs at eni,https://www.scribd.com/document/86926315/Chemical-Engineers,chemical engineering professional 2026,2026-09-19 09:46:24
880890496,Chemical Engineering Design: 3rd Edition,https://www.scribd.com/document/880890496/the-Ultimate-Chemical-Engineering-Design-Guide,chemical engineering professional 2026,2026-09-19 09:46:24
889532853,GATE 2026 Chemical Engineering Study Plan,https://www.scribd.com/document/889532853/GATE-2026-Chemical-Engineering-7-Month-Study-Plan,chemical engineering professional 2026,2026-09-19 09:46:24
893949366,GATE 2026 Chemical Engineering Plan,https://www.scribd.com/document/893949366/GATE-Preparation-Strategy,chemical engineering professional 2026,2026-09-19 09:46:24
899180994,GATE 2026 Chemical Engineering Syllabus,https://www.scribd.com/document/899180994/CH-2026-Syllabus,chemical engineering professional 2026,2026-09-19 09:46:24
900112869,GATE 2026 Aerospace Engineering Syllabus,https://www.scribd.com/document/900112869/AE-2026-Syllabus,chemical engineering professional 2026,2026-09-19 09:46:24
916351674,LAUTECH 2025/2026 Cut-Off Marks Released,https://www.scribd.com/document/916351674/Departmental-Aggregate-Cut-Off-Mark-for-2025-2026,chemical engineering professional 2026,2026-09-19 09:46:24
923957436,Poly Advert 2026 Enrolment,https://www.scribd.com/document/923957436/Poly-Advert-2026-Enrolment,chemical engineering professional 2026,2026-09-19 09:46:24
939442332,UAEU Graduate Admission Deadlines 2026,https://www.scribd.com/document/939442332/Deadlines-for-2026,chemical engineering professional 2026,2026-09-19 09:46:24
945007816,Benefits of a Chemical Engineering Degree,https://www.scribd.com/document/945007816/Chemical-Engineering-A-Pathway-to-Innovation-and-a-Rewarding-Career,chemical engineering professional 2026,2026-09-19 09:46:24
94561695,Murtaza Khan's Chemical Engineering CV,https://www.scribd.com/document/94561695/Murtaza-Engineer-Chemical,chemical engineering professional 2026,2026-09-19 09:46:24
954534087,Chemical Engineering Curriculum Overview,https://www.scribd.com/document/954534087/Chemical-Sciences-Chemical-Engineering-Curriculum-Grid,chemical engineering professional 2026,2026-09-19 09:46:24
954989537,Chemical Engineering: History & Concepts,https://www.scribd.com/document/954989537/History-of-Chemical-Engineering-Transport-Phenomena-vs-Unit-Operations,chemical engineering professional 2026,2026-09-19 09:46:24
96055840,Career Paths for Chemical Engineers,https://www.scribd.com/document/96055840/What-Can-I-Do-With-My-Degree-of-Chemical-Engineer,chemical engineering professional 2026,2026-09-19 09:46:24
978193128,Harare Polytechnic January 2026 Intake,https://www.scribd.com/document/978193128/January-February-2026-Intake,chemical engineering professional 2026,2026-09-19 09:46:24
981027792,Olivia Wilson: Administrative Professional Resume,https://www.scribd.com/document/981027792/Blue-and-White-Professional-Corporate-Resume,chemical engineering professional 2026,2026-09-19 09:46:24
982191988,Harare Polytechnic January 2026 Intake Courses,https://www.scribd.com/document/982191988/Harare-Polytechnic-Proof-1,chemical engineering professional 2026,2026-09-19 09:46:24
984113823,Deepak Fertilisers Walk in Interview Gopalpur 2026,https://www.scribd.com/document/984113823/Deepak-Fertilisers-Walk-in-Interview-Gopalpur-2026,chemical engineering professional 2026,2026-09-19 09:46:24
986771123,Tamil Nadu Chemical Engineering Syllabus,https://www.scribd.com/document/986771123/405-Chemical-Engg-UG-2-New,chemical engineering professional 2026,2026-09-19 09:46:24
990138598,Nivesh Chemical Engineer CV,https://www.scribd.com/document/990138598/Nivesh-Chemical-Engineer-CV-1,chemical engineering professional 2026,2026-09-19 09:46:24
995323332,Nomination List Hungary 2026 Ay,https://www.scribd.com/document/995323332/Nomination-List-Hungary-2026-Ay,chemical engineering professional 2026,2026-09-19 09:46:24
995698339,PEO Chemical Engineering,https://www.scribd.com/document/995698339/PEO-Chemical-Engineering,chemical engineering professional 2026,2026-09-19 09:46:24
997292616,Genesis 2026,https://www.scribd.com/document/997292616/Genesis-2026-1,chemical engineering professional 2026,2026-09-19 09:46:24
131048463,Nottingham Postgraduate Writing Support,https://www.scribd.com/document/131048463/Writing-Provision-Map-2012-13-Final-290812,postgraduate education assignment,2026-09-19 09:47:47
155567325,KISD OneDrive Confirmation for Luis Andrade,https://www.scribd.com/document/155567325/Cas-e4g2od5c15t0y7-Andrade-Acosta,postgraduate education assignment,2026-09-19 09:47:47
226008296,Globalisation in Higher Education Module,https://www.scribd.com/document/226008296/XX12N6N-Globalisation-Specification,postgraduate education assignment,2026-09-19 09:47:47
281309900,2015-2016 Academic Planning Calendar,https://www.scribd.com/document/281309900/academic-planner-aug-feb-2016,postgraduate education assignment,2026-09-19 09:47:47
296547458,Project Management Challenges and Solutions,https://www.scribd.com/document/296547458/Pqa-Individual-Assignment-2,postgraduate education assignment,2026-09-19 09:47:47
319327958,GIMPA Postgraduate Business Programs,https://www.scribd.com/document/319327958/Postgraduate,postgraduate education assignment,2026-09-19 09:47:47
339014131,UWA Assignment Coversheet Template,https://www.scribd.com/document/339014131/Assignment-Coversheet,postgraduate education assignment,2026-09-19 09:47:47
356048207,Critical Review Assignment Guidelines,https://www.scribd.com/document/356048207/Assignment-for-Academic-Writing-for-Postgraduate,postgraduate education assignment,2026-09-19 09:47:47
376497583,Marketing Management Assignment Guide,https://www.scribd.com/document/376497583/Assignmet-Marketing-Management,postgraduate education assignment,2026-09-19 09:47:47
413851472,Level 7 Diploma in Project Management,https://www.scribd.com/document/413851472/Level-7-Diploma-in-Project-and-Quality-Management,postgraduate education assignment,2026-09-19 09:47:47
414043903,Extended Postgraduate Diploma in Islamic Finance,https://www.scribd.com/document/414043903/Extended-Postgraduate-Diploma-in-Islamic-Finance-and-Banking-SCQF-Level-11,postgraduate education assignment,2026-09-19 09:47:47
421806554,CELTA Assignment 1: Learner Focus Analysis,https://www.scribd.com/document/421806554/CELTA-Focus-on-Learner-Assignment-1-docx,postgraduate education assignment,2026-09-19 09:47:47
431638588,QRA Training for Oil and Gas Industries,https://www.scribd.com/document/431638588/Process-study,postgraduate education assignment,2026-09-19 09:47:47
435423121,Adding Value in UK Tech Products Analysis,https://www.scribd.com/document/435423121/Adding-Value-Assignment-Finance-Cs-2017,postgraduate education assignment,2026-09-19 09:47:47
437706451,Education Structure in Moldova,https://www.scribd.com/document/437706451/Structure-Education-in-Moldova,postgraduate education assignment,2026-09-19 09:47:47
43791892,Quality and Systems Management Assignment,https://www.scribd.com/document/43791892/Final-Assignment-QSM-Nov-2010-1,postgraduate education assignment,2026-09-19 09:47:47
447018078,2020 Postgraduate Course Timetable,https://www.scribd.com/document/447018078/POSTGRADUATE-TIMETABLE-2020-M-Eng-Mechanical-Engineering,postgraduate education assignment,2026-09-19 09:47:47
464545940,Statistical Analysis Project Brief 2019,https://www.scribd.com/document/464545940/1st-page-Assignment-3,postgraduate education assignment,2026-09-19 09:47:47
475877558,Introduction to Sports Science,https://www.scribd.com/document/475877558/futsal-assignment-1-docx,postgraduate education assignment,2026-09-19 09:47:47
482298070,Recommendation for Rumayya Unair,https://www.scribd.com/document/482298070/31-Rekomendasi-S3-Rumayya-Edit-pdf,postgraduate education assignment,2026-09-19 09:47:47
492176176,AIS Assignment I Guidelines,https://www.scribd.com/document/492176176/Assignment-I-in-in-AIS,postgraduate education assignment,2026-09-19 09:47:47
495802283,LMQ Level 7 Diploma in Oil and Gas Management,https://www.scribd.com/document/495802283/LMQ-Level-7-Postgraduate-Diploma-in-Oil-and-Gas-Management,postgraduate education assignment,2026-09-19 09:47:47
511256781,Free College Education in Canada: An Argument,https://www.scribd.com/document/511256781/argumentative-essay-why-college-education-should-be-free-in-canada,postgraduate education assignment,2026-09-19 09:47:47
524744551,Highway Geometric Design Course Outline,https://www.scribd.com/document/524744551/HGD-Course-Content-3,postgraduate education assignment,2026-09-19 09:47:47
552348374,Assignment No 5. Raymart E. Osia,https://www.scribd.com/document/552348374/ASSIGNMENT-NO-5-RAYMART-E-OSIA,postgraduate education assignment,2026-09-19 09:47:47
571555935,FHEQ Level 7 Banking Assignment Guide,https://www.scribd.com/document/571555935/7fmi-Mca-Nov-18-v7-Final,postgraduate education assignment,2026-09-19 09:47:47
580409158,DAAD Scholarship Motivation Letter Sample,https://www.scribd.com/document/580409158/The-Motivation-Letter-for-Daad-Scholarship-Development-Related-Postgraduate-Courses,postgraduate education assignment,2026-09-19 09:47:47
586216120,Chandigarh University Distance Education Courses,https://www.scribd.com/document/586216120/Chandigarh-University-Distance-Education-Courses,postgraduate education assignment,2026-09-19 09:47:47
591512065,Game Theory Assignment Overview,https://www.scribd.com/document/591512065/Assignment-1,postgraduate education assignment,2026-09-19 09:47:47
60001738,Post-Graduate Diploma in Agri-Business Management,https://www.scribd.com/document/60001738/assAs,postgraduate education assignment,2026-09-19 09:47:47
638689752,Environmental Science Bachelor's Program,https://www.scribd.com/document/638689752/ava190360-factsheet-esset-v2,postgraduate education assignment,2026-09-19 09:47:47
644405108,Macquarie University Grading System Overview,https://www.scribd.com/document/644405108/2020-Macquarie-University-Grading-and-Credit-Point-System-pdf,postgraduate education assignment,2026-09-19 09:47:47
659315657,Oxford University Cultural Significance,https://www.scribd.com/document/659315657/Final-assignment,postgraduate education assignment,2026-09-19 09:47:47
691088788,Image Processing Assignment Overview,https://www.scribd.com/document/691088788/ITNPAI1-Assignment-S22,postgraduate education assignment,2026-09-19 09:47:47
696272286,Critical Review Assignment SE7215,https://www.scribd.com/document/696272286/SE7215-Assignment-1-Oct-22,postgraduate education assignment,2026-09-19 09:47:47
704442965,PGDE Part-Time Timetable 2023-24,https://www.scribd.com/document/704442965/2023-24-PGDE-PT1-Timetable-2023-07-14,postgraduate education assignment,2026-09-19 09:47:47
704769789,HKU Academic Transcript Overview,https://www.scribd.com/document/704769789/SSBU-Academic-Transcript-Khemindasara-Copy-2,postgraduate education assignment,2026-09-19 09:47:47
709696795,DepEd Administrative Officer I Vacancy,https://www.scribd.com/document/709696795/DEPARTMENT-OF-EDUCATION-Administrative-Officer-I-Supply-Officer-I,postgraduate education assignment,2026-09-19 09:47:47
784325631,Business Model Canvas for New Venture,https://www.scribd.com/document/784325631/1-BUSI5C715-Assignment-Part-1,postgraduate education assignment,2026-09-19 09:47:47
928782042,Postgraduate Management Programs Overview,https://www.scribd.com/document/928782042/Postgraduate-Studies-2025-Brochure,postgraduate education assignment,2026-09-19 09:47:47
111567451,FedEx's Supply Chain Management Solutions,https://www.scribd.com/document/111567451/Supply-Chain-Management,supply chain management 2025,2026-09-19 09:48:24
237708998,Pharma Supply Chains 2.0 Mindmap Guide,https://www.scribd.com/document/237708998/Mindmap-Pharma-Supply-Chains-2-0-Supply-Chain-Movement-2013,supply chain management 2025,2026-09-19 09:48:24
254113830,Supply Chain Management Overview,https://www.scribd.com/document/254113830/MIS-373-Exam-5-Cheat-Sheet,supply chain management 2025,2026-09-19 09:48:24
285699523,Nike's Supply Chain Agility in Indonesia,https://www.scribd.com/document/285699523/Agility-NIKE-Supply-Chain-Case-Study,supply chain management 2025,2026-09-19 09:48:24
361146763,Supply Chain Questionnaire for Farms,https://www.scribd.com/document/361146763/Supply-Chain-Management-Questionnaire,supply chain management 2025,2026-09-19 09:48:24
36581064,World Co.'s Supply Chain Success,https://www.scribd.com/document/36581064/Supply-Chain-Management-World-Company,supply chain management 2025,2026-09-19 09:48:24
382857557,Supply Chain Management Overview,https://www.scribd.com/document/382857557/Ba5030-Supply-Chain-Management-l-t-p-c-3-0-0-3,supply chain management 2025,2026-09-19 09:48:24
385849013,Logística Integral: Lean Supply Chain,https://www.scribd.com/document/385849013/Logistica-Integral-Lean-Supply-Chain-Management,supply chain management 2025,2026-09-19 09:48:24
414751079,Understanding Logistics & Supply Chain Management,https://www.scribd.com/document/414751079/What-is-Logistics-and-Supply-Chain-Management,supply chain management 2025,2026-09-19 09:48:24
426046222,Statement of Purpose: Supply Chain MSc,https://www.scribd.com/document/426046222/SOP-LOGISTCS-DATA-ANALYTICS-AND-SUPPLY-CHAIN-MANAGEMENT,supply chain management 2025,2026-09-19 09:48:24
430374189,Pursuing Supply Chain Management at XXX,https://www.scribd.com/document/430374189/Statement-of-Purpose,supply chain management 2025,2026-09-19 09:48:24
432560420,Supply Chain Management Career Insights,https://www.scribd.com/document/432560420/Supply-Chain-Management,supply chain management 2025,2026-09-19 09:48:24
434436034,UPMTC Canteen Supply Management Success,https://www.scribd.com/document/434436034/Supply-Chain-Management-Canteen,supply chain management 2025,2026-09-19 09:48:24
44078876,Supply Chain Management Overview,https://www.scribd.com/document/44078876/What-is-Supply-Chain-Management,supply chain management 2025,2026-09-19 09:48:24
458156222,Logistics and Supply Chain Management Program,https://www.scribd.com/document/458156222/Logistics-and-Supply-Chain-Management-pdf,supply chain management 2025,2026-09-19 09:48:24
46781323,Supply Chain Management Overview,https://www.scribd.com/document/46781323/Supply-Chain-Management,supply chain management 2025,2026-09-19 09:48:24
476834590,A Case Study in Supply Chain Management,https://www.scribd.com/document/476834590/Supply-Chain-Management-Case-Study,supply chain management 2025,2026-09-19 09:48:24
482318688,Supply Chain Dynamics in Retail,https://www.scribd.com/document/482318688/answers-of-supply-chain-management,supply chain management 2025,2026-09-19 09:48:24
486370005,CILT Supply Chain Management Exam 2017,https://www.scribd.com/document/486370005/SUPPLY-CHAIN-MANAGEMENT-PD-02-Dip-doc,supply chain management 2025,2026-09-19 09:48:24
49370424,Supply Chain Management Course Overview,https://www.scribd.com/document/49370424/SUPPLY-CHAIN-MANAGEMENT,supply chain management 2025,2026-09-19 09:48:24
498792280,Digital Supply Chain Management Overview,https://www.scribd.com/document/498792280/Digital-Supply-Chain-Management,supply chain management 2025,2026-09-19 09:48:24
515775193,Operations Management and Supply Chain Efficiency,https://www.scribd.com/document/515775193/Supply-Chain-Operations-management,supply chain management 2025,2026-09-19 09:48:24
517759599,Hyperlocal Supply Chain Insights,https://www.scribd.com/document/517759599/Hyper-Local-Supply-Chain,supply chain management 2025,2026-09-19 09:48:24
522466716,Strategic Supply Chain for Hospitals,https://www.scribd.com/document/522466716/Supply-Chain-Management-Strategy-Week-5,supply chain management 2025,2026-09-19 09:48:24
526495533,Key Objectives of Supply Chain Management,https://www.scribd.com/document/526495533/Objectives-of-Supply-Chain-Management,supply chain management 2025,2026-09-19 09:48:24
533335978,Supply Chain Management Exam Guide,https://www.scribd.com/document/533335978/Supply-Chain-Management,supply chain management 2025,2026-09-19 09:48:24
534144572,Amazon's Supply Chain Revolution,https://www.scribd.com/document/534144572/How-Amazon-Is-Changing-Supply-Chain-Management-797-2,supply chain management 2025,2026-09-19 09:48:24
542891484,Improving Ericsson's Supply Chain Response,https://www.scribd.com/document/542891484/Nokia-s-Supply-Chain-Management,supply chain management 2025,2026-09-19 09:48:24
557357862,Supply Chain Management Course Syllabus,https://www.scribd.com/document/557357862/4-supply-chain-management-REVISED-SYLLABUS,supply chain management 2025,2026-09-19 09:48:24
564002011,Recent Trends in Supply Chain Management,https://www.scribd.com/document/564002011/What-Are-Some-Recent-Trends-in-Supply-Chain-Management,supply chain management 2025,2026-09-19 09:48:24
59717639,Understanding Supply Chain Management,https://www.scribd.com/document/59717639/Careers-in-Supply-Chain-Management,supply chain management 2025,2026-09-19 09:48:24
613895449,Yakult Supply Chain Management Overview,https://www.scribd.com/document/613895449/Yakult-Supply-Chain-Management,supply chain management 2025,2026-09-19 09:48:24
630158822,Advanced Logistics Course at Wits,https://www.scribd.com/document/630158822/Advanced-Logistics-and-Supply-Chain-Management,supply chain management 2025,2026-09-19 09:48:24
683942812,Location Decisions in Supply Chain Management,https://www.scribd.com/document/683942812/ASSIGNMENT-3-SUPPLY-CHAIN-MANAGEMENT,supply chain management 2025,2026-09-19 09:48:24
691249828,Digital Supply Chain: Blockchain Challenges,https://www.scribd.com/document/691249828/Digital-Supply-Chain-Chalanges-and-Future-Directions,supply chain management 2025,2026-09-19 09:48:24
705128486,Supply Chain Management Overview,https://www.scribd.com/document/705128486/Supply-Chain-Management-for-Dummies-A-Quick-Refresher,supply chain management 2025,2026-09-19 09:48:24
860637215,Sourcing and Supply Chain Planning Guide,https://www.scribd.com/document/860637215/anglais-Supply-Chain-Management,supply chain management 2025,2026-09-19 09:48:24
904525300,Indian Airlines' 2025 Challenges: Costs & Supply Issues,https://www.scribd.com/document/904525300/Indian-Airlines-to-Face-Supply-Chain-Woes-Rising-Costs-in-2025,supply chain management 2025,2026-09-19 09:48:24
933338313,Supply Chain Management Exam Paper,https://www.scribd.com/document/933338313/SUPPLY-CHAIN-MANAGEMENT,supply chain management 2025,2026-09-19 09:48:24
982219415,Supply Chain Management Report Guide,https://www.scribd.com/document/982219415/Assignment-1-Brief-MGMT2015-Supply-Chain-Management-2025-1-1,supply chain management 2025,2026-09-19 09:48:24
1000178141,CVS - Document From ??? ??????,https://www.scribd.com/document/1000178141/5-CVS-Document-From,biochemistry design tutorial,2026-09-19 09:49:26
100908140,Sociology Study Strategy for UPSC CSE,https://www.scribd.com/document/100908140/strategies-for-sociology-upsc,sociology,2026-09-19 09:49:26
1009978597,Usa CV,https://www.scribd.com/document/1009978597/USA-CV,biochemistry design tutorial,2026-09-19 09:49:26
1025462601,Syllabus Analytical Instrument,https://www.scribd.com/document/1025462601/Syllabus-Analytical-Instrument,biochemistry design tutorial,2026-09-19 09:49:26
1032922769,[تقسيم]MNU -Blood and Lymph_10,https://www.scribd.com/document/1032922769/%D8%AA%D9%82%D8%B3%D9%8A%D9%85-MNU-Blood-and-Lymph-10,biochemistry design tutorial,2026-09-19 09:49:26
1056621263,BP 505T Pharmaceutical Biotechnology (Theory),https://www.scribd.com/document/1056621263/BP-505T-Pharmaceutical-Biotechnology-Theory-1,biochemistry design tutorial,2026-09-19 09:49:26
1057661707,BP505TT Pharmaceutical Biotechnology,https://www.scribd.com/document/1057661707/4-BP505TT-Pharmaceutical-Biotechnology,biochemistry design tutorial,2026-09-19 09:49:26
1059254959,Syllabus — BIO 311C Hansen Fa25,https://www.scribd.com/document/1059254959/Syllabus-BIO-311C-Hansen-Fa25,biochemistry design tutorial,2026-09-19 09:49:26
107608921,Sociology of Organizations Overview,https://www.scribd.com/document/107608921/Sociology-of-Organizations-Information,sociology,2026-09-19 09:49:26
1076483445,Chem 1072,https://www.scribd.com/document/1076483445/Chem-1072,biochemistry design tutorial,2026-09-19 09:49:26
124504481,Overview of Sociology in Pakistan,https://www.scribd.com/document/124504481/Sociology-2,sociology,2026-09-19 09:49:26
133573420,Lawrence University 2012 Profile,https://www.scribd.com/document/133573420/Lu-Factsheet,biochemistry design tutorial,2026-09-19 09:49:26
134153299,IIT Madras Biological Engineering Curriculum,https://www.scribd.com/document/134153299/M-tech-Biological-Engineering-Curriculum-IIT,biochemistry design tutorial,2026-09-19 09:49:26
134317067,IIT Madras Biological Sciences Curriculum,https://www.scribd.com/document/134317067/M-S-Biological-Sciences-Iit-Madras,biochemistry design tutorial,2026-09-19 09:49:26
135023663,CAPE Sociology Unit 1 Overview,https://www.scribd.com/document/135023663/Overview-of-Cape-Sociology-Unit-1,sociology,2026-09-19 09:49:26
153888773,Overview of Sociology and Its Areas,https://www.scribd.com/document/153888773/Sociology-and-Anthropology-Reviewer,sociology,2026-09-19 09:49:26
157034726,Sociology of Art and Culture Insights,https://www.scribd.com/document/157034726/Sociology-of-Art-James-Ennis,sociology,2026-09-19 09:49:26
168458439,Bachelor of Arts in Sociology Curriculum,https://www.scribd.com/document/168458439/Bachelor-of-Arts-in-Sociology,sociology,2026-09-19 09:49:26
169407547,MSc in Molecular Mechanisms of Disease,https://www.scribd.com/document/169407547/Study-Programme-Details-4,biochemistry design tutorial,2026-09-19 09:49:26
184386756,Reflexive Sociology as a Methodological Norm,https://www.scribd.com/document/184386756/Sociology-a-reflexive-science,sociology,2026-09-19 09:49:26
190922700,Introduction to Sociology Course Overview,https://www.scribd.com/document/190922700/AS-A2-Course-Sociology,sociology,2026-09-19 09:49:26
196750604,B.S. in Chemistry: Major Map,https://www.scribd.com/document/196750604/CHEM-Map,biochemistry design tutorial,2026-09-19 09:49:26
197269386,Introduction to Sociology Overview,https://www.scribd.com/document/197269386/Summary-chapter-1-Sociology-A-global-introduction,sociology,2026-09-19 09:49:26
200051663,Understanding Criminal Sociology,https://www.scribd.com/document/200051663/Criminal-Sociology,sociology,2026-09-19 09:49:26
200565892,Key Figures in Sociology's Evolution,https://www.scribd.com/document/200565892/Sociology,sociology,2026-09-19 09:49:26
206461163,Sociology: Science or Pseudoscience?,https://www.scribd.com/document/206461163/Within-the-Social-Sciences-Their-is-a-Debate-About-Whether-Sociology-is-a-Science,sociology,2026-09-19 09:49:26
229960941,Is Sociology Considered a Science?,https://www.scribd.com/document/229960941/Sociology,sociology,2026-09-19 09:49:26
237121331,Introduction to Sociology and Society,https://www.scribd.com/document/237121331/Sociology-and-Society,sociology,2026-09-19 09:49:26
237630768,Introduction to Sociology Course,https://www.scribd.com/document/237630768/Sociology-London,sociology,2026-09-19 09:49:26
238851860,Understanding Deviance in Sociology,https://www.scribd.com/document/238851860,sociology,2026-09-19 09:49:26
243761972,Chemistry Major at Monash University,https://www.scribd.com/document/243761972/Monash-Science-Chemistry-Brochure-2015,biochemistry design tutorial,2026-09-19 09:49:26
246022466,Understanding Alienation in Sociology,https://www.scribd.com/document/246022466/Sociology,sociology,2026-09-19 09:49:26
250093856,Sociology Midterm Exam Guide,https://www.scribd.com/document/250093856/Course-Introduction-to-Sociology,sociology,2026-09-19 09:49:26
250812571,Changing Contours of Sociology in Education,https://www.scribd.com/document/250812571/Sociology-of-Education,sociology,2026-09-19 09:49:26
253756297,Sociology Mock Test Questions,https://www.scribd.com/document/253756297/Sociology-Mock-Test,sociology,2026-09-19 09:49:26
25460591,Sociology and Anthropology Overview,https://www.scribd.com/document/25460591/The-Study-of-Sociology-and-Anthropology,sociology,2026-09-19 09:49:26
258659082,FE Chemical Exam Specifications Guide,https://www.scribd.com/document/258659082/FE-Chem-CBT-With-Ranges-1,biochemistry design tutorial,2026-09-19 09:49:26
258861037,Sociology vs. Anthropology: Beteille's Insights,https://www.scribd.com/document/258861037/Sociology-and-Anthropology,sociology,2026-09-19 09:49:26
261720938,Essential Sociology Books for UPSC,https://www.scribd.com/document/261720938/Sociology-for-UPSC-IAS,sociology,2026-09-19 09:49:26
267867140,Sociology Paper I Syllabus Overview,https://www.scribd.com/document/267867140/Sociology-Syllabus-2015-pdf,sociology,2026-09-19 09:49:26
271202923,Understanding Sociological Imagination,https://www.scribd.com/document/271202923/Principles-of-Sociology-Discussion-1,sociology,2026-09-19 09:49:26
27149106,Combined Biotechnology Entr..,https://www.scribd.com/document/27149106/Combined-Biotechnology-Entr,biochemistry design tutorial,2026-09-19 09:49:26
27821816,Agents of Sociology Explained,https://www.scribd.com/document/27821816/The-Agents-of-Sociology,sociology,2026-09-19 09:49:26
279400012,Key Terms in Sociology Explained,https://www.scribd.com/document/279400012/Basic-Concepts-Terms-of-Sociology,sociology,2026-09-19 09:49:26
283911432,Sociology 9699 Paper 1 Overview,https://www.scribd.com/document/283911432/Sociology-9699,sociology,2026-09-19 09:49:26
285378298,Sociology of Accounting Course Outline,https://www.scribd.com/document/285378298/Sociology-on-Accounting,sociology,2026-09-19 09:49:26
28831206,Antipositivism and Sociology Symbols,https://www.scribd.com/document/28831206/Assignment-in-Sociology,sociology,2026-09-19 09:49:26
293170168,Distinguishing Educational Sociology,https://www.scribd.com/document/293170168/Difference-Between-Educational-Sociology-and-Sociology-of-Education,sociology,2026-09-19 09:49:26
305387823,Distinguishing Sociolinguistics and Sociology,https://www.scribd.com/document/305387823/Sociolinguistics-and-the-Sociology-of-Language,sociology,2026-09-19 09:49:26
305891695,Sociology's Impact on Education,https://www.scribd.com/document/305891695/Sociology-and-Education-and-the-Relationship,sociology,2026-09-19 09:49:26
307256753,2nd Professor Observation,https://www.scribd.com/document/307256753/2nd-professor-observation,biochemistry design tutorial,2026-09-19 09:49:26
313405609,Sociology Test Schedule 2016,https://www.scribd.com/document/313405609,sociology,2026-09-19 09:49:26
323804685,AICE Sociology AS Level Study Guide,https://www.scribd.com/document/323804685/AICE-Sociology-as-Level-Summer-2016-Work,sociology,2026-09-19 09:49:26
325013349,Sociology Presentation Guidelines,https://www.scribd.com/document/325013349/Sociology-oral-presentation-paper-guidelines-rubrics-pdf,sociology,2026-09-19 09:49:26
328795851,Sociology Exam Format and Sample Questions,https://www.scribd.com/document/328795851/Sociology-Example-Test-exam-Assessment,sociology,2026-09-19 09:49:26
328862218,Distinguishing Sociolinguistics and Sociology,https://www.scribd.com/document/328862218/Sociolinguistics-and-the-Sociology-of-Language-pdf,sociology,2026-09-19 09:49:26
331118593,Subcloning Plasmids with Enzyme Digests,https://www.scribd.com/document/331118593/Plasmid-Cloning-by-Restriction-Enzyme-Digest,biochemistry design tutorial,2026-09-19 09:49:26
343086303,Bioisosteres and Peptide Drug Discovery Guide,https://www.scribd.com/document/343086303/Tutorial-2-4271,biochemistry design tutorial,2026-09-19 09:49:26
344075160,Sociology Identity Collage Assignment,https://www.scribd.com/document/344075160/sociology-unit-assignment,sociology,2026-09-19 09:49:26
353497284,"Overview of Anthropology, Sociology, and Political Science",https://www.scribd.com/document/353497284/Anthropology-Sociology-Political-Science,sociology,2026-09-19 09:49:26
354884663,Sociology Syllabus Overview,https://www.scribd.com/document/354884663/Syllabus-of-Sociology-docx,sociology,2026-09-19 09:49:26
358752751,Ethics and Sociology: Interrelationship Explained,https://www.scribd.com/document/358752751/Ethics-and-Sociology,sociology,2026-09-19 09:49:26
360492333,Key Concepts in Sociology,https://www.scribd.com/document/360492333/Sociology-Reviewerzx,sociology,2026-09-19 09:49:26
364095010,Chinapoo on Sociology and Science,https://www.scribd.com/document/364095010/Chinapoo-Sociology-as-a-Science,sociology,2026-09-19 09:49:26
370793430,Pioneers and History of Sociology,https://www.scribd.com/document/370793430/History-and-Forerunners-in-Sociology,sociology,2026-09-19 09:49:26
371303518,FE Chemical Engineering Exam Guide,https://www.scribd.com/document/371303518/FE-Chem-CBT-specs-1,biochemistry design tutorial,2026-09-19 09:49:26
394386883,Sport Sociology Midterm Overview,https://www.scribd.com/document/394386883/sport-sociology-exam-study-guide,sociology,2026-09-19 09:49:26
407144562,Perspectives on Education in Sociology,https://www.scribd.com/document/407144562/sociology-project-3,sociology,2026-09-19 09:49:26
413367852,EDU 716 Sociology of Education Exam Guide,https://www.scribd.com/document/413367852/Edu-716-Sociology-of-Education-2014,sociology,2026-09-19 09:49:26
413600299,HNFE Graduate Program Course Requirements,https://www.scribd.com/document/413600299/Degree-Requirements,biochemistry design tutorial,2026-09-19 09:49:26
414017267,BIOC 301 Fall 2013 Syllabus,https://www.scribd.com/document/414017267/SYLLABUS-201410-17833,biochemistry design tutorial,2026-09-19 09:49:26
416524477,Types of Families in Sociology Lesson Plan,https://www.scribd.com/document/416524477/GCSE-Sociology-Lesson-Plan-3-Families-docx,sociology,2026-09-19 09:49:26
422052392,Computational Drug Design Course Overview,https://www.scribd.com/document/422052392/CADDD,biochemistry design tutorial,2026-09-19 09:49:26
424412924,Major Sociological Theories Overview,https://www.scribd.com/document/424412924/Sociology-docx,sociology,2026-09-19 09:49:26
425664448,Post BSc Nursing 2nd Year Sociology Syllabus,https://www.scribd.com/document/425664448/II-Year-p-b-b-sc-n-Sociology,sociology,2026-09-19 09:49:26
426726054,Marriage's Societal Benefits Explained,https://www.scribd.com/document/426726054/sociology,sociology,2026-09-19 09:49:26
426785620,Subject Matter of Sociology Explained,https://www.scribd.com/document/426785620/SUBJECT-MATTER-OF-SOCIOLOGY-pdf,sociology,2026-09-19 09:49:26
427374745,Overview of Sociology and Its Theories,https://www.scribd.com/document/427374745/Sociology,sociology,2026-09-19 09:49:26
428873853,Schedule for Dr. Rhendy Wijayanto,https://www.scribd.com/document/428873853/jad,biochemistry design tutorial,2026-09-19 09:49:26
432840402,Factors in Sociology's Emergence,https://www.scribd.com/document/432840402/Factors-That-Contributed-to-the-Rise-and-Development-of-Sociology,sociology,2026-09-19 09:49:26
433852993,Understanding Goal-Based Scenarios,https://www.scribd.com/document/433852993/pedagogybrief-gbs-sonyawein-2016-edited,biochemistry design tutorial,2026-09-19 09:49:26
437024864,Sociology II Syllabus Overview,https://www.scribd.com/document/437024864/Sociology-II-pdf,sociology,2026-09-19 09:49:26
441878761,Introduction to Sociology Course Guide,https://www.scribd.com/document/441878761/Intro-to-Sociology-Course-and-Reading-Guide,sociology,2026-09-19 09:49:26
444771760,Understanding the Sociology of Gender,https://www.scribd.com/document/444771760/sociology-of-gender,sociology,2026-09-19 09:49:26
451066194,Key Sociology Questions for 2019 Exam,https://www.scribd.com/document/451066194/Sociology-Most-Important-Questions-Part-1-pdf,sociology,2026-09-19 09:49:26
456207068,1D and 2D NMR Techniques in Labs,https://www.scribd.com/document/456207068/alonso2005,biochemistry design tutorial,2026-09-19 09:49:26
457261144,Pharmaceutics I Syllabus Overview,https://www.scribd.com/document/457261144/BP103TP,biochemistry design tutorial,2026-09-19 09:49:26
458310234,Advanced Downstream Processing Course,https://www.scribd.com/document/458310234/Flyer-DP-2019-final,biochemistry design tutorial,2026-09-19 09:49:26
459085855,Engaging with Sociology Resources,https://www.scribd.com/document/459085855/KeepLearningSociology,sociology,2026-09-19 09:49:26
460766076,Sociology Annotated Bibliography,https://www.scribd.com/document/460766076/Annotated-Bibliography-1,sociology,2026-09-19 09:49:26
469202692,Syllabus for Sociological Thought Course,https://www.scribd.com/document/469202692/Sociological-Thought-pdf,sociology,2026-09-19 09:49:26
476298905,Norbert Elias and Figurational Sociology.,https://www.scribd.com/document/476298905/Norbert-Elias-and-Figurational-Sociology,sociology,2026-09-19 09:49:26
480607055,BHMS 1st Year Anatomy Syllabus,https://www.scribd.com/document/480607055/FYBHMSAnatomy-pdf,biochemistry design tutorial,2026-09-19 09:49:26
488839343,Family: The Oldest Social Institution,https://www.scribd.com/document/488839343/SOCIOLOGY,sociology,2026-09-19 09:49:26
489397133,Sociology Exam Guidelines and Questions,https://www.scribd.com/document/489397133/Sociology-2020-pdf,sociology,2026-09-19 09:49:26
491612464,Music Sociology: Insights and Reviews,https://www.scribd.com/document/491612464/Music-sociology,sociology,2026-09-19 09:49:26
497810465,Appeal of Utilitarianism in Sociology,https://www.scribd.com/document/497810465/At-this-point-in-your-study-of-sociology-which-one-of-the-four-sociological-traditions-sounds-most-appealing-to-you,sociology,2026-09-19 09:49:26
498803681,Overview of Sociology Theories and Research,https://www.scribd.com/document/498803681/Sociology-Index-pg-30-165,sociology,2026-09-19 09:49:26
499620076,Understanding Sociological Imagination,https://www.scribd.com/document/499620076/Sociological-Imagination-Reaction-Paper,sociology,2026-09-19 09:49:26
501313863,AQA A Level Sociology Education Bundle,https://www.scribd.com/document/501313863/0-Sociology-of-Education-Bundle,sociology,2026-09-19 09:49:26
501731441,Sociology of Development Overview,https://www.scribd.com/document/501731441/Sociology-of-Development,sociology,2026-09-19 09:49:26
505664992,Key Contributions of Sociology Pioneers,https://www.scribd.com/document/505664992/Pioneers-of-Sociology,sociology,2026-09-19 09:49:26
508373974,Durkheim's Mechanical and Organic Solidarity,https://www.scribd.com/document/508373974/sociology,sociology,2026-09-19 09:49:26
513379897,Importance of Rural Sociology in Extension,https://www.scribd.com/document/513379897/2-importance-of-rural-sociology-in-extension-education,sociology,2026-09-19 09:49:26
51635968,Origins and Evolution of Sociology,https://www.scribd.com/document/51635968/History-of-Sociology,sociology,2026-09-19 09:49:26
519580754,Political Sociology: Definition & Scope,https://www.scribd.com/document/519580754/Pages-150-Political-Sociology,sociology,2026-09-19 09:49:26
523618475,Understanding Sociology and Social Dynamics,https://www.scribd.com/document/523618475/Sociology-as-a-Discipline,sociology,2026-09-19 09:49:26
52403613,Understanding Sociology's Nature and Definition,https://www.scribd.com/document/52403613/DEFINITION-AND-NATURE-OF-SOCIOLOGY-intro,sociology,2026-09-19 09:49:26
530862494,Overview of Sociology Branches,https://www.scribd.com/document/530862494/Branches-of-Sociology-Reference-Notes,sociology,2026-09-19 09:49:26
531351016,Introduction to Food Biotechnology Course,https://www.scribd.com/document/531351016/Food-Biotech,biochemistry design tutorial,2026-09-19 09:49:26
533715689,Intro to Sociology Course Outline,https://www.scribd.com/document/533715689/Introduction-to-Sociology-course-outline,sociology,2026-09-19 09:49:26
533917135,Decolonizing Sociology: A New Approach,https://www.scribd.com/document/533917135/decolonizing-sociology-notes,sociology,2026-09-19 09:49:26
536334933,Income Ideas for College Students,https://www.scribd.com/document/536334933/10-Ways-to-Get-Paid-as-a-College-Student,biochemistry design tutorial,2026-09-19 09:49:26
551848095,Book Reviews: Biochemistry and Molecular Biology Education 29 (2001) 126-133,https://www.scribd.com/document/551848095/coek-info-molecular-cell-biology-4th-edition,biochemistry design tutorial,2026-09-19 09:49:26
555294860,Economics vs Sociology Explained,https://www.scribd.com/document/555294860/Difference-Between-Economics-and-Sociology,sociology,2026-09-19 09:49:26
560523929,ELVIS in Minnesota's Arabidopsis Database,https://www.scribd.com/document/560523929/Does-ELVIS-GA-AG-CT-ACGT-GT-ACGT-AT-ACT-TC-ACGT-TA-AG-Live-in-Minnesota-s-Arabidopsis-Databank,biochemistry design tutorial,2026-09-19 09:49:26
576365647,Key Concepts in Sociology,https://www.scribd.com/document/576365647/Sociology-2020,sociology,2026-09-19 09:49:26
606036701,Culture Lesson Plan for Sociology 120,https://www.scribd.com/document/606036701/sociology-lesson-plan,sociology,2026-09-19 09:49:26
606798319,Criminal Sociology Theories Overview,https://www.scribd.com/document/606798319/Criminal-Sociology-Criminology-Board-Exam-Reviewer,sociology,2026-09-19 09:49:26
61073690,GRE Registration and Fee Waiver Guide,https://www.scribd.com/document/61073690/GRE,biochemistry design tutorial,2026-09-19 09:49:26
611907154,Introduction to Sociology Concepts,https://www.scribd.com/document/611907154/CrashCourseSociologyE1WhatisSociologyQUESTIONSONLYNoKey-1,sociology,2026-09-19 09:49:26
613932588,Culture and Identity in Sociology,https://www.scribd.com/document/613932588/Culture-and-Identity-ReviseSociology,sociology,2026-09-19 09:49:26
619156145,Sociology of Space: Key Concepts and Theories,https://www.scribd.com/document/619156145/Sociology-of-Space,sociology,2026-09-19 09:49:26
621241629,Book Sociology,https://www.scribd.com/document/621241629/Book-Sociology,sociology,2026-09-19 09:49:26
622288728,Sociology vs. Common Sense Explained,https://www.scribd.com/document/622288728/Difference-bw-common-sense-and-sociological-imagination,sociology,2026-09-19 09:49:26
624933548,Ohio University Undergraduate Majors,https://www.scribd.com/document/624933548/Undergraduate-Degree-Programs-2023-2024,biochemistry design tutorial,2026-09-19 09:49:26
632519355,PhD in Molecular Biology and Research,https://www.scribd.com/document/632519355/Sample-academic-CV,biochemistry design tutorial,2026-09-19 09:49:26
640973402,Meritocracy in Education and Sociology,https://www.scribd.com/document/640973402/Sociology-Notes,sociology,2026-09-19 09:49:26
64977546,Introduction to Sociology 8th Edition,https://www.scribd.com/document/64977546/Introduction-to-Sociology-The-Choice-is-Yours,sociology,2026-09-19 09:49:26
656326210,Sociology Sample Paper with Answer Key,https://www.scribd.com/document/656326210/Sociology-Sample-Paper-B,sociology,2026-09-19 09:49:26
664527119,Bio F421 1436 20230807222348,https://www.scribd.com/document/664527119/BIO-F421-1436-20230807222348,biochemistry design tutorial,2026-09-19 09:49:26
664854669,Sociology of Education Crossword Answers,https://www.scribd.com/document/664854669/Sociology-of-Education-Crossword-Labs-Answer,sociology,2026-09-19 09:49:26
668278990,Essential Pharmacology Texts List,https://www.scribd.com/document/668278990/short-listed-books,biochemistry design tutorial,2026-09-19 09:49:26
668980335,Criminal Psychology & Sociology Assignments,https://www.scribd.com/document/668980335/Criminal-Psychology-and-Criminal-Sociology,sociology,2026-09-19 09:49:26
670447547,IGNOU MA Sociology Syllabus 2022,https://www.scribd.com/document/670447547/IGNOU-MA-Sociology-Syllabus,sociology,2026-09-19 09:49:26
674257419,Grade 8 Sociology Revision Worksheet,https://www.scribd.com/document/674257419/Sociology-Worksheet,sociology,2026-09-19 09:49:26
675071187,Anoop B: Vulnerability Assessment & Penetration Tester,https://www.scribd.com/document/675071187/resume-3,biochemistry design tutorial,2026-09-19 09:49:26
678562389,B.Pharm Sem 1: Pharmaceutics Syllabus,https://www.scribd.com/document/678562389/BP103TP,biochemistry design tutorial,2026-09-19 09:49:26
681221832,Understanding the Scope of Sociology,https://www.scribd.com/document/681221832/SCOPE-OF-SOCIOLOGY,sociology,2026-09-19 09:49:26
684948426,Distinguishing Sociolinguistics and Language,https://www.scribd.com/document/684948426/Sociolinguistics-and-the-Sociology-of-Language,sociology,2026-09-19 09:49:26
690674574,Factors Affecting Cell Membrane Structure,https://www.scribd.com/document/690674574/Factors-Affecting-Cell-Membrane-Structure-A-level-Biology-Study-Mind,biochemistry design tutorial,2026-09-19 09:49:26
700732325,Lysozyme in Water 1,https://www.scribd.com/document/700732325/Lysozyme-in-Water-1,biochemistry design tutorial,2026-09-19 09:49:26
704224458,Virtual Screening of Histamine H1 Ligands,https://www.scribd.com/document/704224458/Virtual-Screening-Tutorial-Histamine-H4-by-C-de-Graaf,biochemistry design tutorial,2026-09-19 09:49:26
707517685,Meeting Minutes: GMC Khammam Student Welfare,https://www.scribd.com/document/707517685/Student-s-Commitee-Minutes-27-01-2024,biochemistry design tutorial,2026-09-19 09:49:26
708453968,Sociology of Education Lesson Plan,https://www.scribd.com/document/708453968/GCSE-Sociology-Lesson-Plan-4-Education,sociology,2026-09-19 09:49:26
736653689,Kashmir University BG 4th Sem Date Sheet,https://www.scribd.com/document/736653689/httpsegov-uok-edu-inexamsDateSheetArchive27-01-2023-16-33-1-18-PDF,biochemistry design tutorial,2026-09-19 09:49:26
745190010,CBL vs Traditional Learning in Physiology,https://www.scribd.com/document/745190010/38-AJPCR-48822,biochemistry design tutorial,2026-09-19 09:49:26
750011953,Medicinal Chemistry-III Practical Sem VI,https://www.scribd.com/document/750011953/Medicinal-Chemistry-III-Practical-Sem-VI,biochemistry design tutorial,2026-09-19 09:49:26
752373717,Understanding Rural and Urban Sociology,https://www.scribd.com/document/752373717/Rural-Urban-Sociology,sociology,2026-09-19 09:49:26
755162826,Molecular Cell Biology 4th Edition Harve,https://www.scribd.com/document/755162826/Molecular-Cell-Biology-4th-edition-Harve,biochemistry design tutorial,2026-09-19 09:49:26
764696324,Stratégies de Marketing et Rédaction SEO,https://www.scribd.com/document/764696324/Lily-s-Resume,biochemistry design tutorial,2026-09-19 09:49:26
781469029,Clinical Pharmacokinetics Course Outline,https://www.scribd.com/document/781469029/YEAR-PLAN-PD5-2023-2024-docx,biochemistry design tutorial,2026-09-19 09:49:26
783828158,Biotechnology Class Timetable 2024-25,https://www.scribd.com/document/783828158/BT-Time-Table-AY-2024-25-ODD,biochemistry design tutorial,2026-09-19 09:49:26
788644931,Islamia College B.G 5th Sem Time Table,https://www.scribd.com/document/788644931/1332-5THTTFINAL24-1,biochemistry design tutorial,2026-09-19 09:49:26
789966336,Foundations of Environmental Sociology,https://www.scribd.com/document/789966336/The-Emergence-of-Environmental-Sociology-SD-Note,sociology,2026-09-19 09:49:26
791634069,Kashmir University 2nd Sem Date Sheet 2024,https://www.scribd.com/document/791634069/05-03-2024-12-36-50-561,biochemistry design tutorial,2026-09-19 09:49:26
792242516,Datesheet 3rd Sem,https://www.scribd.com/document/792242516/Datesheet-3rd-Sem,biochemistry design tutorial,2026-09-19 09:49:26
801083412,Medication Dispenser User FAQs,https://www.scribd.com/document/801083412/FAQ-ADM-FAQ,biochemistry design tutorial,2026-09-19 09:49:26
802719497,NUIG Biomedical Engineering Timetable,https://www.scribd.com/document/802719497/Time-Table-Biomedical-Engineering-Fall-2024-1,biochemistry design tutorial,2026-09-19 09:49:26
805335765,Biopharmaceutics & Pharmacokinetics Course,https://www.scribd.com/document/805335765/BP604TT,biochemistry design tutorial,2026-09-19 09:49:26
808948412,Sociology Mains Question Paper 2024,https://www.scribd.com/document/808948412/Sociology-Mains-2024-Paper-1,sociology,2026-09-19 09:49:26
809108222,Fall 2024 Midterm Exam Schedule,https://www.scribd.com/document/809108222/Additional-Fall-2024-Midterm-Schedule,biochemistry design tutorial,2026-09-19 09:49:26
81327634,Sociology Reading List for UPSC Prep,https://www.scribd.com/document/81327634/Sociology-Books,sociology,2026-09-19 09:49:26
813618474,Pharmaceutics I Course Overview,https://www.scribd.com/document/813618474/BP103T,biochemistry design tutorial,2026-09-19 09:49:26
813989606,Plant Biotechnology Course Overview,https://www.scribd.com/document/813989606/BIO-202-APB-205-PLANT-BIOTECHNOLOGY-COURSE-DESCRIPTION,biochemistry design tutorial,2026-09-19 09:49:26
815167211,Fall 2024 Final Exam Schedule,https://www.scribd.com/document/815167211/AdditionalFall2024Schedule-13-1,biochemistry design tutorial,2026-09-19 09:49:26
816441642,BSE 222 Biochemical Engineering Course Guide,https://www.scribd.com/document/816441642/BSE222-FCH,biochemistry design tutorial,2026-09-19 09:49:26
820757875,First MBBS Time Table 2024 AIIMS,https://www.scribd.com/document/820757875/Time-Table,biochemistry design tutorial,2026-09-19 09:49:26
823478439,Ciclo de Krebs: Metabolismo Celular Esencial,https://www.scribd.com/document/823478439/Ciclo-de-Krebs,biochemistry design tutorial,2026-09-19 09:49:26
824756284,Sociology of Sports: Key Concepts,https://www.scribd.com/document/824756284/sociology,sociology,2026-09-19 09:49:26
826937200,Formal Report Writing Feedback Guide,https://www.scribd.com/document/826937200/OBIO1105labreport-sharedfeedbackdoc,biochemistry design tutorial,2026-09-19 09:49:26
832674689,Introduction to Biomaterials Course,https://www.scribd.com/document/832674689/Intro-to-Biomaterials-UC3M-Syllabus,biochemistry design tutorial,2026-09-19 09:49:26
833329766,Computer-Aided Drug Design Course,https://www.scribd.com/document/833329766/BP807TT,biochemistry design tutorial,2026-09-19 09:49:26
837108157,Sociology Exam Paper 2006,https://www.scribd.com/document/837108157/sociology-question-paper-1-2006,sociology,2026-09-19 09:49:26
837139770,Understanding Sociology of Work,https://www.scribd.com/document/837139770/Crossman-2019-Sociology-of-Work-and-Industry,sociology,2026-09-19 09:49:26
843918727,Advances in Genome Editing Techniques,https://www.scribd.com/document/843918727/Genome-371-Lecture-01,biochemistry design tutorial,2026-09-19 09:49:26
848736668,Anthropology vs. Sociology: Key Differences,https://www.scribd.com/document/848736668/Anthropology-and-Sociology,sociology,2026-09-19 09:49:26
855735458,Key Topics in Sociology Studies,https://www.scribd.com/document/855735458/Sociology-Questions-1,sociology,2026-09-19 09:49:26
856733147,Biopharmaceutics & Pharmacokinetics Course,https://www.scribd.com/document/856733147/BP601TT,biochemistry design tutorial,2026-09-19 09:49:26
857828682,Understanding Digital Sociology Basics,https://www.scribd.com/document/857828682/What-is-Digital-Sociology,sociology,2026-09-19 09:49:26
860315897,OpenStax Sociology 3e Test Bank & Quizzes,https://www.scribd.com/document/860315897/01-OpenStax-Sociology-3e-Assessments-Introduction,sociology,2026-09-19 09:49:26
864516909,Soliqua Pricing in Clinical Pharmacokinetics,https://www.scribd.com/document/864516909/858803,biochemistry design tutorial,2026-09-19 09:49:26
866217558,Analyzing Temperature Sensitive Mutations,https://www.scribd.com/document/866217558/Tutorial-10-Worksheet-UBC-BIOL200,biochemistry design tutorial,2026-09-19 09:49:26
867212231,NUST Teaching Assistant Job Openings,https://www.scribd.com/document/867212231/Advert-Teaching-assistants,biochemistry design tutorial,2026-09-19 09:49:26
872125048,Genomics Course Overview and Objectives,https://www.scribd.com/document/872125048/22GS2404,biochemistry design tutorial,2026-09-19 09:49:26
874018804,Biomaterials and Artificial Organs Course,https://www.scribd.com/document/874018804/IMBT604-Downstream-Processing-1,biochemistry design tutorial,2026-09-19 09:49:26
875812348,UWI Computer Engineering Timetable 2025,https://www.scribd.com/document/875812348/Second-Semester-2024-2025,biochemistry design tutorial,2026-09-19 09:49:26
882269118,IGCSE Sociology Evidence Overview,https://www.scribd.com/document/882269118/IGCSE-Sociology-Evidence-List,sociology,2026-09-19 09:49:26
883733828,Gujarat Technological University Transcript,https://www.scribd.com/document/883733828/GUJARAT-TECH-UNI-1,biochemistry design tutorial,2026-09-19 09:49:26
884588344,CADD Workflow: Fpocket Tutorial,https://www.scribd.com/document/884588344/CADD-Workflow-Full-Step-by-Step,biochemistry design tutorial,2026-09-19 09:49:26
884629453,Continuous Bioprocessing Training Course,https://www.scribd.com/document/884629453/agenda-58,biochemistry design tutorial,2026-09-19 09:49:26
894196820,Biochemical Engineering Course Overview,https://www.scribd.com/document/894196820/Aspects-of-Biochemical-Engineering,biochemistry design tutorial,2026-09-19 09:49:26
902983281,PhD Application: Chemistry Graduate Assistantship,https://www.scribd.com/document/902983281/Dada-Assistantship-request,biochemistry design tutorial,2026-09-19 09:49:26
904328938,Pharmaceutics I Syllabus Overview,https://www.scribd.com/document/904328938/Pharmaceutics-i-Syllabus,biochemistry design tutorial,2026-09-19 09:49:26
905662750,Biochemical Techniques Overview,https://www.scribd.com/document/905662750/Principles-and-Techniques-of-Biochemical,biochemistry design tutorial,2026-09-19 09:49:26
909845307,Bioengineering Course Syllabus,https://www.scribd.com/document/909845307/Syllabus-Bioengineering,biochemistry design tutorial,2026-09-19 09:49:26
914921825,Summer 2025 Midterm Timetable - Sir Syed University,https://www.scribd.com/document/914921825/Summer-2025-Midterm-Schedule-30-8,biochemistry design tutorial,2026-09-19 09:49:26
923569826,AQA A-level Sociology Resources Guide,https://www.scribd.com/document/923569826/Soc026-Al-Sociology-6pgr-hi-Res-Update,sociology,2026-09-19 09:49:26
925053618,Recombinant DNA Technology Course Guide,https://www.scribd.com/document/925053618/BIO-F311-1427-20250908003859,biochemistry design tutorial,2026-09-19 09:49:26
926872576,Kashif Ahmed: Agricultural Chemistry CV,https://www.scribd.com/document/926872576/Kashif-Cv33,biochemistry design tutorial,2026-09-19 09:49:26
932921537,IV Infusion Drug Calculation Guide,https://www.scribd.com/document/932921537/BIOPHARMACY-PRACTICE-QUESTIONS,biochemistry design tutorial,2026-09-19 09:49:26
933777595,Sociology and Hindi Literature Interconnection,https://www.scribd.com/document/933777595/Sociology-vs-Hindi-Literature,sociology,2026-09-19 09:49:26
935225035,Molecular Genetics Course Overview,https://www.scribd.com/document/935225035/BI-265-Molecular-Genetics-COURSE-OUTLINE,biochemistry design tutorial,2026-09-19 09:49:26
936032357,IGCSE Sociology: Key Concepts and Methods,https://www.scribd.com/document/936032357/IGCSE-Sociology-Complete-Lesson,sociology,2026-09-19 09:49:26
938463864,Bachelors in Microbiology Curriculum Guide,https://www.scribd.com/document/938463864/12197,biochemistry design tutorial,2026-09-19 09:49:26
941529130,Kashmir University BG 7th Semester Date Sheet,https://www.scribd.com/document/941529130/13-10-2025-12-44-0-301,biochemistry design tutorial,2026-09-19 09:49:26
950414097,Bachelor of Pharmacy Curriculum Overview,https://www.scribd.com/document/950414097/Curriculum-Brac-University,biochemistry design tutorial,2026-09-19 09:49:26
958354976,Bachelor in Stomatology Overview,https://www.scribd.com/document/958354976/STOMATOLOGY-cv,biochemistry design tutorial,2026-09-19 09:49:26
959496183,M.Pharm Cellular & Molecular Pharmacology,https://www.scribd.com/document/959496183/3-Cellular-and-Molecular-Pharmacology-Sem-I,biochemistry design tutorial,2026-09-19 09:49:26
961669967,Bachelor in Nutrition Program Overview,https://www.scribd.com/document/961669967/NUTRITION-1,biochemistry design tutorial,2026-09-19 09:49:26
963428124,Pharmaceutics I Course Overview,https://www.scribd.com/document/963428124/BP401TP,biochemistry design tutorial,2026-09-19 09:49:26
971236283,Bachelor of Pharmacy Pharmaceutics Syllabus,https://www.scribd.com/document/971236283/bp103t,biochemistry design tutorial,2026-09-19 09:49:26
983813974,Biotechnological Solutions for Climate Change,https://www.scribd.com/document/983813974/Project-2024-1-EL01-KA220-HED-000251373,biochemistry design tutorial,2026-09-19 09:49:26
1002567020,Yousfi Salem Resume,https://www.scribd.com/document/1002567020/Yousfi-Salem-Resume,international business beginner,2026-09-19 09:49:45
1002917214,? The Ultimate Beginner's Bug Bounty Methodology (2025 Edition),https://www.scribd.com/document/1002917214/The-Ultimate-Beginner-s-Bug-Bounty-Methodology-2025-Edition,international business beginner,2026-09-19 09:49:45
1003550980,Aditi Yadav PDF,https://www.scribd.com/document/1003550980/Aditi-yadav-pdf,international business beginner,2026-09-19 09:49:45
1004101766,CV-MD Rasel Uddin,https://www.scribd.com/document/1004101766/Cv-md-Rasel-Uddin,international business beginner,2026-09-19 09:49:45
1005845629,2019 Spring Skku Exchange Student Program Fact Sheet,https://www.scribd.com/document/1005845629/2019-spring-skku-exchange-student-program-fact-sheet,international business beginner,2026-09-19 09:49:45
1008384232,Hsk1 Contents,https://www.scribd.com/document/1008384232/Hsk1-Contents,international business beginner,2026-09-19 09:49:45
1011587471,IE University CV,https://www.scribd.com/document/1011587471/IE-University-CV,international business beginner,2026-09-19 09:49:45
1013252651,Yehualashet CV11111,https://www.scribd.com/document/1013252651/YEHUALASHET-CV11111,international business beginner,2026-09-19 09:49:45
1017901782,Anushk Hansraj - Iift Delhi - Anushk Hansraj Mba Ib 2024-26 Delhi,https://www.scribd.com/document/1017901782/Anushk-Hansraj-iift-Delhi-Anushk-Hansraj-Mba-Ib-2024-26-Delhi,international business beginner,2026-09-19 09:49:45
1018121515,"Jahidul Islam SEO Expert CV - Local SEO, On-Page & Off-Page Specialist Resume",https://www.scribd.com/document/1018121515/Jahidul-Islam-SEO-Expert-CV-Local-SEO-On-Page-Off-Page-Specialist-Resume,international business beginner,2026-09-19 09:49:45
1018133122,Pronabesh Sen CV College L,https://www.scribd.com/document/1018133122/Pronabesh-Sen-Cv-College-l,international business beginner,2026-09-19 09:49:45
1018801940,Brooks International School TKDO CONSENT Form,https://www.scribd.com/document/1018801940/Brooks-International-School-TKDO-CONSENT-Form,international business beginner,2026-09-19 09:49:45
1021700330,Attachment 1 （2023 ）Application Form for International Students to Study in Hechi University河池学院国际学生入学申请表,https://www.scribd.com/document/1021700330/Attachment-1-2023-Application-Form-for-International-Students-to-Study-in-Hechi-University%E6%B2%B3%E6%B1%A0%E5%AD%A6%E9%99%A2%E5%9B%BD%E9%99%85%E5%AD%A6%E7%94%9F%E5%85%A5%E5%AD%A6%E7%94%B3%E8%AF%B7%E8%A1%A8,international business beginner,2026-09-19 09:49:45
1028543620,CV Ainany Permata Lestari,https://www.scribd.com/document/1028543620/CV-Ainany-Permata-Lestari,international business beginner,2026-09-19 09:49:45
1029564215,Aastha Ganjoo - UPES,https://www.scribd.com/document/1029564215/Aastha-Ganjoo-UPES,international business beginner,2026-09-19 09:49:45
1031760288,Karran Narang Amity University ABS CV,https://www.scribd.com/document/1031760288/Karran-Narang-Amity-University-ABS-CV,international business beginner,2026-09-19 09:49:45
1032257053,Vishnu Swaroop G,https://www.scribd.com/document/1032257053/Vishnu-Swaroop-G,international business beginner,2026-09-19 09:49:45
1034216073,YIMO Consent Form,https://www.scribd.com/document/1034216073/YIMO-Consent-Form,international business beginner,2026-09-19 09:49:45
1035993342,Wa0001.,https://www.scribd.com/document/1035993342/DOC-20260419-WA0001,international business beginner,2026-09-19 09:49:45
1036467959,Mayssoun Ismail-Resume - Sales & Business Operations Associate,https://www.scribd.com/document/1036467959/Mayssoun-Ismail-Resume-Sales-Business-Operations-Associate,international business beginner,2026-09-19 09:49:45
1036579131,Vitality TheCitySchoolInternationDubai SnowviaJawad (2),https://www.scribd.com/document/1036579131/Vitality-TheCitySchoolInternationDubai-SnowviaJawad-2,international business beginner,2026-09-19 09:49:45
1039778758,Tcas Short Course 2 of It Sc-2026,https://www.scribd.com/document/1039778758/Tcas-Short-Course-2-of-It-Sc-2026,international business beginner,2026-09-19 09:49:45
1040745983,Resume,https://www.scribd.com/document/1040745983/Resume,international business beginner,2026-09-19 09:49:45
1042539297,Hoang Manh Linh-Resume,https://www.scribd.com/document/1042539297/Hoang-Manh-Linh-Resume,international business beginner,2026-09-19 09:49:45
1048017485,Dev Vakil Resume,https://www.scribd.com/document/1048017485/Dev-Vakil-Resume,international business beginner,2026-09-19 09:49:45
1052785685,Poker Cheat Sheet – Ultimate Texas Hold'Em Cheat Sheet for Beginners,https://www.scribd.com/document/1052785685/Poker-Cheat-Sheet-Ultimate-Texas-Hold-Em-Cheat-Sheet-for-Beginners,international business beginner,2026-09-19 09:49:45
1054581887,International Student Fee Chart 2026 C International 18032026,https://www.scribd.com/document/1054581887/International-Student-Fee-Chart-2026-C-International-18032026,international business beginner,2026-09-19 09:49:45
1060683250,2026 Iss Classroom 2,https://www.scribd.com/document/1060683250/2026-Iss-Classroom-2,international business beginner,2026-09-19 09:49:45
1061804248,1,https://www.scribd.com/document/1061804248/1,international business beginner,2026-09-19 09:49:45
1065691139,Evgeniya Khokhlova Regional Manager,https://www.scribd.com/document/1065691139/Evgeniya-Khokhlova-Regional-Manager,international business beginner,2026-09-19 09:49:45
1067062089,Riya CV 2026,https://www.scribd.com/document/1067062089/Riya-CV-2026,international business beginner,2026-09-19 09:49:45
1071453757,AI for Architecture & Interiors Image Workflow Guide Udemy,https://www.scribd.com/document/1071453757/AI-for-Architecture-Interiors-Image-Workflow-Guide-Udemy,international business beginner,2026-09-19 09:49:45
1072502457,Etsy Roadmap Complete,https://www.scribd.com/document/1072502457/Etsy-Roadmap-Complete,international business beginner,2026-09-19 09:49:45
1076067182,Programming Languages Master Classification,https://www.scribd.com/document/1076067182/Programming-Languages-Master-Classification,international business beginner,2026-09-19 09:49:45
1076416171,Country of Origin Verification Beginner Expert JD,https://www.scribd.com/document/1076416171/Country-of-Origin-Verification-Beginner-Expert-JD,international business beginner,2026-09-19 09:49:45
110855997,Gameloft Job Application Form,https://www.scribd.com/document/110855997/Gameloft-Job-Application-Form,international business beginner,2026-09-19 09:49:45
113066459,Pragmatic and Results-Oriented,https://www.scribd.com/document/113066459/CV,international business beginner,2026-09-19 09:49:45
122285301,Principal with PBL Expertise,https://www.scribd.com/document/122285301/quintero-resume-2013,international business beginner,2026-09-19 09:49:45
130361212,Jérôme Charriaud: Local Guide Profile,https://www.scribd.com/document/130361212/Resume,international business beginner,2026-09-19 09:49:45
146051427,Robert Makovei's Professional CV,https://www.scribd.com/document/146051427,international business beginner,2026-09-19 09:49:45
14669898,"Malaysian Film ""Karaoke"" at Cannes",https://www.scribd.com/document/14669898/thesun-2009-04-27-page06-beginners-luck,international business beginner,2026-09-19 09:49:45
148663869,Gold Coast's New Transport & Events Update,https://www.scribd.com/document/148663869/Business-Events-News-for-Wed-19-Jun-2013-Shangri-La-Emirates-COMO-Best-Western-Plus-TechTalk-and-much-more,international business beginner,2026-09-19 09:49:45
151809390,TEQ Unveils New Logo and Events Update,https://www.scribd.com/document/151809390/Business-Events-News-for-Fri-05-Jul-2013-Govt-agrees-on-four-contracts-Open-house-at-MCEC-Tasting-Hong-Kong-Gold-Coast-and-much-more,international business beginner,2026-09-19 09:49:45
154163003,CV of Dang Thi Hong Nguyen,https://www.scribd.com/document/154163003/CV-apply-vao-HSBC-c%E1%BB%A7a-H%E1%BB%93ng-Nguyen,international business beginner,2026-09-19 09:49:45
156151761,MIB Program Overview - Grenoble,https://www.scribd.com/document/156151761/MIB-Grenoble,international business beginner,2026-09-19 09:49:45
157702484,International Financial Management Syllabus,https://www.scribd.com/document/157702484/International-Finance-COURSE-OUTLINE,international business beginner,2026-09-19 09:49:45
16145590,Invoice for Beginner Package Payment,https://www.scribd.com/document/16145590/Invoice-Dec,international business beginner,2026-09-19 09:49:45
169462340,Nick Pandolfo: Multimedia Journalist Profile,https://www.scribd.com/document/169462340/Nick-Pandolfo-s-Resume,international business beginner,2026-09-19 09:49:45
174393431,NEW AGE - Test Preparation Catalogue 2013 - 2014,https://www.scribd.com/document/174393431,international business beginner,2026-09-19 09:49:45
184595317,MBA Candidate Profile: B. Ravitheja Raju,https://www.scribd.com/document/184595317/ravitheja,international business beginner,2026-09-19 09:49:45
196289833,Bilingual Educator and Spanish Instructor Resume,https://www.scribd.com/document/196289833/AP-Resume-2012,international business beginner,2026-09-19 09:49:45
200722249,Nankai University Application Form Guide,https://www.scribd.com/document/200722249/Into-China-Nankai-App-Form-10-2013,international business beginner,2026-09-19 09:49:45
210700103,Kitchin's Simple Regen Radio Guide,https://www.scribd.com/document/210700103/A-Simple-Regen-Radio-for-Beginner-Notes,international business beginner,2026-09-19 09:49:45
212261243,Surge in NPAs Among 40 Listed Banks,https://www.scribd.com/document/212261243/Finance-Mirror,international business beginner,2026-09-19 09:49:45
21433458,Business Graduate with Manufacturing Expertise,https://www.scribd.com/document/21433458/18-Sukumar-Roy-Path-SAIL-Co-Operative-Housing-Society-City-Centre,international business beginner,2026-09-19 09:49:45
21638371,Business Analyst Profile: Skills & Experience,https://www.scribd.com/document/21638371/CV-Taruna-3,international business beginner,2026-09-19 09:49:45
216769636,Clara Abbott Foundation Application Insights,https://www.scribd.com/document/216769636/Malm-Brandes-Resume,international business beginner,2026-09-19 09:49:45
222435231,Chihua Tsai - Telecommunications Resume,https://www.scribd.com/document/222435231/final-resume,international business beginner,2026-09-19 09:49:45
227670446,Clarke Tinwhistles: A Celtic Tradition,https://www.scribd.com/document/227670446/Clarke-Tinwhistle-Product-Brochure-2013,international business beginner,2026-09-19 09:49:45
235213896,General English Beginner Unit1,https://www.scribd.com/document/235213896/General-English-Beginner-Unit1,international business beginner,2026-09-19 09:49:45
235600804,Marketing Professional Profile: Voni Tang,https://www.scribd.com/document/235600804/TangCheeYean-Resume230714,international business beginner,2026-09-19 09:49:45
235601550,Marketing Professional with Category Expertise,https://www.scribd.com/document/235601550/TangCheeYean-ResumeScribd230714,international business beginner,2026-09-19 09:49:45
236140321,Triumph Lingerie: A Sri Lankan Revolution,https://www.scribd.com/document/236140321/22-consumerSB2,international business beginner,2026-09-19 09:49:45
238254996,Akshay P Sankaran: Economics Graduate Resume,https://www.scribd.com/document/238254996/akshay-p-sankaran-resume,international business beginner,2026-09-19 09:49:45
238580178,Jessie M Dryden Resume 614,https://www.scribd.com/document/238580178/Jessie-M-Dryden-Resume-614,international business beginner,2026-09-19 09:49:45
240750757,Curriculum Vitae of Stanline Engelhart,https://www.scribd.com/document/240750757/Curriculum-Vitae-Stanline-Engelhart,international business beginner,2026-09-19 09:49:45
242857543,FAU International Student Admissions Guide,https://www.scribd.com/document/242857543/In-t-Brochure,international business beginner,2026-09-19 09:49:45
243374022,Trevor Cadigan: Journalist & Video Producer,https://www.scribd.com/document/243374022/Updated-Resume-pdf,international business beginner,2026-09-19 09:49:45
245617624,Rajesh Shyamsunder: SAP FICO Consultant Profile,https://www.scribd.com/document/245617624/Rajesh-Shyamsunder1,international business beginner,2026-09-19 09:49:45
249647432,Beginner's Guide to Mushroom Cultivation,https://www.scribd.com/document/249647432/Mushroom-cultivation,international business beginner,2026-09-19 09:49:45
25034486,Understanding LNB Jacks on Receivers,https://www.scribd.com/document/25034486/0705-Beginner,international business beginner,2026-09-19 09:49:45
25034646,Adjusting Your Satellite Dish Guide,https://www.scribd.com/document/25034646/0701-Beginner,international business beginner,2026-09-19 09:49:45
25035035,Setting Up Motorized Satellite Antennas,https://www.scribd.com/document/25035035/0601-Beginner,international business beginner,2026-09-19 09:49:45
252935458,Sales & Marketing Manager CV,https://www.scribd.com/document/252935458/CV-sales-Marketing-Manager-wael-Hamouie-taiwan,international business beginner,2026-09-19 09:49:45
253376802,Sachin Tomar: Project Management Profile,https://www.scribd.com/document/253376802/Sachin-Tomar-iciob-Miet,international business beginner,2026-09-19 09:49:45
253459619,Ashish Agarwal: R&D Engineer Profile,https://www.scribd.com/document/253459619/Ashish-Agarwal-Resume,international business beginner,2026-09-19 09:49:45
253920676,"Green, David R. - Remote Sensing With IDRISI Taiga - A Beginner's Guide, by Timothy A. Warner and",https://www.scribd.com/document/253920676,international business beginner,2026-09-19 09:49:45
256762566,Intrax Job Placement Agreement Details,https://www.scribd.com/document/256762566/Self-Intrax-2015,international business beginner,2026-09-19 09:49:45
257779951,Beginner's Luck,https://www.scribd.com/document/257779951/Beginner-s-luck,international business beginner,2026-09-19 09:49:45
258333472,Join Toastmasters for Leadership Skills,https://www.scribd.com/document/258333472/Brosur-Toastmaster-2,international business beginner,2026-09-19 09:49:45
259843307,CV of Christian Forgac,https://www.scribd.com/document/259843307/My-personal-CV,international business beginner,2026-09-19 09:49:45
260137375,Accounting and Business Internships Summary,https://www.scribd.com/document/260137375/resume-joy-s-ye-finance,international business beginner,2026-09-19 09:49:45
260753970,Sports Marketing Career Profile,https://www.scribd.com/document/260753970/Sample-Resume,international business beginner,2026-09-19 09:49:45
26515599,Vicky Zharkova: Sales & Marketing Expert,https://www.scribd.com/document/26515599/Russian-Business-Development-Manager,international business beginner,2026-09-19 09:49:45
267576729,Curriculum Vitae,https://www.scribd.com/document/267576729,international business beginner,2026-09-19 09:49:45
268183855,Language Competence Levels Overview,https://www.scribd.com/document/268183855/NJ13433-Linguarama-Competence-Levels-1,international business beginner,2026-09-19 09:49:45
269787120,Marketing Professional with Diverse Skills,https://www.scribd.com/document/269787120/resume-bianca-avila,international business beginner,2026-09-19 09:49:45
270222363,Adrianna Valdivia: IT Graduate Profile,https://www.scribd.com/document/270222363/avresume2015,international business beginner,2026-09-19 09:49:45
272031717,Muhammad Faiq's Civil Engineering Profile,https://www.scribd.com/document/272031717/Faiq-Resume,international business beginner,2026-09-19 09:49:45
274011271,Business Englidsh Beginner Unit8,https://www.scribd.com/document/274011271/Business-Englidsh-Beginner-Unit8,international business beginner,2026-09-19 09:49:45
274733831,Alberto Fiorencis: Academic & Professional Profile,https://www.scribd.com/document/274733831/e14albertof-CV4-7909655,international business beginner,2026-09-19 09:49:45
276226476,Remote Travel and Virtual Assistant Services,https://www.scribd.com/document/276226476/ann-kane-resume,international business beginner,2026-09-19 09:49:45
277446028,Sílvia Teixeira da Costa: HR Expertise,https://www.scribd.com/document/277446028,international business beginner,2026-09-19 09:49:45
281790669,Fangzhou Cheng: Data Scientist Profile,https://www.scribd.com/document/281790669/Fangzhou-Cheng,international business beginner,2026-09-19 09:49:45
286824180,Master in International Negotiation,https://www.scribd.com/document/286824180/masni-anglais-pdf,international business beginner,2026-09-19 09:49:45
287058546,Beginner's Guide to Marxism,https://www.scribd.com/document/287058546/beginners-guide-to-marxism-2,international business beginner,2026-09-19 09:49:45
289592517,Ana Vodafone QA Tester Experience,https://www.scribd.com/document/289592517/CV-AnaPatricio1,international business beginner,2026-09-19 09:49:45
291540834,Customized English Courses for Exams,https://www.scribd.com/document/291540834/Courses,international business beginner,2026-09-19 09:49:45
293255433,LUISS CV Template for Consulting Roles,https://www.scribd.com/document/293255433/francesco,international business beginner,2026-09-19 09:49:45
295054157,Fashion Business Student Profile,https://www.scribd.com/document/295054157/updated-cv-tthis-one,international business beginner,2026-09-19 09:49:45
306871593,Luca Betti: Business Intern Profile,https://www.scribd.com/document/306871593/resume-luca-betti,international business beginner,2026-09-19 09:49:45
309805030,Cayla J. Mabie: Business Student Profile,https://www.scribd.com/document/309805030/resume,international business beginner,2026-09-19 09:49:45
310104992,Krashen Does Duolingo Trump,https://www.scribd.com/document/310104992,international business beginner,2026-09-19 09:49:45
314544820,Claudia Martinez Marketing CV,https://www.scribd.com/document/314544820/Resume-Sample,international business beginner,2026-09-19 09:49:45
314771177,Sarper Tutuncuoglu: Education & Skills,https://www.scribd.com/document/314771177/sarper-tutuncuoglu-cv,international business beginner,2026-09-19 09:49:45
316650644,Claudia Martinez CV 2002-2007,https://www.scribd.com/document/316650644/cvsample,international business beginner,2026-09-19 09:49:45
31689051,Computer Abbreviations List,https://www.scribd.com/document/31689051/Abbreviations,international business beginner,2026-09-19 09:49:45
317568408,Project Management Resume of Corey Harold,https://www.scribd.com/document/317568408/corey-a-harold-resume,international business beginner,2026-09-19 09:49:45
321550617,Keio University Exchange Program Overview,https://www.scribd.com/document/321550617/Keio-University,international business beginner,2026-09-19 09:49:45
326392947,Marketing and Admin Professional Profile,https://www.scribd.com/document/326392947/Volha-Kavetskaya-CV-English,international business beginner,2026-09-19 09:49:45
330604166,Agung Setiabudi: Profile & Experience,https://www.scribd.com/document/330604166/Agung-Resume-English,international business beginner,2026-09-19 09:49:45
331142064,Carmen Montaraz's Curriculum Vitae,https://www.scribd.com/document/331142064/carmen-montaraz-cv-2017-weebly,international business beginner,2026-09-19 09:49:45
331708433,Deloitte Internship in Transfer Pricing,https://www.scribd.com/document/331708433/Brijesh-Kakkar-Resume,international business beginner,2026-09-19 09:49:45
335160116,Cours de langues à l'école YMCA,https://www.scribd.com/document/335160116/Courses-and-schedules-2017-Adult-and-Teen-Courses,international business beginner,2026-09-19 09:49:45
343957824,Lita Brusick Johnson: ESL Educator Profile,https://www.scribd.com/document/343957824/lita-brusick-johnson-resume-s-january-2017,international business beginner,2026-09-19 09:49:45
34528559,AYNLA: Endorsement for Young Nurses,https://www.scribd.com/document/34528559/BON-recommends-AYNLA-to-NYC,international business beginner,2026-09-19 09:49:45
346978005,SC DMV International Customer Guide,https://www.scribd.com/document/346978005,international business beginner,2026-09-19 09:49:45
348433243,Beginners Blues PDF,https://www.scribd.com/document/348433243/Beginners-Blues-pdf,international business beginner,2026-09-19 09:49:45
349480211,Osaka International School Events May 2017,https://www.scribd.com/document/349480211/OIS-Community-Bulletin-May-26-3017,international business beginner,2026-09-19 09:49:45
353684527,Gitau Samuel (Resume),https://www.scribd.com/document/353684527,international business beginner,2026-09-19 09:49:45
35565110,Andreea Stancu: Marketing Professional Profile,https://www.scribd.com/document/35565110/En-General-CV-Andreea-Stancu,international business beginner,2026-09-19 09:49:45
358389013,ERP Tutorial PDF Download Guide,https://www.scribd.com/document/358389013/Erp-Tutorial-PDF,international business beginner,2026-09-19 09:49:45
358679694,IWMS Achievements of Chamodha Athukorala,https://www.scribd.com/document/358679694/chamodha-athukorala,international business beginner,2026-09-19 09:49:45
36070359,Harishikesh S.R - MBA Finance Profile,https://www.scribd.com/document/36070359/Harishikesh-CV,international business beginner,2026-09-19 09:49:45
361952922,Free Computer Graphics PDF Download,https://www.scribd.com/document/361952922/Free-PDF-on-Computer-Graphics,international business beginner,2026-09-19 09:49:45
363529652,Business Developer & Web Specialist CV,https://www.scribd.com/document/363529652/CV-Sara-Ben-Chamkha,international business beginner,2026-09-19 09:49:45
363563937,Richey International Education Profile,https://www.scribd.com/document/363563937/richey-resume,international business beginner,2026-09-19 09:49:45
364225388,Antonio M. Ferrari's Resume Summary,https://www.scribd.com/document/364225388/resume,international business beginner,2026-09-19 09:49:45
364733523,Judy Kim - Marketing & Business Profile,https://www.scribd.com/document/364733523/bcom-resume-not-real,international business beginner,2026-09-19 09:49:45
369749519,Biotechnology Academic Profile 2017,https://www.scribd.com/document/369749519/Anon-CV-XD,international business beginner,2026-09-19 09:49:45
37405749,CV of Sebastian Birzu,https://www.scribd.com/document/37405749/sebi-birzu,international business beginner,2026-09-19 09:49:45
374131197,Lisa Goolcharan: Education Leader Profile,https://www.scribd.com/document/374131197/lisa-goolcharan-resume,international business beginner,2026-09-19 09:49:45
375033126,NCFM Course Details and Fees,https://www.scribd.com/document/375033126/NCFM-Fees-Details,international business beginner,2026-09-19 09:49:45
381324440,Kids for Chess Camp in Cheras,https://www.scribd.com/document/381324440/Camp-June-2018-v2,international business beginner,2026-09-19 09:49:45
381501575,TEFL Certified Teacher Profile,https://www.scribd.com/document/381501575/cv1,international business beginner,2026-09-19 09:49:45
382072143,Samyak Jain: IIT Delhi Aspirant Profile,https://www.scribd.com/document/382072143/Resume,international business beginner,2026-09-19 09:49:45
383957338,Mohamed Attia's Banking Career Profile,https://www.scribd.com/document/383957338/Mohamed-Attia-CV,international business beginner,2026-09-19 09:49:45
384319259,Lisa Kristensen: Donor Relations Expert,https://www.scribd.com/document/384319259/ldk-2018-4,international business beginner,2026-09-19 09:49:45
387531649,Freelance Admin & Data Entry Services,https://www.scribd.com/document/387531649/copy-of-diane-penaranda-resume-weebly-1,international business beginner,2026-09-19 09:49:45
387779335,SportsEdTV Names Alan Vickers Vice-Chairman,https://www.scribd.com/document/387779335/SportsEdTV-Appoints-Alan-Vickers-as-Vice-Chairman,international business beginner,2026-09-19 09:49:45
388058100,CV - Michel Sleiman,https://www.scribd.com/document/388058100/CV-Michel-Sleiman,international business beginner,2026-09-19 09:49:45
391001682,Summoning Primers,https://www.scribd.com/document/391001682/Summoning-Primers-rtf,international business beginner,2026-09-19 09:49:45
391657680,Adina Roibu's Professional Profile,https://www.scribd.com/document/391657680/Adina-Roibu-CV-eng-Rev1,international business beginner,2026-09-19 09:49:45
393585755,Cebu International School Fees 2024-2025,https://www.scribd.com/document/393585755/CIS-School-Fees-Sheet-SY1718,international business beginner,2026-09-19 09:49:45
396803825,Samantha Post: Global Studies Resume,https://www.scribd.com/document/396803825/cv-jan-2019,international business beginner,2026-09-19 09:49:45
397447855,Abhishek Kumar's Career Overview,https://www.scribd.com/document/397447855/AbhishekKumar-InternshalaResume,international business beginner,2026-09-19 09:49:45
398347443,Oxford Computer Science Graduate Profile,https://www.scribd.com/document/398347443/AndreiIlie-CV18-LateJuly,international business beginner,2026-09-19 09:49:45
398477847,LIMA'19 Volunteer Application Form,https://www.scribd.com/document/398477847/Lima19-Volunteer-Application-Form,international business beginner,2026-09-19 09:49:45
399050811,Business Basics: Key Concepts & Phrasal Verbs,https://www.scribd.com/document/399050811/Session-1-BEG-I,international business beginner,2026-09-19 09:49:45
399081612,SC DMV International Customer Guide,https://www.scribd.com/document/399081612/MV-94-1-pdf,international business beginner,2026-09-19 09:49:45
401969615,Julian Dessouky - Finance Graduate Resume,https://www.scribd.com/document/401969615/resumewinter2019,international business beginner,2026-09-19 09:49:45
403468882,Mertcan Coskun: Financial Engineer CV,https://www.scribd.com/document/403468882/MertcanCoskun-CV1-pdf,international business beginner,2026-09-19 09:49:45
404101576,Sindhu Singh: HR Management Profile,https://www.scribd.com/document/404101576/SINDHU-SINGH-CV-THREE-PAGER-wecompress-com-docx,international business beginner,2026-09-19 09:49:45
404238728,NCFM Course Fees and Details,https://www.scribd.com/document/404238728/NCFM-Fees-Details-pdf,international business beginner,2026-09-19 09:49:45
406467421,Intro to Python for Business Professionals,https://www.scribd.com/document/406467421/OneDay-IntrotoPython-pdf,international business beginner,2026-09-19 09:49:45
406982566,Trade Finance Expertise of Harkesh Garg,https://www.scribd.com/document/406982566/Harkesh-Garg,international business beginner,2026-09-19 09:49:45
408170974,Plan de Estudios Economía y Negocios Internacionales,https://www.scribd.com/document/408170974/Pe-Fn-Economia-Negocios-Internacionales,international business beginner,2026-09-19 09:49:45
408266325,Buku Sujiwo Tejo: Ngawur Karena Benar,https://www.scribd.com/document/408266325/sujiwo-tejo,international business beginner,2026-09-19 09:49:45
409434099,Corporate English Training Overview,https://www.scribd.com/document/409434099/Corporatw-and-Business-English-Comparison-Chart,international business beginner,2026-09-19 09:49:45
409614277,Denise M. Stanley: Dance Educator Profile,https://www.scribd.com/document/409614277/denise-vangils-resume,international business beginner,2026-09-19 09:49:45
410851202,Nadia Hamouda's Professional Profile,https://www.scribd.com/document/410851202/Nadia-Hamouda-CV,international business beginner,2026-09-19 09:49:45
415091286,Fahad Munawar's Resume Overview,https://www.scribd.com/document/415091286/YouthCentral-CoverLetter-NoWorkExperience,international business beginner,2026-09-19 09:49:45
41736304,HCL Career Development Centre Analysis,https://www.scribd.com/document/41736304/HCL,international business beginner,2026-09-19 09:49:45
419670784,Overview of Programming Language Generations,https://www.scribd.com/document/419670784/Activity-3,international business beginner,2026-09-19 09:49:45
420457848,Shalini Naagar,https://www.scribd.com/document/420457848/Shalini-Naagar,international business beginner,2026-09-19 09:49:45
421588026,Construction 1 PDF,https://www.scribd.com/document/421588026/Construction-1-pdf,international business beginner,2026-09-19 09:49:45
423102198,Beginner's Guide to Soldering Techniques,https://www.scribd.com/document/423102198/Marshall-AS100D,international business beginner,2026-09-19 09:49:45
426144259,Hamza Akbar Sharifzada's Profile,https://www.scribd.com/document/426144259/CV-pdf,international business beginner,2026-09-19 09:49:45
428975187,Abhinav Daga: Business Consultant Profile,https://www.scribd.com/document/428975187/Abhinav-DAGA-Resume-pdf,international business beginner,2026-09-19 09:49:45
431883953,ESL Teacher Resume: Krystel Mae Milano,https://www.scribd.com/document/431883953/KMILANO1218-1,international business beginner,2026-09-19 09:49:45
432038627,Mark A. Reardon: Policy Researcher Profile,https://www.scribd.com/document/432038627/RESUME-Mark-Reardon-PhD,international business beginner,2026-09-19 09:49:45
437143419,SC Driver's License Application Form,https://www.scribd.com/document/437143419/447-NC,international business beginner,2026-09-19 09:49:45
437267351,International Business Includes Any Type of Business Activity That Crosses National Borders,https://www.scribd.com/document/437267351/International-Business-Includes-Any-Type-of-Business-Activity-That-Crosses-National-Borders,international business beginner,2026-09-19 09:49:45
437574573,Shivam Batra: Sustainable Business Profile,https://www.scribd.com/document/437574573/CV-sample,international business beginner,2026-09-19 09:49:45
438002449,Ebek Readathon: Join the Challenge!,https://www.scribd.com/document/438002449/ebek-readathon-flyer,international business beginner,2026-09-19 09:49:45
439646704,Muzamil Hussain: Career Overview and Impact,https://www.scribd.com/document/439646704/Muzamil-Hussain-CV-docx,international business beginner,2026-09-19 09:49:45
442719088,Credit Suisse Business School Enhances Training,https://www.scribd.com/document/442719088/CaseStudy-CreditSuisse-pdf,international business beginner,2026-09-19 09:49:45
447087102,Marine Dupond: Marketing & Project Management Expert,https://www.scribd.com/document/447087102/Resume-Sample,international business beginner,2026-09-19 09:49:45
447413716,Marketing Graduate Seeking Opportunities,https://www.scribd.com/document/447413716/CV-Rizky-Aprilio-Ananda,international business beginner,2026-09-19 09:49:45
45031760,CV of Giovanni N. Bitoy for Erasmus,https://www.scribd.com/document/45031760/CV-Erasmus-Final,international business beginner,2026-09-19 09:49:45
451589859,Economic Data Analysis & Marketing Expert,https://www.scribd.com/document/451589859/CV-1552325676,international business beginner,2026-09-19 09:49:45
452048937,Business Analyst Resume Overview,https://www.scribd.com/document/452048937/glassdoor-resume-CV-Apopei-Simona-pdf,international business beginner,2026-09-19 09:49:45
453820610,NISM and NCFM Course Overview,https://www.scribd.com/document/453820610/Nism-Ncfm-exam-list,international business beginner,2026-09-19 09:49:45
454406208,AI Specialist Program Overview,https://www.scribd.com/document/454406208/PIAIC-AI-Q1-Syllabus,international business beginner,2026-09-19 09:49:45
455267480,PIAIC AI Course Overview and Syllabus,https://www.scribd.com/document/455267480/PIAIC-AI-Q1-Syllabus-docx,international business beginner,2026-09-19 09:49:45
456860018,AI Specialist Program Overview,https://www.scribd.com/document/456860018/PIAIC-AI-Q1-Syllabus-docx,international business beginner,2026-09-19 09:49:45
457671741,Theories of Learner Autonomy in Education,https://www.scribd.com/document/457671741/ASSIGNMENT-LEEDS,international business beginner,2026-09-19 09:49:45
457898521,E-Research Skills Workshop at UiTM Jasin,https://www.scribd.com/document/457898521/W1-Beginner-ER-SKILLS-1-pdf,international business beginner,2026-09-19 09:49:45
458350312,Market Analyst Profile: Guillaume Fenet,https://www.scribd.com/document/458350312/CV-Guillaume-Market-Analyst-1,international business beginner,2026-09-19 09:49:45
459677612,Project Plan 3 Office Shift Project Plan Overview,https://www.scribd.com/document/459677612/Project-Plan-3-Office-Shift-Project-Plan-Overview-txt,international business beginner,2026-09-19 09:49:45
461854645,Analytics Consultant with Global Expertise,https://www.scribd.com/document/461854645/Siddharath-Mehta,international business beginner,2026-09-19 09:49:45
46248413,Project Management Expertise in Construction,https://www.scribd.com/document/46248413,international business beginner,2026-09-19 09:49:45
464007509,Kaplan English Test Results Overview,https://www.scribd.com/document/464007509/Free-English-test-docx,international business beginner,2026-09-19 09:49:45
464799130,Oracle Database Administrator (DBA) Salary Guide - Oracle University,https://www.scribd.com/document/464799130/Oracle-Database-Administrator-DBA-Salary-Guide-Oracle-University,international business beginner,2026-09-19 09:49:45
465838250,ANU International Admission Requirements,https://www.scribd.com/document/465838250/2020-international-academic-entry-requirements,international business beginner,2026-09-19 09:49:45
467822633,General English Beginner Unit1 PDF,https://www.scribd.com/document/467822633/general-english-beginner-unit1-pdf,international business beginner,2026-09-19 09:49:45
46934405,Andrei Mărginean's Professional CV,https://www.scribd.com/document/46934405/cv-ANDREI-MARGINEAN,international business beginner,2026-09-19 09:49:45
470001327,Profile of Dorota Sacewicz,https://www.scribd.com/document/470001327/Dorota-Sacewicz-resume-pdf,international business beginner,2026-09-19 09:49:45
470049615,Clinical Business Analyst Profile,https://www.scribd.com/document/470049615/betsy-cv-v02,international business beginner,2026-09-19 09:49:45
471884226,Aspiring Finance Professional Profile,https://www.scribd.com/document/471884226/Smurfit-Template-new,international business beginner,2026-09-19 09:49:45
476009080,Beginner's Guide to Measurement Uncertainty,https://www.scribd.com/document/476009080/links-to-Uncertainty-Guides-and-free-calculation-tools,international business beginner,2026-09-19 09:49:45
476959085,PLT Beginner,https://www.scribd.com/document/476959085/plt-beginner,international business beginner,2026-09-19 09:49:45
477485667,Hrithik Jain: Marketing Professional Profile,https://www.scribd.com/document/477485667/Hrithik-Jain-CV-pdf,international business beginner,2026-09-19 09:49:45
478144480,National Geographic Reading Explorer 3 Answer Key,https://www.scribd.com/document/478144480/National-Geographic-Reading-Explorer-3-Answer-Key,international business beginner,2026-09-19 09:49:45
478861715,Big Data Strategy for Business Success,https://www.scribd.com/document/478861715/Vol6-2-Think-Bigger,international business beginner,2026-09-19 09:49:45
478877767,Operations Analyst Resume Summary,https://www.scribd.com/document/478877767/Resume-Shatakshi-Tangri-pm,international business beginner,2026-09-19 09:49:45
478886969,Yannick Even: IT Manager & BI Expert,https://www.scribd.com/document/478886969/Resume-Yannick-Even-MBA-BI-Manager,international business beginner,2026-09-19 09:49:45
479649211,Nursing Student with Mentorship & Art Skills,https://www.scribd.com/document/479649211/Montinola-Resume,international business beginner,2026-09-19 09:49:45
479761000,Malla Curricular Negocios Internacionales,https://www.scribd.com/document/479761000/malla-curricular-ug-administracion-y-negocios-internacionales-2020-1-1597080655,international business beginner,2026-09-19 09:49:45
480836064,(Series) Macmillan Campaign Military 1 2 3 - FULL Ebook + Audio CD - Bonnhara Chun,https://www.scribd.com/document/480836064/Series-Macmillan-Campaign-Military-1-2-3-FULL-Ebook-Audio-CD-Bonnhara-Chun,international business beginner,2026-09-19 09:49:45
484974980,SONG: NCT Dream - Fireflies (Listening) - English ESL Worksheets For Distance Learning and Physical PDF,https://www.scribd.com/document/484974980/SONG-NCT-Dream-Fireflies-listening-English-ESL-Worksheets-for-distance-learning-and-physical-pdf,international business beginner,2026-09-19 09:49:45
485337468,Topic International Exams,https://www.scribd.com/document/485337468/topic-International-exams,international business beginner,2026-09-19 09:49:45
485594754,Startup Ecosystem Canvas Guide,https://www.scribd.com/document/485594754/ecosystem-canvas-worksheet-v1,international business beginner,2026-09-19 09:49:45
48680473,Management Professional in Gymnastics,https://www.scribd.com/document/48680473/combination-functional-reverse-chronological,international business beginner,2026-09-19 09:49:45
488600142,Product Management at PT Buana Varia,https://www.scribd.com/document/488600142/CV,international business beginner,2026-09-19 09:49:45
492233333,Soluciones Workbook Business Administration and Fi,https://www.scribd.com/document/492233333/pingpdf-com-soluciones-workbook-business-administration-and-fi,international business beginner,2026-09-19 09:49:45
49245243,Maria Anisimova's Professional Profile,https://www.scribd.com/document/49245243/Resume-AMV2,international business beginner,2026-09-19 09:49:45
494362156,Statement of Purpose: MS in CS,https://www.scribd.com/document/494362156/SOP-UTD,international business beginner,2026-09-19 09:49:45
494362158,Data Science MS Statement of Purpose,https://www.scribd.com/document/494362158/SOP-UMD,international business beginner,2026-09-19 09:49:45
500207865,Teacher's Guide: Piano Lessons Book 1,https://www.scribd.com/document/500207865/Tch1up,international business beginner,2026-09-19 09:49:45
50447426,IESEG Summer Academy 2011: Global Business,https://www.scribd.com/document/50447426/Ieseg-Isa-2011-Brochure,international business beginner,2026-09-19 09:49:45
507309646,American English Learning Resources Guide,https://www.scribd.com/document/507309646/American-English-Materials-for-Learning,international business beginner,2026-09-19 09:49:45
507315365,German B1 Vocabulary List PDF Guide,https://www.scribd.com/document/507315365/960009572-Aff-02-d,international business beginner,2026-09-19 09:49:45
508721722,SAP ABAP Tutorial for Beginners PDF,https://www.scribd.com/document/508721722/sap-abap-tutorial,international business beginner,2026-09-19 09:49:45
509108672,Anjali Parekh: Marketing Professional Profile,https://www.scribd.com/document/509108672/parekh-anjali-resume,international business beginner,2026-09-19 09:49:45
510150434,Ronan Ryan: English Teaching Expertise,https://www.scribd.com/document/510150434/CV-Ronan-Ryan-MAC,international business beginner,2026-09-19 09:49:45
51053736,ELICOS Course Overview at Box Hill,https://www.scribd.com/document/51053736/Elicos-Brochure,international business beginner,2026-09-19 09:49:45
5108874,SilkArt Studio: Nature-Inspired Creations,https://www.scribd.com/document/5108874/resume-SPG,international business beginner,2026-09-19 09:49:45
513241376,PMU Human Resource Management Plan,https://www.scribd.com/document/513241376/Degree-Plan-Human-Resource-Management,international business beginner,2026-09-19 09:49:45
514949322,Understanding Iaido: Art of Sword Drawing,https://www.scribd.com/document/514949322/Iaido-overview,international business beginner,2026-09-19 09:49:45
515187442,Coromandel Fertilizers Internship CV,https://www.scribd.com/document/515187442/Mohan-Resume-Latest-pdf,international business beginner,2026-09-19 09:49:45
516362356,TESDA Courses at Cebu International Academy,https://www.scribd.com/document/516362356/Tesda-Courses-Offered-in-Cebu-International-Academy,international business beginner,2026-09-19 09:49:45
517007373,NUML Summer Spanish Course 2021,https://www.scribd.com/document/517007373/Summer-2021-advert,international business beginner,2026-09-19 09:49:45
518135443,Leadership and Marketing Experience,https://www.scribd.com/document/518135443/Resume-Le-Minh-Tam,international business beginner,2026-09-19 09:49:45
518790410,Recruitment Officer Profile,https://www.scribd.com/document/518790410/CV-2021-YF-EN-4,international business beginner,2026-09-19 09:49:45
521168800,IT Manager Resume - SAP Expert,https://www.scribd.com/document/521168800/Kaushik-Guha-CV-8,international business beginner,2026-09-19 09:49:45
521801094,Rakan Khudhayr: Electrical Engineer Profile,https://www.scribd.com/document/521801094/Rakan-Khudhayr-M-Alenezi,international business beginner,2026-09-19 09:49:45
52328086,EuroCV - Demiris Kostas,https://www.scribd.com/document/52328086/EuroCV-Demiris-Kostas,international business beginner,2026-09-19 09:49:45
525929668,Sheikh Zubair: Business Development Profile,https://www.scribd.com/document/525929668/Sheikh-Zubair-CV,international business beginner,2026-09-19 09:49:45
532477166,Investing 101: Stock Market Basics,https://www.scribd.com/document/532477166/Course-Outline-Stock-Market-for-Beginners-1,international business beginner,2026-09-19 09:49:45
534379817,Student Declaration for Language Course,https://www.scribd.com/document/534379817/Student-Declaration-Form-Fall-21,international business beginner,2026-09-19 09:49:45
535584093,Beginner GIMP Tutorials Overview,https://www.scribd.com/document/535584093/Gimp-tutorials,international business beginner,2026-09-19 09:49:45
538013411,Maynooth University Curriculum Updates,https://www.scribd.com/document/538013411/maynooth-alert-list-2021-2022,international business beginner,2026-09-19 09:49:45
538979218,Human Resource Manager Application,https://www.scribd.com/document/538979218/CV-Template,international business beginner,2026-09-19 09:49:45
539087902,Hallelujah Sheet Music Leonard Cohen Beginner Piano,https://www.scribd.com/document/539087902/Hallelujah-Sheet-Music-Leonard-Cohen-Beginner-Piano,international business beginner,2026-09-19 09:49:45
540128212,Abdullah Patel's Internship Experience,https://www.scribd.com/document/540128212/Abdullah-PATEL-CV,international business beginner,2026-09-19 09:49:45
542653830,Entry-Level Resume for Tashfin Tazwar,https://www.scribd.com/document/542653830/TASHFIN-TAZWAR,international business beginner,2026-09-19 09:49:45
542821348,Malla Curricular UPN 2024: Administración y Negocios Internacionales,https://www.scribd.com/document/542821348/Malla-de-Administracion-Negocios-Internacionales,international business beginner,2026-09-19 09:49:45
546114159,Supply Chain Management Specialist Resume,https://www.scribd.com/document/546114159/format,international business beginner,2026-09-19 09:49:45
552480270,Santiago City Postal Code Information,https://www.scribd.com/document/552480270/PHS-Student-Application-Form-Fillable,international business beginner,2026-09-19 09:49:45
558233318,History of Nursing Informatics,https://www.scribd.com/document/558233318/NI-3,international business beginner,2026-09-19 09:49:45
562268017,Business Writing Skills Course Overview,https://www.scribd.com/document/562268017/Business-Writing-Skills-GoSkills-Course-Syllabus-1,international business beginner,2026-09-19 09:49:45
56628469,Mukesh Pandey: Business Development Expert,https://www.scribd.com/document/56628469/Work-Profile-of-Mukesh-Pandey,international business beginner,2026-09-19 09:49:45
578748902,Business Analytics and Data Science Profile,https://www.scribd.com/document/578748902/Mattheus-Lim-Data-Scientist-CV,international business beginner,2026-09-19 09:49:45
580079501,Essential SEO Resources and Tools,https://www.scribd.com/document/580079501/Good-Reads-and-Reference-for-Work,international business beginner,2026-09-19 09:49:45
583466453,Marketing and Finance Intern Profile,https://www.scribd.com/document/583466453/SodaPDF-converted-NEW-CV-PLACEMENT-1,international business beginner,2026-09-19 09:49:45
588375582,Addie Sparks: International Affairs Profile,https://www.scribd.com/document/588375582/addiesparks-cv,international business beginner,2026-09-19 09:49:45
590076761,Regulatory Compliance Essentials Guide,https://www.scribd.com/document/590076761/normal-60088004079e4,international business beginner,2026-09-19 09:49:45
598537817,Umar Nasidi Abubakar's CV,https://www.scribd.com/document/598537817/Umar-Nasidi-CV-copy,international business beginner,2026-09-19 09:49:45
604339494,Brigadier General Sadat Hossain's Profile,https://www.scribd.com/document/604339494/Resume-Bg-Sadat-GUB-19-8,international business beginner,2026-09-19 09:49:45
608604398,Anastasija Lys: Profile & Experience,https://www.scribd.com/document/608604398/Anastasija-Lys-CV,international business beginner,2026-09-19 09:49:45
61799999,Database-Web Developer Candidate Questionnaire,https://www.scribd.com/document/61799999/SS-DatabaseDev-PH,international business beginner,2026-09-19 09:49:45
61845845,Shared Services Woche 2011,https://www.scribd.com/document/61845845,international business beginner,2026-09-19 09:49:45
619522181,Himangi Chauhan's Bocconi CV Overview,https://www.scribd.com/document/619522181/Himangi-Chauhan-CV-SDA-Bocconi-Asia-Center,international business beginner,2026-09-19 09:49:45
622575946,HVAC Planning Engineer CV,https://www.scribd.com/document/622575946/HVAC-Engineer,international business beginner,2026-09-19 09:49:45
623846898,Aranca Current Openings Overview,https://www.scribd.com/document/623846898/Arunima-Dhawan-CV-2022,international business beginner,2026-09-19 09:49:45
626376777,LIMA 2023 Volunteer Application Form,https://www.scribd.com/document/626376777/LIMA23-Volunteer-Application-Form,international business beginner,2026-09-19 09:49:45
629503770,Dressmaking For Beginners,https://www.scribd.com/document/629503770/Dressmaking-for-Beginners,international business beginner,2026-09-19 09:49:45
632669748,Dynamic Placement Test Overview,https://www.scribd.com/document/632669748/dynamicplacementtest-intepreting-score-pdf,international business beginner,2026-09-19 09:49:45
635785483,Internship-Seeking International Business Student,https://www.scribd.com/document/635785483/Untitled,international business beginner,2026-09-19 09:49:45
636071433,Hotel Management Expertise of Mamadou Diame,https://www.scribd.com/document/636071433/CURRICULUM-VITAE-MAMADOU-DIAME,international business beginner,2026-09-19 09:49:45
638694353,LIMA 2023 Volunteer Application Form,https://www.scribd.com/document/638694353/LIMA23-Volunteer-Application-Form,international business beginner,2026-09-19 09:49:45
638848404,Choosing French Courses for Study Abroad,https://www.scribd.com/document/638848404/Untitled,international business beginner,2026-09-19 09:49:45
639666393,Business Concepts for English Practice,https://www.scribd.com/document/639666393/15030937577,international business beginner,2026-09-19 09:49:45
647705086,FTI Consulting Internship Application Letter,https://www.scribd.com/document/647705086/Cover-letter-Wellington-Management,international business beginner,2026-09-19 09:49:45
647826759,Legal Intern Application for Dai Ha Thanh,https://www.scribd.com/document/647826759/Intern-Application-Vu-Dao-Hoang-Linh,international business beginner,2026-09-19 09:49:45
64938391,Edouard Eyglunent: Hospitality Profile,https://www.scribd.com/document/64938391/EYGLUNENT-Edouard-Resume,international business beginner,2026-09-19 09:49:45
655451721,Senior AI & Data Manager Profile,https://www.scribd.com/document/655451721/CV-Emilio-J-Sanchez-Tech,international business beginner,2026-09-19 09:49:45
655706313,Political Philosophy: A Beginner's Guide,https://www.scribd.com/document/655706313/Political-Philosophy-A-Beginners-Guide-f,international business beginner,2026-09-19 09:49:45
656491772,Arzoo Patel: Business Graduate Profile,https://www.scribd.com/document/656491772/Arzoo-Patel-Resume1-0,international business beginner,2026-09-19 09:49:45
663997475,Diana Acatrinei: Marketing Expertise,https://www.scribd.com/document/663997475/CV-Diana-Acatrinei-En,international business beginner,2026-09-19 09:49:45
664869702,Ankit Kakkirala's Academic and Professional Profile,https://www.scribd.com/document/664869702/Consult-RESUME,international business beginner,2026-09-19 09:49:45
665178491,Media Production Company Business Plan,https://www.scribd.com/document/665178491/Media-Production-Company-Business-Plan,international business beginner,2026-09-19 09:49:45
668338620,Social Media & Business Management Profile,https://www.scribd.com/document/668338620/Andre-s-Resume,international business beginner,2026-09-19 09:49:45
668441301,Teaching Beginners: Key Insights and Strategies,https://www.scribd.com/document/668441301/Teaching-beginners-1,international business beginner,2026-09-19 09:49:45
673538997,Coursera: Employee Training Solutions,https://www.scribd.com/document/673538997/Employee-Training-and-Development-Programs-Coursera-for-Business,international business beginner,2026-09-19 09:49:45
673721387,Mahima Chowdhury: CV & Activities Overview,https://www.scribd.com/document/673721387/Mahima-Chowdhury-CV,international business beginner,2026-09-19 09:49:45
67930933,Summer Internship Program Overview,https://www.scribd.com/document/67930933/Sahil-resume-for-Hr,international business beginner,2026-09-19 09:49:45
680570241,Smartpay Fuse Pricing Summary,https://www.scribd.com/document/680570241/Charges-and-Fees-1,international business beginner,2026-09-19 09:49:45
683384819,Amal Farouk: Business Admin Profile,https://www.scribd.com/document/683384819/Amal-farouk-C-V,international business beginner,2026-09-19 09:49:45
686076724,Maria Christina Flores Resume,https://www.scribd.com/document/686076724/Text,international business beginner,2026-09-19 09:49:45
688513316,Best HR Courses & Certifications (2022) Coursera,https://www.scribd.com/document/688513316/Best-HR-Courses-Certifications-2022-Coursera,international business beginner,2026-09-19 09:49:45
695024012,DELF Exam Coaching Consent Form,https://www.scribd.com/document/695024012/DELF-EXAM-2023-24,international business beginner,2026-09-19 09:49:45
696276726,Poojitha Verma's Professional Resume,https://www.scribd.com/document/696276726/Poojitha-Resume-01,international business beginner,2026-09-19 09:49:45
700659954,Experienced Accountant in Karachi,https://www.scribd.com/document/700659954/CV-Canada-2,international business beginner,2026-09-19 09:49:45
701600798,Fresh Business Admin Resume Template,https://www.scribd.com/document/701600798/White-Simple-Student-CV-Resume,international business beginner,2026-09-19 09:49:45
704299991,Industrial Design Intern Profile,https://www.scribd.com/document/704299991/Copy-of-IMCC-Master-CV-Template-IIFT-One-Pager-2,international business beginner,2026-09-19 09:49:45
704798984,Salimah Sohail Dossa: Healthcare Leader Profile,https://www.scribd.com/document/704798984/Resume-Salim-Aah-So-Hail-Doss-A,international business beginner,2026-09-19 09:49:45
706136704,Jabir Muthuvadan: Business Development Expert,https://www.scribd.com/document/706136704/Jabir-M,international business beginner,2026-09-19 09:49:45
708254951,Dr. Bhavya Jain: Business Analyst Profile,https://www.scribd.com/document/708254951/Bhavya-Jain-CV,international business beginner,2026-09-19 09:49:45
709754002,Resume Arvin Fouladifar,https://www.scribd.com/document/709754002/Resume-Arvin-Fouladifar-Copy,international business beginner,2026-09-19 09:49:45
711551484,IE University CV Example: Aída Ibarra,https://www.scribd.com/document/711551484/IE-University-CV-Template-ADMISSIONS,international business beginner,2026-09-19 09:49:45
712070552,Top Leadership Certifications 2024,https://www.scribd.com/document/712070552/The-Top-Leadership-Certifications-in-2024-By-Eric-Partaker,international business beginner,2026-09-19 09:49:45
712657135,Subham Agarwal: Business Development Profile,https://www.scribd.com/document/712657135/Subham-Agarwal-CV,international business beginner,2026-09-19 09:49:45
715146302,Application for Business Coordinator Role,https://www.scribd.com/document/715146302/Chip-Mong-Retail,international business beginner,2026-09-19 09:49:45
715976504,Business Analyst Resume: Suraj Singh,https://www.scribd.com/document/715976504/BCA-MCA-Business-Analyst-Resume-Template,international business beginner,2026-09-19 09:49:45
716422909,International Sales & Business Development Expert,https://www.scribd.com/document/716422909/Albert-Credentials,international business beginner,2026-09-19 09:49:45
722903418,Accountant CV for Singapore Roles,https://www.scribd.com/document/722903418/Accountant,international business beginner,2026-09-19 09:49:45
726226464,Emilie Guillou: Multilingual HR Partner,https://www.scribd.com/document/726226464/Emilie-Guillou-689013084-1,international business beginner,2026-09-19 09:49:45
728267315,2024-25 International Program Fees,https://www.scribd.com/document/728267315/Program-and-Tuition-Fees-2024-25,international business beginner,2026-09-19 09:49:45
728322281,Nisa Ür: International Trade Experience,https://www.scribd.com/document/728322281/CV,international business beginner,2026-09-19 09:49:45
731601417,Improve Your Business English Skills,https://www.scribd.com/document/731601417/English-Courses-Flyer,international business beginner,2026-09-19 09:49:45
731910704,SC DMV Application for Licenses and ID,https://www.scribd.com/document/731910704/447-NC,international business beginner,2026-09-19 09:49:45
733124707,Understanding International Treaties,https://www.scribd.com/document/733124707/treaties-and-conventions-Google-Search,international business beginner,2026-09-19 09:49:45
733182616,Event Planner CV - Chan Soueang,https://www.scribd.com/document/733182616/Resume-ChanSoueang,international business beginner,2026-09-19 09:49:45
733977697,CEFR Language Competence Levels Explained,https://www.scribd.com/document/733977697/1-Levels-of-learning-and-levels-of-competence-according-to-the-Common-European-Framework-International-standarts-and-certification,international business beginner,2026-09-19 09:49:45
734923014,ChatGPT Prompting Cheat Sheet,https://www.scribd.com/document/734923014/ChatGPT-MEGA-CheatSheet,international business beginner,2026-09-19 09:49:45
735014885,International vs. Global Marketing Explained,https://www.scribd.com/document/735014885/International-Marketing-Final,international business beginner,2026-09-19 09:49:45
73552753,AACE 29R-03 Forensic Schedule Analysis,https://www.scribd.com/document/73552753/AACE-International,international business beginner,2026-09-19 09:49:45
738736559,Yogi Permadi Maksudi: Logistics Graduate Profile,https://www.scribd.com/document/738736559/Yogi-Permadi-Maksudi-CV,international business beginner,2026-09-19 09:49:45
747530476,Million-Dollar Business Challenges Report,https://www.scribd.com/document/747530476/Million-Dollar-Problems-Report-Starter-Story,international business beginner,2026-09-19 09:49:45
748750914,SAP S/4HANA MM Beginner's Guide,https://www.scribd.com/document/748750914/SAP-S4HANA-MM-Beginners-Guide,international business beginner,2026-09-19 09:49:45
751393034,Business Developer & Data Analyst Profile,https://www.scribd.com/document/751393034/Mahesh-CV-1,international business beginner,2026-09-19 09:49:45
755446886,Nazrin Abdullazada: CV & Achievements,https://www.scribd.com/document/755446886/CV-Nazrin-Abdullazada,international business beginner,2026-09-19 09:49:45
755986407,Cansugül Karaeyvaz - Student Profile,https://www.scribd.com/document/755986407/Cansug-l-Karaeyvaz-CV,international business beginner,2026-09-19 09:49:45
755986408,Can Güden: Business Student Profile,https://www.scribd.com/document/755986408/Can-G-den-CV,international business beginner,2026-09-19 09:49:45
756827891,IB Primary Text Recommendations SY24-25,https://www.scribd.com/document/756827891/LCPS-IB-Text-Recommendations-APR5-2PM,international business beginner,2026-09-19 09:49:45
756967108,Short-Term French Certificate Course,https://www.scribd.com/document/756967108/Short-term-Cert-Course-French-02July2024-17-10-49-78,international business beginner,2026-09-19 09:49:45
757638576,Technology Specialist Profile Summary,https://www.scribd.com/document/757638576/cv-format-1,international business beginner,2026-09-19 09:49:45
76552514,CV of Mr. PIN Dam - English Teacher,https://www.scribd.com/document/76552514/Dam,international business beginner,2026-09-19 09:49:45
766018182,Sanjeev Jena Compliance Analyst Resume-7,https://www.scribd.com/document/766018182/Sanjeev-Jena-Compliance-Analyst-Resume-7,international business beginner,2026-09-19 09:49:45
770104650,Enhancing Business English in Algeria,https://www.scribd.com/document/770104650/General-Introduction-thesis-English-as-a-global-language,international business beginner,2026-09-19 09:49:45
771557072,Resume of Sanjida Haider,https://www.scribd.com/document/771557072/Resume-of-Sanjida-Haider-1-1,international business beginner,2026-09-19 09:49:45
772406271,Priya's Resume,https://www.scribd.com/document/772406271/Priya-s-Resume-1,international business beginner,2026-09-19 09:49:45
777692451,Pratham RESUME Oct24,https://www.scribd.com/document/777692451/Pratham-RESUME-Oct24,international business beginner,2026-09-19 09:49:45
778733711,Summer Camp Form Dang Ky,https://www.scribd.com/document/778733711/summer-camp-form-dang-ky,international business beginner,2026-09-19 09:49:45
779641229,Dupiwonezy,https://www.scribd.com/document/779641229/dupiwonezy,international business beginner,2026-09-19 09:49:45
781155448,Profile of Sami Sarower Suchit,https://www.scribd.com/document/781155448/CV-2024-07-26-Sami-Sarower-Suchit,international business beginner,2026-09-19 09:49:45
781831906,Megha Srinivasa: Professional Profile,https://www.scribd.com/document/781831906/Megha-Srinivasa-CV,international business beginner,2026-09-19 09:49:45
78297164,Sarah Spoto's Business & Art Resume,https://www.scribd.com/document/78297164/Sarah-Spoto-Resume-2012,international business beginner,2026-09-19 09:49:45
783694337,22-Week Beginner Marathon Plan,https://www.scribd.com/document/783694337/22-week-Beginner-Marathon-training-plan,international business beginner,2026-09-19 09:49:45
784600135,Starting a Dropshipping Business Guide,https://www.scribd.com/document/784600135/How-to-Start-a-Dropshipping-Business-2024-Guide-Forbes-Advisor,international business beginner,2026-09-19 09:49:45
785207380,Sialendoscopy Workshop at Ganga Ram Hospital,https://www.scribd.com/document/785207380/Navy-Modern-Business-Conference-A4-Flyer-3,international business beginner,2026-09-19 09:49:45
785490620,Business Graduate with Financial Expertise,https://www.scribd.com/document/785490620/Ayushi-Jain,international business beginner,2026-09-19 09:49:45
78589033,German Customer Service Representative Resume,https://www.scribd.com/document/78589033,international business beginner,2026-09-19 09:49:45
788808084,Internship Experience at Solino International,https://www.scribd.com/document/788808084/Kirti,international business beginner,2026-09-19 09:49:45
789535166,Academic and Professional Profile of Gopika Maniprasad,https://www.scribd.com/document/789535166/Resume,international business beginner,2026-09-19 09:49:45
792723604,Dossier d'Admission ISTEC 2024,https://www.scribd.com/document/792723604/Fiche-info-INT,international business beginner,2026-09-19 09:49:45
795235706,BCCAT ESL Program Overview,https://www.scribd.com/document/795235706/BCCAT-Course-Outline,international business beginner,2026-09-19 09:49:45
795971141,Cyber Commando Training Syllabus,https://www.scribd.com/document/795971141/Cyber-Commando-Entranc-Test-Syllabus-New,international business beginner,2026-09-19 09:49:45
796944915,Victoria 3 Beginner's Guide,https://www.scribd.com/document/796944915/Beginner-s-guide-Victoria-3-Wiki,international business beginner,2026-09-19 09:49:45
797319336,Beginner's Guide to Forex Trading,https://www.scribd.com/document/797319336/What-Is-Forex-Trading-A-Beginner-s-Guide,international business beginner,2026-09-19 09:49:45
797797794,Ruth Amancio's CV - May 2018,https://www.scribd.com/document/797797794/BIU-Resume-Template-1,international business beginner,2026-09-19 09:49:45
800706905,Azerbaijani Student's Journey to Korea,https://www.scribd.com/document/800706905/interview-1-ko-en,international business beginner,2026-09-19 09:49:45
802699010,Product Managar Resume,https://www.scribd.com/document/802699010/Product-Managar-resume,international business beginner,2026-09-19 09:49:45
804407825,Vinay A C: Teaching Assistant Profile,https://www.scribd.com/document/804407825/CV23194361-Vinay-A-C,international business beginner,2026-09-19 09:49:45
80557351,Fatima Tariq: Profile Overview,https://www.scribd.com/document/80557351/Fatima-Tariq-CV,international business beginner,2026-09-19 09:49:45
809569741,SAP Master Data Specialist Profile,https://www.scribd.com/document/809569741/Mihaela-Buciumeanu-CV,international business beginner,2026-09-19 09:49:45
812185319,Aeronautical Engineering Student Profile,https://www.scribd.com/document/812185319/BBS-Resume,international business beginner,2026-09-19 09:49:45
812652373,Key Concepts in Science and Business,https://www.scribd.com/document/812652373/Mishmoshes-upholsteress-contractly,international business beginner,2026-09-19 09:49:45
813055964,Aspiring Finance Intern with Global Experience,https://www.scribd.com/document/813055964/Hansen-Frohna-Resume-2,international business beginner,2026-09-19 09:49:45
813154673,Michaëla Yema-Osango's CV Summary,https://www.scribd.com/document/813154673/Resume-Internship-2024,international business beginner,2026-09-19 09:49:45
815750646,Oxford International Application Form,https://www.scribd.com/document/815750646/Application-Form-Oxford-International-New-York-2023-fillable,international business beginner,2026-09-19 09:49:45
815944033,Steel Trading Expert with Global Experience,https://www.scribd.com/document/815944033/CV-Henry,international business beginner,2026-09-19 09:49:45
816607479,22HM2101 - Research Methodology & IPR,https://www.scribd.com/document/816607479/22HM2101-Research-Methodology-IPR,international business beginner,2026-09-19 09:49:45
816770666,PhD in International Business Resume,https://www.scribd.com/document/816770666/CV-Khola,international business beginner,2026-09-19 09:49:45
816837468,منحة,https://www.scribd.com/document/816837468/%D9%85%D9%86%D8%AD%D8%A9,international business beginner,2026-09-19 09:49:45
81719335,eBay Market Segmentation Strategies,https://www.scribd.com/document/81719335/Ebay-Case-Study,international business beginner,2026-09-19 09:49:45
817240935,Networking Engineer Resume Template,https://www.scribd.com/document/817240935/Normal-Reume,international business beginner,2026-09-19 09:49:45
817808673,Technical Operations Intern Profile,https://www.scribd.com/document/817808673/Hardik-Pahwa-Resume,international business beginner,2026-09-19 09:49:45
81837164,Free Online German Courses Overview,https://www.scribd.com/document/81837164/German-Courses,international business beginner,2026-09-19 09:49:45
818486213,Beginner's Printing Guide for Groups,https://www.scribd.com/document/818486213/beginners-guide-to-printing-new,international business beginner,2026-09-19 09:49:45
818733928,Beginner's Guide to Cryptocurrency,https://www.scribd.com/document/818733928/A-Beginner-s-Guide-to-Cryptocurrency,international business beginner,2026-09-19 09:49:45
819287555,Fiche d'Admission Istec 2025,https://www.scribd.com/document/819287555/Fiche-Info-Rentree-Decalee-Janv25,international business beginner,2026-09-19 09:49:45
824285985,Account Manager with BPO Expertise,https://www.scribd.com/document/824285985/PierreBoadla-Updated-1,international business beginner,2026-09-19 09:49:45
824632212,Forex Trading Course Outline for Beginners,https://www.scribd.com/document/824632212/Forex-beginner-Course,international business beginner,2026-09-19 09:49:45
825040011,BBA Finance Student with Creative Skills,https://www.scribd.com/document/825040011/resumee-1-2,international business beginner,2026-09-19 09:49:45
825491068,Menna Wael Mohamed: Banking Intern Profile,https://www.scribd.com/document/825491068/Cv-End,international business beginner,2026-09-19 09:49:45
826225765,Mechanical Engineer with Business Focus,https://www.scribd.com/document/826225765/Abd-elmohsen-Saeed-CV,international business beginner,2026-09-19 09:49:45
826416420,Legal Career Overview of Gabrieli Guimarães,https://www.scribd.com/document/826416420/CV-Gabrieli,international business beginner,2026-09-19 09:49:45
826584919,Finalize Resume - Resume Now,https://www.scribd.com/document/826584919/Finalize-Resume-Resume-Now,international business beginner,2026-09-19 09:49:45
827238656,Beginner's Guide to Forex Trading,https://www.scribd.com/document/827238656/Forex-Beginners-Guide,international business beginner,2026-09-19 09:49:45
827270662,Beginner's SAP ABAP on HANA Course,https://www.scribd.com/document/827270662/SAP-ABAP-on-HANA-Training-for-Beginners,international business beginner,2026-09-19 09:49:45
830396109,Business Process Excellence in Pharma,https://www.scribd.com/document/830396109/SuhitaPant-CV,international business beginner,2026-09-19 09:49:45
831378591,PGDM Student Resume - Sourav Kumar,https://www.scribd.com/document/831378591/sourav-CV,international business beginner,2026-09-19 09:49:45
833338720,HR Business Partner Profile Summary,https://www.scribd.com/document/833338720/Aayush,international business beginner,2026-09-19 09:49:45
83436334,Gameloft Job Application Form,https://www.scribd.com/document/83436334/Gameloft-Job-Application-Form,international business beginner,2026-09-19 09:49:45
834770845,Transjet Cargo Sales Strategies Overview,https://www.scribd.com/document/834770845/Apoorva-Singh,international business beginner,2026-09-19 09:49:45
835993326,Payroll Intern at Moore Stephens Tabbal,https://www.scribd.com/document/835993326/Screenshot-2024-06-24-at-7-28-40-PM,international business beginner,2026-09-19 09:49:45
836880828,Beginner's Guide to Learning English,https://www.scribd.com/document/836880828/Learning-English-for-Beginners-Part-1,international business beginner,2026-09-19 09:49:45
837056086,Math-Olympiad-1-Beginner Terry-Chew-bị cắt xén-trang-trang-3,https://www.scribd.com/document/837056086/Math-Olympiad-1-Beginner-Terry-Chew-b%E1%BB%8B-c%E1%BA%AFt-xen-trang-trang-3,international business beginner,2026-09-19 09:49:45
838748992,AIS Egypt 2023-2024 School Profile,https://www.scribd.com/document/838748992/CopyofSY23-24Schoolprofile,international business beginner,2026-09-19 09:49:45
839451477,Accounting Intern Application Resume,https://www.scribd.com/document/839451477/Cv-Account-New,international business beginner,2026-09-19 09:49:45
839799106,Nihal Gupta's Business Development Journey,https://www.scribd.com/document/839799106/Nihal-Gupta-7974207498,international business beginner,2026-09-19 09:49:45
842907691,Michel Hidalgo Academy Registration 2025,https://www.scribd.com/document/842907691/Registration-form-2025-2026,international business beginner,2026-09-19 09:49:45
843676626,Harneet Kaur Brar: Internship Seeker,https://www.scribd.com/document/843676626/Harneet-kaur-brar-Resume,international business beginner,2026-09-19 09:49:45
843958532,Anshul Bindal: International Business Expert,https://www.scribd.com/document/843958532/876d99f65452-Anshul-CV-2024,international business beginner,2026-09-19 09:49:45
847895398,Shibin Raj Nair: Mechanical Engineer Profile,https://www.scribd.com/document/847895398/Shibin-Raj-Nair-Project-Eng-CV,international business beginner,2026-09-19 09:49:45
848683492,Plan de Estudios Negocios Internacionales 2025,https://www.scribd.com/document/848683492/carrera-ug-administracion-negocios-internacionales-sp,international business beginner,2026-09-19 09:49:45
848839022,Beginner's Guide to SAP S/4HANA Implementation,https://www.scribd.com/document/848839022/A-Beginner-s-Guide-to-Implementing-SAP-S-4HANA-Fingent,international business beginner,2026-09-19 09:49:45
851007062,Priyansh Gupta: CFA & Investment Banking Profile,https://www.scribd.com/document/851007062/Priyansh-Gupta-Resume,international business beginner,2026-09-19 09:49:45
851125106,Offshore Price List 2024 for Courses,https://www.scribd.com/document/851125106/2024-October-Offshore-Price-List,international business beginner,2026-09-19 09:49:45
851226209,Beginner's Guide to Managerial Accounting,https://www.scribd.com/document/851226209/The-Beginner-s-Guide-to-Managerial-Accounting,international business beginner,2026-09-19 09:49:45
854195174,Malla Curricular Administración UPN,https://www.scribd.com/document/854195174/carrera-ug-administracion-negocios-internacionales-1,international business beginner,2026-09-19 09:49:45
855886147,Buğra Acar Kızılkaya - Professional Profile,https://www.scribd.com/document/855886147/cv-eng,international business beginner,2026-09-19 09:49:45
856099284,Suryansh Sharma: MBA Graduate Profile,https://www.scribd.com/document/856099284/Suryansh-Resume-2,international business beginner,2026-09-19 09:49:45
856870663,Purba Nandy's Professional Profile,https://www.scribd.com/document/856870663/CV-Purba-Nandy,international business beginner,2026-09-19 09:49:45
856870665,Purba Nandy's Professional Profile,https://www.scribd.com/document/856870665/CV-Purba-Nandy-July-2022,international business beginner,2026-09-19 09:49:45
859746473,MSME Export-Import Training Program,https://www.scribd.com/document/859746473/EXIM-ONLINE,international business beginner,2026-09-19 09:49:45
861508441,Soumya Pandey: Business Development Profile,https://www.scribd.com/document/861508441/Naukri-SoumyaPandey-0y-6m-1,international business beginner,2026-09-19 09:49:45
865819768,John’s TOEIC Mock Test Results 2024,https://www.scribd.com/document/865819768/John-1st-Mock-Test,international business beginner,2026-09-19 09:49:45
865819772,TOEIC Mock Test Results for John,https://www.scribd.com/document/865819772/John-3rd-Mock-Test,international business beginner,2026-09-19 09:49:45
86789514,Ilkay Gultas: Industrial Engineering CV,https://www.scribd.com/document/86789514/Ilkay-GULTAS-Jan2012,international business beginner,2026-09-19 09:49:45
868450934,Business Management Student Resume,https://www.scribd.com/document/868450934/CV-eng,international business beginner,2026-09-19 09:49:45
869705501,Marwadi University Exam Timetable 2024,https://www.scribd.com/document/869705501/Attachment,international business beginner,2026-09-19 09:49:45
874741650,Essential Business Vocabulary Guide,https://www.scribd.com/document/874741650/Business-Vocabulary-Elementary,international business beginner,2026-09-19 09:49:45
875498059,CV,https://www.scribd.com/document/875498059/CV,international business beginner,2026-09-19 09:49:45
875868249,Starting an Ethanol Plant in India,https://www.scribd.com/document/875868249/Ethanol-Plant-Business-Plan-Beginner-Friendly,international business beginner,2026-09-19 09:49:45
880045380,Finance Student with Global Experience,https://www.scribd.com/document/880045380/Tanay-Gupta-RF,international business beginner,2026-09-19 09:49:45
882363948,Бізнес аналітик: Профіль кандидата,https://www.scribd.com/document/882363948/%D0%91%D1%96%D0%B7%D0%BD%D0%B5%D1%81-%D0%90%D0%BD%D0%B0%D0%BB%D1%96%D1%82%D0%B8%D0%BA-%D0%90%D0%BD%D0%BE%D0%BD%D1%96%D0%BC%D0%BD%D0%B8%D0%B9-%D0%9F%D0%BE%D1%88%D1%83%D0%BA-%D0%A0%D0%BE%D0%B1%D0%BE%D1%82%D0%B8-%D0%9D%D0%B0-%D0%94%D0%B6%D0%B8%D0%BD%D1%96,international business beginner,2026-09-19 09:49:45
882369746,Odoo Infra and Integration Beginner Guide,https://www.scribd.com/document/882369746/Odoo-Infra-and-Integration-Beginner-Guide,international business beginner,2026-09-19 09:49:45
883100401,Oxford International Toronto Application Form,https://www.scribd.com/document/883100401/Application-Form-Oxford-International-Toronto-2024-fillable,international business beginner,2026-09-19 09:49:45
885348424,Corporate Law & Business Resume,https://www.scribd.com/document/885348424/1DOC-20250703-WA0003,international business beginner,2026-09-19 09:49:45
888908476,Anany Gupta's PGDM E-Biz Profile,https://www.scribd.com/document/888908476/Anany-Gupta-CV-1-template-for-sap-roles,international business beginner,2026-09-19 09:49:45
88946371,Professional Credentials Overview,https://www.scribd.com/document/88946371/credentials,international business beginner,2026-09-19 09:49:45
892853005,Experienced Administrative Executive Profile,https://www.scribd.com/document/892853005/JAY-J-JADHAV-1-1,international business beginner,2026-09-19 09:49:45
892883710,PTSTDM Framework for Employee Growth,https://www.scribd.com/document/892883710/Business-Automation-Employee-Development-ptstdm,international business beginner,2026-09-19 09:49:45
893010301,Editable Chile Visa PSD Template,https://www.scribd.com/document/893010301/Chile-Visa-PSD-Template-Completely-Editable-With-Fonts-by-Oxxtempl-Issuu,international business beginner,2026-09-19 09:49:45
893043009,Overview of Introduction to Business,https://www.scribd.com/document/893043009/Introduction-to-Business,international business beginner,2026-09-19 09:49:45
894431065,Sales and Logistics Expertise Overview,https://www.scribd.com/document/894431065/Abdul-Samad-CV,international business beginner,2026-09-19 09:49:45
894476588,Aspiring HR Professional Resume,https://www.scribd.com/document/894476588/9,international business beginner,2026-09-19 09:49:45
89448394,International Exchange Application Form,https://www.scribd.com/document/89448394/Application-Form,international business beginner,2026-09-19 09:49:45
895461113,Deven Bonde: BBA in Data Analytics,https://www.scribd.com/document/895461113/Deven-Bonde-Resume-1,international business beginner,2026-09-19 09:49:45
895859244,Instrumentation Engineer Profile: Oil & Gas Expertise,https://www.scribd.com/document/895859244/CV-Arvind-K-Deorani,international business beginner,2026-09-19 09:49:45
897253949,MMU International Fees Structure 2025,https://www.scribd.com/document/897253949/MMU-UG-Fee-Structure-International,international business beginner,2026-09-19 09:49:45
897429106,Joshua Tartakovsky: Diverse Professional Profile,https://www.scribd.com/document/897429106/Joshua-Tartakovsky-Cv-1,international business beginner,2026-09-19 09:49:45
897619833,IT Support & Full Stack Developer Resume,https://www.scribd.com/document/897619833/Hassan-CV,international business beginner,2026-09-19 09:49:45
897646513,Business Analyst Intern at Quantiphi,https://www.scribd.com/document/897646513/Intern-Business-Analyst-Sales-Engineer,international business beginner,2026-09-19 09:49:45
897720078,A2 German Course for Beginners,https://www.scribd.com/document/897720078/A2-Learn-German-for-Beginners-Course-Content,international business beginner,2026-09-19 09:49:45
897797036,Japanese Language Classes in Ota City,https://www.scribd.com/document/897797036/20250321-English,international business beginner,2026-09-19 09:49:45
898743477,Prof. Neeraj Kumar Sehrawat Biography,https://www.scribd.com/document/898743477/de2f21b3-6c27-4b03-9870-ca0e09e53809,international business beginner,2026-09-19 09:49:45
899515615,Digital Acquiring Manager Profile,https://www.scribd.com/document/899515615/Omar-Hussein-Digital-Acquiring-Relationship-Manager-Resume,international business beginner,2026-09-19 09:49:45
900716881,Business & Finance Mastery Course,https://www.scribd.com/document/900716881/Complete-Business-Finance-Stocks-FinTech-Course,international business beginner,2026-09-19 09:49:45
901058928,FBS Forex: Trusted Trading Platform,https://www.scribd.com/document/901058928/FBS-Forex-Trader,international business beginner,2026-09-19 09:49:45
905968214,Rumi Poem Translation,https://www.scribd.com/document/905968214/Rumi-Poem-Translation,international business beginner,2026-09-19 09:49:45
907506967,International Student Registration Form,https://www.scribd.com/document/907506967/21-Academy-New-Application-Form,international business beginner,2026-09-19 09:49:45
909084326,Resume 1 pdf,https://www.scribd.com/document/909084326/Resume-1-pdf,international business beginner,2026-09-19 09:49:45
910703330,Robotics Lab Business Plan Overview,https://www.scribd.com/document/910703330/Robotics-Lab-Business-Plan,international business beginner,2026-09-19 09:49:45
911417576,UNN Business School Admission 2017/2018,https://www.scribd.com/document/911417576/UNN-BUSINESS-SCHOOL,international business beginner,2026-09-19 09:49:45
913487438,CV of Anas Al-Aqraa: Future Business Leader,https://www.scribd.com/document/913487438/Professional-Minimalist-CV-Resume-20250804-230447-%D9%A0%D9%A0%D9%A0%D9%A0,international business beginner,2026-09-19 09:49:45
914600570,Finance Controller with CMA Expertise,https://www.scribd.com/document/914600570/RITS-Muhammed-Faisal-ACCT-Manager,international business beginner,2026-09-19 09:49:45
917722925,2025 F1 Calendar Overview,https://www.scribd.com/document/917722925/The-beginner-s-guide-to-the-2025-F1-calendar-Formula-1,international business beginner,2026-09-19 09:49:45
918833714,2025 Fall Admission Guide for International Students,https://www.scribd.com/document/918833714/d2%EC%98%81%EB%AC%B8-25%ED%95%99%EB%85%84%EB%8F%84-%ED%9B%84%EA%B8%B0-%EC%99%B8%EA%B5%AD%EC%9D%B8-%ED%95%99%EB%B6%80%EC%8B%A0%EC%9E%85%EC%83%9D-%EB%AA%A8%EC%A7%91%EC%9A%94%EA%B0%95,international business beginner,2026-09-19 09:49:45
918901561,Key Account Manager Profile Summary,https://www.scribd.com/document/918901561/Aishwarya-Chandok,international business beginner,2026-09-19 09:49:45
919334355,HR Fresher Resume: Skills & Experience,https://www.scribd.com/document/919334355/New-Resume-Shr,international business beginner,2026-09-19 09:49:45
919458309,Simultaneous Interpretation Techniques Guide,https://www.scribd.com/document/919458309/French-Interpretation-Translation,international business beginner,2026-09-19 09:49:45
919470514,Adjective Order Practice Exercises,https://www.scribd.com/document/919470514/HOMEWWORK-1-Order-of-Adjectives-and-Reading-Announcements,international business beginner,2026-09-19 09:49:45
920155096,Business Student Resume Overview,https://www.scribd.com/document/920155096/Sadia-Mariam-Curriculum-Vitae-1,international business beginner,2026-09-19 09:49:45
923003786,ERP Purchasing Module Guide for Beginners,https://www.scribd.com/document/923003786/Erp-Inventory-Module-beginner-Advanced-Ready-for-blogger-3,international business beginner,2026-09-19 09:49:45
923897262,Beginner's Guide to Financial Markets,https://www.scribd.com/document/923897262/Financial-Markets-Revision-Guide,international business beginner,2026-09-19 09:49:45
925489498,International Relations Theories Overview,https://www.scribd.com/document/925489498/The-Legends-of-ABC,international business beginner,2026-09-19 09:49:45
929343443,Forex Trading Roadmap for Beginners,https://www.scribd.com/document/929343443/Forex-Trading-Beginner-Guide,international business beginner,2026-09-19 09:49:45
931032951,Preparing for an International Trip,https://www.scribd.com/document/931032951/Lesson-Plan-Preparing-for-an-International-Trip,international business beginner,2026-09-19 09:49:45
935631295,Beginner Christmas Stocking Pattern,https://www.scribd.com/document/935631295/Christmas-Stockings-2022,international business beginner,2026-09-19 09:49:45
939917833,Market Research Analyst Resume,https://www.scribd.com/document/939917833/Balachandran-Profile-Copy,international business beginner,2026-09-19 09:49:45
941043438,Digital Marketing Professional Resume,https://www.scribd.com/document/941043438/Resume-AnikBanerjee-11,international business beginner,2026-09-19 09:49:45
941132586,Business Strategy & Analytics Expert,https://www.scribd.com/document/941132586/Aniket-Saware-V01-4,international business beginner,2026-09-19 09:49:45
943017972,Rishav Kumar's BBA Profile and Skills,https://www.scribd.com/document/943017972/Rishav-CV-1,international business beginner,2026-09-19 09:49:45
943739917,Export Strategies for Beginners,https://www.scribd.com/document/943739917/INTERVIEW-WITH-AN-EXPORTER,international business beginner,2026-09-19 09:49:45
944931144,Free Download: Progressive French PDF,https://www.scribd.com/document/944931144/Progressive-Communication-in-French-PDF-Free-Download,international business beginner,2026-09-19 09:49:45
946592523,Administration and Marketing Curriculum 2019,https://www.scribd.com/document/946592523/upn-mesh,international business beginner,2026-09-19 09:49:45
948805094,BCA Student Profile: SEO & QA Skills,https://www.scribd.com/document/948805094/Prashanta-parajuli-cv,international business beginner,2026-09-19 09:49:45
950181595,International CV Writing Guide for Students,https://www.scribd.com/document/950181595/International-CV-Writing-Guide-for-Students,international business beginner,2026-09-19 09:49:45
951239045,International Press Report Writing Guide,https://www.scribd.com/document/951239045/IP-Report-Writing-Guide,international business beginner,2026-09-19 09:49:45
952125881,Accounting and Finance Study Plan 2019,https://www.scribd.com/document/952125881/Curriculum-Grid-for-Accounting-and-Finance-2019-1-1553211173,international business beginner,2026-09-19 09:49:45
952736716,Emil Doll: TESOL Specialist CV,https://www.scribd.com/document/952736716/Emil-Doll-Cv-February-2025,international business beginner,2026-09-19 09:49:45
952754972,Beginner to Advanced Language Curriculum,https://www.scribd.com/document/952754972/Hindustani-Tongue-Course-Curriculum,international business beginner,2026-09-19 09:49:45
953375414,Cameroonian International Relations Expert,https://www.scribd.com/document/953375414/Akam-Maurice-CV-1,international business beginner,2026-09-19 09:49:45
955528552,2020 Study Plan for International Business,https://www.scribd.com/document/955528552/curriculum-network-ug-administration-and-international-business-2020-1-1597080655,international business beginner,2026-09-19 09:49:45
956521698,Business Ethics Trends & Solutions 2024,https://www.scribd.com/document/956521698/Business-Ethics-in-2024-Latest-Trends-And-Challenges,international business beginner,2026-09-19 09:49:45
958818212,Motorbike Rental Impact on Dipolog Tourism,https://www.scribd.com/document/958818212/FS-on-Establishing-a-Motorbike-Rental-Service-for-Local-Tourism,international business beginner,2026-09-19 09:49:45
958843062,Study Plan for International Business Degree,https://www.scribd.com/document/958843062/International-Business-Management-Curriculum,international business beginner,2026-09-19 09:49:45
960718225,Business Analyst & GIS Specialist Profile,https://www.scribd.com/document/960718225/Mohmmad-Qusay-Updated-Resume,international business beginner,2026-09-19 09:49:45
963052156,BBA Student Profile: Skills & Experience,https://www.scribd.com/document/963052156/Professional-Resume-Emon-20250615-001725-0000,international business beginner,2026-09-19 09:49:45
963052159,BBA Student Profile: Skills & Experience,https://www.scribd.com/document/963052159/Professional-Resume-Emon-20251129-114916-0000,international business beginner,2026-09-19 09:49:45
963052169,BBA Student Profile: Skills & Experience,https://www.scribd.com/document/963052169/Professional-Resume-Emon-20251129-113941-0000,international business beginner,2026-09-19 09:49:45
963265809,Whop Money-Making Guide for Beginners,https://www.scribd.com/document/963265809/Whop-Money-Making-Roadmap,international business beginner,2026-09-19 09:49:45
964464160,Rania Arbi: Business & Market Research Intern,https://www.scribd.com/document/964464160/Rania-Arbi-cv,international business beginner,2026-09-19 09:49:45
96849656,Curriculum Vitae of Valentin Balan,https://www.scribd.com/document/96849656/Curriculum-Vitae,international business beginner,2026-09-19 09:49:45
969058698,International Business Graduate Profile,https://www.scribd.com/document/969058698/Ho-Thi-Quynh-Phuong-Cv,international business beginner,2026-09-19 09:49:45
97041942,UT BBA International Exchange Programs,https://www.scribd.com/document/97041942/Tri-Fold-2011a,international business beginner,2026-09-19 09:49:45
971054331,Sports Coaching Programs in Bengaluru,https://www.scribd.com/document/971054331/CSE-Composite-Brochure,international business beginner,2026-09-19 09:49:45
973458652,2024 HackTheon Sejong Regulations,https://www.scribd.com/document/973458652/2024-HackTheon-Sejong-Competition-Regulations,international business beginner,2026-09-19 09:49:45
973487502,MBA in Business Analytics Resume,https://www.scribd.com/document/973487502/Copy-of-Black-and-White-Simple-Infographic-Resume-7,international business beginner,2026-09-19 09:49:45
974264068,Data Analyst Resume of Abhishek Sharma,https://www.scribd.com/document/974264068/Abhishek-Sharma,international business beginner,2026-09-19 09:49:45
980020838,Aditi Thakur: Economics & HR Intern Profile,https://www.scribd.com/document/980020838/Aditi-Thakur-RESUME,international business beginner,2026-09-19 09:49:45
980818435,cv_9_1744849908241,https://www.scribd.com/document/980818435/cv-9-1744849908241,international business beginner,2026-09-19 09:49:45
982093978,MT5 Trading Guide for Beginners,https://www.scribd.com/document/982093978/Beginner-Guide-MT5-Exness,international business beginner,2026-09-19 09:49:45
982964843,Senior Sales Officer Profile - FMCG Expert,https://www.scribd.com/document/982964843/ritwickbanerjee-08Jan-7-2,international business beginner,2026-09-19 09:49:45
984309987,SMART Technique for Project Scope Clarity,https://www.scribd.com/document/984309987/A-Beginner-s-Guide-to-Project-Scope-Using-the-SMART-Technique-for-Clear-Goals,international business beginner,2026-09-19 09:49:45
985902121,Finance Student & Entrepreneur Profile,https://www.scribd.com/document/985902121/Manan-Resume-Final,international business beginner,2026-09-19 09:49:45
986067211,Kaung Sat Lynn CV Resume,https://www.scribd.com/document/986067211/Kaung-Sat-Lynn-CV-Resume,international business beginner,2026-09-19 09:49:45
986123087,Madhur Chandnani: SEO & Web Development Expert,https://www.scribd.com/document/986123087/Interleaved-Cv,international business beginner,2026-09-19 09:49:45
987746421,Noor CV Professional,https://www.scribd.com/document/987746421/Noor-CV-Professional,international business beginner,2026-09-19 09:49:45
988498144,"5 Best Forex Brokers in Egypt 2023, July - Forex Trading in Egypt",https://www.scribd.com/document/988498144/5-Best-Forex-Brokers-in-Egypt-2023-July-Forex-Trading-in-Egypt,international business beginner,2026-09-19 09:49:45
993418137,Shreyashree Das - Shreyashree Das,https://www.scribd.com/document/993418137/Shreyashree-Das-Shreyashree-Das,international business beginner,2026-09-19 09:49:45
1001899482,Scheme 3rd Year AIDS V & VI Sem,https://www.scribd.com/document/1001899482/Scheme-3rd-Year-AIDS-v-VI-Sem,data mining Philippines 2023,2026-09-19 09:52:50
1006817572,Checklist 2024,https://www.scribd.com/document/1006817572/Checklist-2024,data mining Philippines 2023,2026-09-19 09:52:50
1008444590,Total Year Subjectwise 2023 To 2008,https://www.scribd.com/document/1008444590/Total-Year-Subjectwise-2023-to-2008,data mining Philippines 2023,2026-09-19 09:52:50
1009342749,2023 October CST466-B,https://www.scribd.com/document/1009342749/2023-October-CST466-B,data mining Philippines 2023,2026-09-19 09:52:50
1010274501,Mca 3 Sem Data Mining and Business Intelligence 90803 Dec 2023,https://www.scribd.com/document/1010274501/Mca-3-Sem-Data-Mining-and-Business-Intelligence-90803-Dec-2023,data mining Philippines 2023,2026-09-19 09:52:50
1011207730,PR-2024-023 - City of Iloilo Is The Fastest Growing Economy in Western Visayas With 10.5 Percent Growth in 2023,https://www.scribd.com/document/1011207730/PR-2024-023-City-of-Iloilo-is-the-Fastest-Growing-Economy-in-Western-Visayas-With-10-5-Percent-Growth-in-2023,data mining Philippines 2023,2026-09-19 09:52:50
1013265047,Research Locale,https://www.scribd.com/document/1013265047/Research-Locale,data mining Philippines 2023,2026-09-19 09:52:50
1020974641,Biodata Template Philippines,https://www.scribd.com/document/1020974641/Biodata-Template-Philippines,data mining Philippines 2023,2026-09-19 09:52:50
1024638595,"csc 513 2024, 2023, 2020",https://www.scribd.com/document/1024638595/csc-513-2024-2023-2020,data mining Philippines 2023,2026-09-19 09:52:50
1032330440,"Cst466 Data Mining, October 2023",https://www.scribd.com/document/1032330440/Cst466-Data-Mining-October-2023,data mining Philippines 2023,2026-09-19 09:52:50
1032779632,"Cst466 Data Mining, June 2023",https://www.scribd.com/document/1032779632/Cst466-Data-Mining-June-2023,data mining Philippines 2023,2026-09-19 09:52:50
1037368475,CEGP013091: 49.248.216.238 23/06/2023 14:40:46 Static-238,https://www.scribd.com/document/1037368475/DL5,data mining Philippines 2023,2026-09-19 09:52:50
1038576394,Data Werehousing & Data Mining KOE093,https://www.scribd.com/document/1038576394/Data-Werehousing-Data-Mining-KOE093,data mining Philippines 2023,2026-09-19 09:52:50
1039434983,AIT352 June 2023,https://www.scribd.com/document/1039434983/AIT352-June-2023,data mining Philippines 2023,2026-09-19 09:52:50
1039974407,B. Tech 6th Sem Examination Programme,https://www.scribd.com/document/1039974407/B-tech-6th-sem-Examination-Programme,data mining Philippines 2023,2026-09-19 09:52:50
1040182344,Tiger - Wikipedia,https://www.scribd.com/document/1040182344/Tiger-Wikipedia,data mining Philippines 2023,2026-09-19 09:52:50
1040182761,Wellness Leave Form DO s2026 002r,https://www.scribd.com/document/1040182761/Wellness-Leave-Form-DO-s2026-002r,data mining Philippines 2023,2026-09-19 09:52:50
1040657798,Pldt Jan 2024,https://www.scribd.com/document/1040657798/Pldt-Jan-2024,data mining Philippines 2023,2026-09-19 09:52:50
1041657697,SRC Drop Out Rate,https://www.scribd.com/document/1041657697/SRC-Drop-Out-Rate,data mining Philippines 2023,2026-09-19 09:52:50
1043517553,Sme Business Loan Corporate,https://www.scribd.com/document/1043517553/Sme-Business-Loan-Corporate,data mining Philippines 2023,2026-09-19 09:52:50
1044487935,Peta Rencana Penambangan Pit LOM Baru Tahun 2023,https://www.scribd.com/document/1044487935/Peta-Rencana-Penambangan-Pit-LOM-Baru-Tahun-2023,data mining Philippines 2023,2026-09-19 09:52:50
1046314024,Bca Semester Vi Data Mining 2023 Question Paper,https://www.scribd.com/document/1046314024/Bca-Semester-Vi-Data-Mining-2023-Question-Paper,data mining Philippines 2023,2026-09-19 09:52:50
1046729053,Data Warehousing and Data Mining 2023,https://www.scribd.com/document/1046729053/Data-Warehousing-and-Data-Mining-2023,data mining Philippines 2023,2026-09-19 09:52:50
1048470156,AUD First Preboard BATCH 94 - Solutions,https://www.scribd.com/document/1048470156/AUD-First-Preboard-BATCH-94-Solutions,data mining Philippines 2023,2026-09-19 09:52:50
1055411368,INT UG Direct Entry Table PDF,https://www.scribd.com/document/1055411368/INT-UG-Direct-Entry-Table-PDF,data mining Philippines 2023,2026-09-19 09:52:50
1055411641,INT UG Direct Entry Table PDF,https://www.scribd.com/document/1055411641/INT-UG-Direct-Entry-Table-PDF,data mining Philippines 2023,2026-09-19 09:52:50
1059480234,Annex A Bois Form Revised 2023,https://www.scribd.com/document/1059480234/110623-Annex-a-Bois-Form-Revised-2023,data mining Philippines 2023,2026-09-19 09:52:50
1059778758,Be Electronics and Computer Science Semester 6 2023 December Data Warehousing and Mining Rev 2019 C' Scheme,https://www.scribd.com/document/1059778758/Be-Electronics-and-Computer-Science-Semester-6-2023-December-Data-Warehousing-and-Mining-Rev-2019-c-Scheme,data mining Philippines 2023,2026-09-19 09:52:50
1063505832,424U_LU2585197952_Institutional_EN_M_05312026 (1),https://www.scribd.com/document/1063505832/424U-LU2585197952-Institutional-EN-M-05312026-1,data mining Philippines 2023,2026-09-19 09:52:50
1064469289,Bois Blank,https://www.scribd.com/document/1064469289/Bois-Blank,data mining Philippines 2023,2026-09-19 09:52:50
1064971887,Annex a Coconut Scholarship Application Form as of March 2 2023 (1) (2),https://www.scribd.com/document/1064971887/Annex-a-Coconut-Scholarship-Application-Form-as-of-March-2-2023-1-2,data mining Philippines 2023,2026-09-19 09:52:50
1066155798,Ac 3 Quiz 2,https://www.scribd.com/document/1066155798/AC-3-QUIZ-2,data mining Philippines 2023,2026-09-19 09:52:50
1067104144,Shahrukh_Khan Résumé,https://www.scribd.com/document/1067104144/Shahrukh-Khan-Re-sume,data mining Philippines 2023,2026-09-19 09:52:50
1070543334,China Committee Dems Usaid Defense,https://www.scribd.com/document/1070543334/China-Committee-Dems-Usaid-Defense,data mining Philippines 2023,2026-09-19 09:52:50
1075007822,AMLA Amendments Overview 2023 PDF Money Laundering Asset Forfeiture,https://www.scribd.com/document/1075007822/AMLA-Amendments-Overview-2023-PDF-Money-Laundering-Asset-Forfeiture,data mining Philippines 2023,2026-09-19 09:52:50
109276463,FHSIS 1st Quarter MNCHN Report 2023,https://www.scribd.com/document/109276463/Fhsis-Report-2,data mining Philippines 2023,2026-09-19 09:52:50
118620779,Philippine Alcohol Price List 2023,https://www.scribd.com/document/118620779/Prices-and-Taxes-of-locally-manufactured-Distilled-Spirits-2013,data mining Philippines 2023,2026-09-19 09:52:50
123474070,In-Demand College Courses in the Philippines,https://www.scribd.com/document/123474070/cgjhcxvxc,data mining Philippines 2023,2026-09-19 09:52:50
177505596,Impact of Mining on Zamboanga's Ecosystem,https://www.scribd.com/document/177505596/ANNEX-F-attachment-doc,data mining Philippines 2023,2026-09-19 09:52:50
182821765,2003 Goldman Environmental Prize Winners,https://www.scribd.com/document/182821765/ENVIRONMENT-REPORT-doc,data mining Philippines 2023,2026-09-19 09:52:50
244821276,"Daily Economic Report - October 29, 2014",https://www.scribd.com/document/244821276/Daily-Report-20141029,data mining Philippines 2023,2026-09-19 09:52:50
245901726,Philippine Stock Market Overview 2014,https://www.scribd.com/document/245901726/Investment-Guide,data mining Philippines 2023,2026-09-19 09:52:50
256364801,MST Business Daily Stock Review,https://www.scribd.com/document/256364801/Manila-Standard-Today-Business-Daily-Stocks-Review-February-20-2015,data mining Philippines 2023,2026-09-19 09:52:50
259330854,Philippine Stock Market Overview 2015,https://www.scribd.com/document/259330854/InvestmentGuide-Mar162015,data mining Philippines 2023,2026-09-19 09:52:50
263625575,Call for Papers: IJDKP Journal 2023,https://www.scribd.com/document/263625575/ijdkp,data mining Philippines 2023,2026-09-19 09:52:50
269963927,Call for Papers: CAIJ Journal 2023,https://www.scribd.com/document/269963927/CAIJ,data mining Philippines 2023,2026-09-19 09:52:50
28196235,Jadwal Kuliah dan Praktikum 2023,https://www.scribd.com/document/28196235/Jadwal-Kuliah,data mining Philippines 2023,2026-09-19 09:52:50
28196277,Jadwal Kuliah dan Praktikum 2023,https://www.scribd.com/document/28196277/Jadwal-Kuliah,data mining Philippines 2023,2026-09-19 09:52:50
284033818,Occupational Injury Rates in Philippines 2011,https://www.scribd.com/document/284033818/LABSTAT-Tab13-3,data mining Philippines 2023,2026-09-19 09:52:50
318520831,"Global News Highlights: Floods, Extinction, Heat",https://www.scribd.com/document/318520831/u1-l6-1-news-stories,data mining Philippines 2023,2026-09-19 09:52:50
320247808,Average Daily Wages in the Philippines,https://www.scribd.com/document/320247808/Tab18-2,data mining Philippines 2023,2026-09-19 09:52:50
325106424,Juan Dela Cruz Biodata for Job Application,https://www.scribd.com/document/325106424/5-Biodata-Template-1,data mining Philippines 2023,2026-09-19 09:52:50
363283449,UP Diliman Researcher III Job Opening,https://www.scribd.com/document/363283449/oct2017-309,data mining Philippines 2023,2026-09-19 09:52:50
367315619,2023 Masterlist of 4Ps Beneficiaries,https://www.scribd.com/document/367315619/Masterlist-of-the-Beneficiaries-Caraniogan-1,data mining Philippines 2023,2026-09-19 09:52:50
396484168,BUMA Career Application Insights 2023,https://www.scribd.com/document/396484168/English,data mining Philippines 2023,2026-09-19 09:52:50
405595039,Land Use and Classification Data Summary,https://www.scribd.com/document/405595039/Land-Use,data mining Philippines 2023,2026-09-19 09:52:50
410234572,Caraga Region Economic Overview 2023,https://www.scribd.com/document/410234572/caraga,data mining Philippines 2023,2026-09-19 09:52:50
421465472,2023 Philippine Fertilizer Price Update,https://www.scribd.com/document/421465472/stat,data mining Philippines 2023,2026-09-19 09:52:50
425207828,SHS Teacher Hiring Guidelines 2023,https://www.scribd.com/document/425207828/Apple,data mining Philippines 2023,2026-09-19 09:52:50
429059894,LAC Session 2023 Monitoring Tool,https://www.scribd.com/document/429059894/Lac-Monitoring-Tool-2019-2020,data mining Philippines 2023,2026-09-19 09:52:50
432263348,Top Cobalt Stocks and Market Trends,https://www.scribd.com/document/432263348/Trading-Cobalt-Stocks-docx,data mining Philippines 2023,2026-09-19 09:52:50
436183249,Philippine Market Weekly Review,https://www.scribd.com/document/436183249/WW-11-18-2019,data mining Philippines 2023,2026-09-19 09:52:50
438175936,PICPA Ethics Course Overview 2025,https://www.scribd.com/document/438175936/74th-PICPA-ANC-Technical-Sessions,data mining Philippines 2023,2026-09-19 09:52:50
481221547,Philippines Mineral Production 2005 Report,https://www.scribd.com/document/481221547/USGS-Mineral-Yearbook-2005,data mining Philippines 2023,2026-09-19 09:52:50
481222260,Metals Production in the Philippines 2004,https://www.scribd.com/document/481222260/USGS-Mineral-Yearbook-2004,data mining Philippines 2023,2026-09-19 09:52:50
483171377,Benguet Corporation-Acupan Contract Mining Project Quickfacts,https://www.scribd.com/document/483171377/benguet-mines-data,data mining Philippines 2023,2026-09-19 09:52:50
489429131,CV Teguh Rultia Pramana 2023,https://www.scribd.com/document/489429131/CURRICULUM-VITAE,data mining Philippines 2023,2026-09-19 09:52:50
490999498,Barangay Officials Information Sheet 2023,https://www.scribd.com/document/490999498/Annex-A-BOIS-FORM-revised-2020-with-consent,data mining Philippines 2023,2026-09-19 09:52:50
514289133,Effective Literacy Instruction Training,https://www.scribd.com/document/514289133/LABO-EAST-GROUP15-ALVIN-JERICO-Module-3-3-output-Developing-SMART-Goals,data mining Philippines 2023,2026-09-19 09:52:50
523422235,Indonesia Mining Tech Symposium 2023,https://www.scribd.com/document/523422235/AGENDA-Indonesian-Mining-Technology-Symposium,data mining Philippines 2023,2026-09-19 09:52:50
526817461,Occupational Health in the Philippines,https://www.scribd.com/document/526817461/2161-0711-S1-010-005,data mining Philippines 2023,2026-09-19 09:52:50
539911097,Data Mining Overview and Education Insights,https://www.scribd.com/document/539911097/Assignment-1-2,data mining Philippines 2023,2026-09-19 09:52:50
543178777,Absensi dan Data BBM HBMM Sept 2023,https://www.scribd.com/document/543178777/DATA-PENGELUARAN-BBM-SHIFT-B,data mining Philippines 2023,2026-09-19 09:52:50
55579325,Programme de la Conférence 2023,https://www.scribd.com/document/55579325/Conference-Program,data mining Philippines 2023,2026-09-19 09:52:50
56027628,IRA Shares Release for LGUs 2023,https://www.scribd.com/document/56027628/36239682-LBC-62,data mining Philippines 2023,2026-09-19 09:52:50
577456549,Bitcoin Mining Profit Analysis 2023,https://www.scribd.com/document/577456549/1-Bitcoin-Mining-Calculator-ACCURATE-2021-Updated,data mining Philippines 2023,2026-09-19 09:52:50
58456270,Document Analysis and Data Structure,https://www.scribd.com/document/58456270/Impact-of-Clay-Mining,data mining Philippines 2023,2026-09-19 09:52:50
588141793,BSEM Pre-Registration Form 2022-2023,https://www.scribd.com/document/588141793/BS-MINING-ENGINEERING-BSEM-LUMANTA-2022-01549-PRF,data mining Philippines 2023,2026-09-19 09:52:50
588797372,Boracay Tourist Arrival Form 2023,https://www.scribd.com/document/588797372/Tourist-Arrival-Form,data mining Philippines 2023,2026-09-19 09:52:50
588803261,LIS Action Plan for SY 2022-2023,https://www.scribd.com/document/588803261/Action-Plan-in-Lis-Jhs-Shs-2022-2023,data mining Philippines 2023,2026-09-19 09:52:50
591876042,Enrollment Quick Count SY 2022-2023,https://www.scribd.com/document/591876042/Enrolment-Quick-Count,data mining Philippines 2023,2026-09-19 09:52:50
596965090,Land Management Milestones 2013-2040,https://www.scribd.com/document/596965090/LSDF-Timeline-8-22,data mining Philippines 2023,2026-09-19 09:52:50
602542414,Special Civil Actions Overview 2022-2023,https://www.scribd.com/document/602542414/Special-Civil-Actions-and-Special-Proceedings-Midterm-Exam,data mining Philippines 2023,2026-09-19 09:52:50
602757414,Grade 12 Practical Research 2 Guide,https://www.scribd.com/document/602757414/Bow-Pr2-1stsemdocx,data mining Philippines 2023,2026-09-19 09:52:50
604058210,FAO 2023 Rice Production Insights,https://www.scribd.com/document/604058210/LOS-Rise-Supply,data mining Philippines 2023,2026-09-19 09:52:50
607380603,EGRA & PHIL-IRI Monitoring Tool,https://www.scribd.com/document/607380603/Monitoring-Tool-EGRA-PHIL-IRI-for-SY-2022-2023,data mining Philippines 2023,2026-09-19 09:52:50
607495376,EBEIS Enrollment Summary 2022-2023,https://www.scribd.com/document/607495376/EBEIS-BULETIN-BOARD,data mining Philippines 2023,2026-09-19 09:52:50
612372488,Accredited Professional Organizations in the Philippines,https://www.scribd.com/document/612372488/List-of-APO-AIPO-with-valid-accreditation-as-of-July-15-2022,data mining Philippines 2023,2026-09-19 09:52:50
613248750,Globe vs PLDT: Telecom Overview 2023,https://www.scribd.com/document/613248750/GLOBE-VS-PLDT,data mining Philippines 2023,2026-09-19 09:52:50
619106678,PSM in Data Science at TIP Philippines,https://www.scribd.com/document/619106678/Professional-Science-Masters-Degree-in-Data-Science,data mining Philippines 2023,2026-09-19 09:52:50
621599656,Research Capsule Proposal Template,https://www.scribd.com/document/621599656/capsule,data mining Philippines 2023,2026-09-19 09:52:50
624536594,2023 Respiratory Therapist Exam Results,https://www.scribd.com/document/624536594/February-2023-Respiratory-Therapists-Licensure-Examination-Performance-of-Schools,data mining Philippines 2023,2026-09-19 09:52:50
626979063,VAC Victims Summary - February 2023,https://www.scribd.com/document/626979063/VAC-Form-2-CityMunicipal-Consolidated-Form,data mining Philippines 2023,2026-09-19 09:52:50
628161879,Herramientas para Procesar Datos Cuantitativos,https://www.scribd.com/document/628161879/TAREA-17-02-2023,data mining Philippines 2023,2026-09-19 09:52:50
628226887,Entrep Summative Ready q1 With Answers,https://www.scribd.com/document/628226887/entrep-summative-ready-q1-with-answers,data mining Philippines 2023,2026-09-19 09:52:50
629823892,Omnibus Sworn Certification for Teachers,https://www.scribd.com/document/629823892/2-Omnibus-or-sworn-statement,data mining Philippines 2023,2026-09-19 09:52:50
630783459,Philippines Population Overview 2023,https://www.scribd.com/document/630783459/The-graphic-organizer-shows-the-data-on-the-population-of-the-Philippines-every-year-the-data-changes-and-can-also-affect-the-economy-of-our-country-t,data mining Philippines 2023,2026-09-19 09:52:50
631063004,Southern Leyte Employee Rice Assistance List,https://www.scribd.com/document/631063004/Masterlist-of-Beneficiaries,data mining Philippines 2023,2026-09-19 09:52:50
631439866,SSS Downloadable Forms Overview,https://www.scribd.com/document/631439866/SSS-DOWNLOADABLE-FORM-pdf,data mining Philippines 2023,2026-09-19 09:52:50
632173665,March 2023 Population Masterlist,https://www.scribd.com/document/632173665/MASTERLIST-OF-POPULATION,data mining Philippines 2023,2026-09-19 09:52:50
633203973,Coal Production Report - February 2023,https://www.scribd.com/document/633203973/Daily-Report-280223-pdf,data mining Philippines 2023,2026-09-19 09:52:50
633598878,Frequency Distribution Study Activity,https://www.scribd.com/document/633598878/MMW-Final-Term-Performance-Innovative-Task,data mining Philippines 2023,2026-09-19 09:52:50
633612417,2023 National Earthquake Drill Report,https://www.scribd.com/document/633612417/Annex-B-2QNSED-School-Reporting-2023-1Q-pdf,data mining Philippines 2023,2026-09-19 09:52:50
633759284,MTB Enrollment Data for S.Y. 2022-2023,https://www.scribd.com/document/633759284/Sillon-Ismtbmpsnon-Readers-2022-2023-q1,data mining Philippines 2023,2026-09-19 09:52:50
634544222,2023 RMYA Monitoring Tool Template,https://www.scribd.com/document/634544222/monitoring-tool-mya,data mining Philippines 2023,2026-09-19 09:52:50
635201492,CS467 Machine Learning Exam January 2023,https://www.scribd.com/document/635201492/CS467-MACHINE-LEARNING-JANUARY-2023,data mining Philippines 2023,2026-09-19 09:52:50
638446995,Advance GIS Training for Local Governments,https://www.scribd.com/document/638446995/Advance-GIS-Training-Workshop,data mining Philippines 2023,2026-09-19 09:52:50
638626697,English 1,https://www.scribd.com/document/638626697/english-1,data mining Philippines 2023,2026-09-19 09:52:50
639185845,Adobe Scan 24-Jan-2023,https://www.scribd.com/document/639185845/Adobe-Scan-24-Jan-2023-4,data mining Philippines 2023,2026-09-19 09:52:50
639544702,English PHIL-IRI Pre-Test Report 2022-2023,https://www.scribd.com/document/639544702/POLOMOLOK-4-PHIL-IRI-ENGLISH-CONSOLIDATED-2022-2023-1,data mining Philippines 2023,2026-09-19 09:52:50
640189758,Quarter Exam Results for Grades 11-12,https://www.scribd.com/document/640189758/SHS-MPS-Report-MOCK-test,data mining Philippines 2023,2026-09-19 09:52:50
640590884,Omnibus Certification for Teacher I Application,https://www.scribd.com/document/640590884/Omnibus-Certification-of-Authenticity-and-Veracity-of-Documents-JENNIFER,data mining Philippines 2023,2026-09-19 09:52:50
640910851,Nitrocord Detonating Cord Overview,https://www.scribd.com/document/640910851/Brexco-Nitrocord-TDS-2023,data mining Philippines 2023,2026-09-19 09:52:50
640911708,Poladyn 31 Eco Nitroester Explosive Data,https://www.scribd.com/document/640911708/Brexco-Poladyn-TDS-2023,data mining Philippines 2023,2026-09-19 09:52:50
641317708,DLC 1 Schools Opening Report 2022-2023,https://www.scribd.com/document/641317708/Consolidated-DLC-1-School-Opening-Preparedness-Report,data mining Philippines 2023,2026-09-19 09:52:50
643872406,Graduate School Enrolment Forecasting,https://www.scribd.com/document/643872406/Forecast,data mining Philippines 2023,2026-09-19 09:52:50
643941955,Canarem Elementary School MPS Report,https://www.scribd.com/document/643941955/MPS-IN-AP-2022-2023,data mining Philippines 2023,2026-09-19 09:52:50
643943855,Bulacan Population Projections 2024-2027,https://www.scribd.com/document/643943855/SIMPLIFIED-POPULATION-AND-HOUSEHOLD-POPULATION-in-Bulacan,data mining Philippines 2023,2026-09-19 09:52:50
644249340,DepEd Order 2023: Enrollment Policy Update,https://www.scribd.com/document/644249340/DO-s2023-010-Early-Registration-pdf,data mining Philippines 2023,2026-09-19 09:52:50
644700584,LDRRM Fund Utilization Report 2023,https://www.scribd.com/document/644700584/Local-Disaster-Risk-Reduction-and-Management-Fund-Utilization,data mining Philippines 2023,2026-09-19 09:52:50
647014183,Math 6 Unified Pre-Assessment Test,https://www.scribd.com/document/647014183/TOS-G6,data mining Philippines 2023,2026-09-19 09:52:50
647115570,Soal UAS Data Mining 2022/2023,https://www.scribd.com/document/647115570/Soal-UAS-Data-Mining-Tin-7-Sabtu-Erni-K,data mining Philippines 2023,2026-09-19 09:52:50
647305229,Girl Scout Camp Application & Health Forms,https://www.scribd.com/document/647305229/Application-Parents-Consent-Health-Examination-Forms-Camp,data mining Philippines 2023,2026-09-19 09:52:50
647751368,Engineer IV Job Opening in Dumaguete,https://www.scribd.com/document/647751368/CGO-DUMAGUETE-NEGROS-ORIENTAL-Engineer-IV,data mining Philippines 2023,2026-09-19 09:52:50
647930942,Vessel Search and Navigation Data,https://www.scribd.com/document/647930942/searches-export-search-results-2023-05-19-06-01,data mining Philippines 2023,2026-09-19 09:52:50
653624374,2023 INT-UG Guide - 082022 - Direct-Entry-Table,https://www.scribd.com/document/653624374/2023-INT-UG-Guide-082022-Direct-Entry-Table,data mining Philippines 2023,2026-09-19 09:52:50
655362481,QCU Admission Application Form 2023-2024,https://www.scribd.com/document/655362481/A01-2022-2ND-SEM-QCU-STUDENT-APPLICATION-FORM-FOR-ADMISSION-Version-17-March-22-2023,data mining Philippines 2023,2026-09-19 09:52:50
655466912,Age Distribution of KPOP Fans in Ilocos,https://www.scribd.com/document/655466912/MATH-MINI-RESEARCH-VAL,data mining Philippines 2023,2026-09-19 09:52:50
655645574,ISUFST Hiring: Info Systems Analyst II,https://www.scribd.com/document/655645574/ILOILO-STATE-COLLEGE-OF-FISHERIES-Information-Systems-Analyst-II,data mining Philippines 2023,2026-09-19 09:52:50
656592698,Grade 7 Euclid Academic Summary,https://www.scribd.com/document/656592698/G7-Euclid-Summary-of-Final-Rating-in-English-Math-and-Science-Copy,data mining Philippines 2023,2026-09-19 09:52:50
656740347,Security Resolution for Barobo Mining Dispute,https://www.scribd.com/document/656740347/Resolution-No-07-s-2023-Inform-Gov-of-reported-mining,data mining Philippines 2023,2026-09-19 09:52:50
657236068,Faculty Development Program on AI & ML,https://www.scribd.com/document/657236068/4-Day-Fdp-Applications-of-Ai-Ml-Data-Science-in-Biological-Research,data mining Philippines 2023,2026-09-19 09:52:50
658834408,Project Experience of PT. Eser Morgan,https://www.scribd.com/document/658834408/LIST-OF-PROJECT-EXPERIENCE-ESER-MORGAN-INDONESIA,data mining Philippines 2023,2026-09-19 09:52:50
659586513,DepEd Updates Pledge Language for Inclusivity,https://www.scribd.com/document/659586513/copyedit1,data mining Philippines 2023,2026-09-19 09:52:50
659919587,Pembukaan Seminar Proposal Skripsi S-1 TI,https://www.scribd.com/document/659919587/37,data mining Philippines 2023,2026-09-19 09:52:50
660570568,Examen Avanzado de Data Mining 2022,https://www.scribd.com/document/660570568/Examen-Dataming-Avanzado-2023-1,data mining Philippines 2023,2026-09-19 09:52:50
660811313,Administrative Officer V Position Details,https://www.scribd.com/document/660811313/WEST-VISAYAS-STATE-UNIVERSITY-Administrative-Officer-V-Budget-Officer-III,data mining Philippines 2023,2026-09-19 09:52:50
660845148,PGP-DSBA Program Delivery Schedule,https://www.scribd.com/document/660845148/Updated-delivery-schedule-PGPDSBA-O-APR23-A-2,data mining Philippines 2023,2026-09-19 09:52:50
660988705,PDEA P-License Application Guide,https://www.scribd.com/document/660988705/FM-CSVlrd-03-P-License-Rev-3-May-1-2023-09May2023,data mining Philippines 2023,2026-09-19 09:52:50
661776980,Morowali Utara Map: PSI Batch 2,https://www.scribd.com/document/661776980/PETA-BATCH-2-RANDY-3,data mining Philippines 2023,2026-09-19 09:52:50
661847638,2022-2023 JAVA IEEE Projects List,https://www.scribd.com/document/661847638/Java-IEEE-Final-Year-Project-Titles-2022-2023,data mining Philippines 2023,2026-09-19 09:52:50
662162785,Nurse I Hiring in Negros Occidental,https://www.scribd.com/document/662162785/PGO-NEGROS-OCCIDENTAL-Nurse-I,data mining Philippines 2023,2026-09-19 09:52:50
662412857,Documentary Requirements for DepEd Positions,https://www.scribd.com/document/662412857/2023-Checklist-for-Newly-Hired-Teaching-Non-Teaching-Positions,data mining Philippines 2023,2026-09-19 09:52:50
666743798,AFP Medical Center: Physical Therapist I Job,https://www.scribd.com/document/666743798/Afp-Medical-Center-physical-Therapist-i,data mining Philippines 2023,2026-09-19 09:52:50
667324958,Computer 10 Module 3,https://www.scribd.com/document/667324958/Computer-10-Module-3,data mining Philippines 2023,2026-09-19 09:52:50
667445209,Cast Iron Repair via Metal Stitching,https://www.scribd.com/document/667445209/Cast-Iron-Repair-Goltens-6,data mining Philippines 2023,2026-09-19 09:52:50
668263888,Health Emergency Allowance Declaration,https://www.scribd.com/document/668263888/4-APRIL-BMC-docx,data mining Philippines 2023,2026-09-19 09:52:50
668287935,Jundi Muhammad: UAV & GIS Analyst Profile,https://www.scribd.com/document/668287935/CV-Surveyor-Jundi-Muhammad-Bariq,data mining Philippines 2023,2026-09-19 09:52:50
668351348,2-Sanur Yuzde Degisme,https://www.scribd.com/document/668351348/2-Sanur-yuzde-degisme,data mining Philippines 2023,2026-09-19 09:52:50
668455584,North Fairview High School Enrollment Data,https://www.scribd.com/document/668455584/HYACINTH-2023-2024,data mining Philippines 2023,2026-09-19 09:52:50
668607451,Í A#R4È Faller Paulâchristian B Çh8$07 Î Mr. Paul Christian Brillon Faller,https://www.scribd.com/document/668607451/Document,data mining Philippines 2023,2026-09-19 09:52:50
669029740,Calatrava Senior High Nutritional Status Report,https://www.scribd.com/document/669029740/NUTRITIONAL-STATUS-template,data mining Philippines 2023,2026-09-19 09:52:50
669208211,Advisory on Tropical Storm Khanun 2023,https://www.scribd.com/document/669208211/ADVANCE-COPY-20230728-DILG-ADVISORY-on-TS-KHANUN-FALCON,data mining Philippines 2023,2026-09-19 09:52:50
669208555,Voucher Management Data S.Y. 2022-2023,https://www.scribd.com/document/669208555/Passcode-Masterlist,data mining Philippines 2023,2026-09-19 09:52:50
669236157,VSB Internal Shifting Application Form,https://www.scribd.com/document/669236157/2023-VSB-Internal-Shifting-Application-Form,data mining Philippines 2023,2026-09-19 09:52:50
669611609,Screenshot 2023-01-31 at 10.58.02 AM,https://www.scribd.com/document/669611609/Screenshot-2023-01-31-at-10-58-02-AM,data mining Philippines 2023,2026-09-19 09:52:50
669904100,VAW and VAC Monitoring Report - Sept 2023,https://www.scribd.com/document/669904100/VAW-VAC-DATA-CAPTURED-FORM-2023,data mining Philippines 2023,2026-09-19 09:52:50
670119802,Early Registration Agreement 2023,https://www.scribd.com/document/670119802/Early-Registration-Memo-of-Agreement,data mining Philippines 2023,2026-09-19 09:52:50
670468685,2023 BSKEMember Sangguniang Barangay,https://www.scribd.com/document/670468685/2023BSKEMemberSangguniangBarangay-1,data mining Philippines 2023,2026-09-19 09:52:50
670543317,Consent for Data Processing in CIR Project,https://www.scribd.com/document/670543317/PHL-CNX-Employee-Consent-2023-04-05,data mining Philippines 2023,2026-09-19 09:52:50
670645223,Adolescent Reproductive Health Report 2023,https://www.scribd.com/document/670645223/ARH,data mining Philippines 2023,2026-09-19 09:52:50
670695060,DATA ON ENROLMENT For 8 Years,https://www.scribd.com/document/670695060/DATA-ON-ENROLMENT-for-8-years,data mining Philippines 2023,2026-09-19 09:52:50
670705266,Add Info,https://www.scribd.com/document/670705266/Add-Info,data mining Philippines 2023,2026-09-19 09:52:50
670725906,Attorney III Position in Tanauan City,https://www.scribd.com/document/670725906/CGO-TANAUAN-CITY-LGU-Attorney-III,data mining Philippines 2023,2026-09-19 09:52:50
670774110,Impact of Inflation on Philippine Stocks,https://www.scribd.com/document/670774110/Local-Articles,data mining Philippines 2023,2026-09-19 09:52:50
671255199,August 2023 - Godod MPS Template Immediate Release of PUPCs and RECAP,https://www.scribd.com/document/671255199/August-2023-Godod-MPS-Template-Immediate-Release-of-PUPCs-and-RECAP,data mining Philippines 2023,2026-09-19 09:52:50
671415519,PESO Employment Data by Gender,https://www.scribd.com/document/671415519/Total-Number-of-Applicants-Registered-By-Gender-Per-Barangay,data mining Philippines 2023,2026-09-19 09:52:50
671799100,Teacher II Position in Dinagat Islands,https://www.scribd.com/document/671799100/Department-of-Education-teacher-II-Srhs-Technical-Vocational-Livelhood-Tvl-Track,data mining Philippines 2023,2026-09-19 09:52:50
671996286,Quality Assurance Officer Position in NFA,https://www.scribd.com/document/671996286/NATIONAL-FOOD-AUTHORITY-Branch-Standards-Quality-Assurance-Officer,data mining Philippines 2023,2026-09-19 09:52:50
672144893,ICSLE2023 Conference Day 1 Overview,https://www.scribd.com/document/672144893/ICSLE2023-program-preliminary2,data mining Philippines 2023,2026-09-19 09:52:50
672174135,ELLN Report,https://www.scribd.com/document/672174135/ELLN-Report,data mining Philippines 2023,2026-09-19 09:52:50
672383617,Caepup 2023 0068 8488,https://www.scribd.com/document/672383617/CAEPUP-2023-0068-8488,data mining Philippines 2023,2026-09-19 09:52:50
672719465,Depreciation and Depletion Calculations,https://www.scribd.com/document/672719465/Depreciation-and-Depletion,data mining Philippines 2023,2026-09-19 09:52:50
672925435,Leading Circulatory Diseases in Calabarzon,https://www.scribd.com/document/672925435/TOP-10-MORBIDITY-CASES-of-CIRCULATORY-DISEASES-in-CALBARZON-2015-2022-signed,data mining Philippines 2023,2026-09-19 09:52:50
673549367,Beeshoek Advertisement-BH 0505-1-3 X Attendant in Pit Dewatering - Sep 2023,https://www.scribd.com/document/673549367/Beeshoek-Advertisement-BH-0505-1-3-X-Attendant-in-Pit-Dewatering-Sep-2023,data mining Philippines 2023,2026-09-19 09:52:50
673924587,Knowledge Transfer Service Agreement,https://www.scribd.com/document/673924587/SA-2023-00141-Agtarap-NL-WCE,data mining Philippines 2023,2026-09-19 09:52:50
674589023,Teacher Monitoring Checklist - June 2023,https://www.scribd.com/document/674589023/Monitoring-Checklist,data mining Philippines 2023,2026-09-19 09:52:50
674750320,2023 GAD Plans & 2022 Report Submission,https://www.scribd.com/document/674750320/Div-Memo-019-2023-1,data mining Philippines 2023,2026-09-19 09:52:50
675207410,ProMEDS Activity Completion Report,https://www.scribd.com/document/675207410/ACR-PROMEDS-Q3-4th-Grading-2023,data mining Philippines 2023,2026-09-19 09:52:50
675254663,School Monitoring Template Philippines,https://www.scribd.com/document/675254663/MONITORING-TEMPLATE-CID-2023,data mining Philippines 2023,2026-09-19 09:52:50
675331381,Etapas do Processo KDD em Data Mining,https://www.scribd.com/document/675331381/EPS-05,data mining Philippines 2023,2026-09-19 09:52:50
676331673,August 2023 Supervisory Plan for NLC,https://www.scribd.com/document/676331673/SUPERVISORY-MONITORING-PLAN-OF-MRS-E-DAILEG-FOR-AUGUST-2023-Copy-2,data mining Philippines 2023,2026-09-19 09:52:50
677312869,Metaverse Technologies and Algorithms Overview,https://www.scribd.com/document/677312869/linguistic-and-philosophical-investigations-2023-22-table-of-content,data mining Philippines 2023,2026-09-19 09:52:50
678158328,ECVC - Disclosure Letter To PSE - ASM and OBM 2023,https://www.scribd.com/document/678158328/ECVC-Disclosure-Letter-to-PSE-ASM-and-OBM-2023,data mining Philippines 2023,2026-09-19 09:52:50
678165307,Grade 5 Filipino Reading Assessment Report,https://www.scribd.com/document/678165307/GRADE-5-BANCAL-PUGAD-IS-READING-PROFILE-FILIPINO,data mining Philippines 2023,2026-09-19 09:52:50
678593331,Bahan Meeting Daily 11 Juni 2023,https://www.scribd.com/document/678593331/BAHAN-MEETING-DAILY-11-JUNI-2023,data mining Philippines 2023,2026-09-19 09:52:50
678593334,Mining Operations Performance Report,https://www.scribd.com/document/678593334/BAHAN-MEETING-DAILY-09-JUNI-2023,data mining Philippines 2023,2026-09-19 09:52:50
678874335,October 2023 Chemical Engineering Exam Results,https://www.scribd.com/document/678874335/OCTOBER-2023-CHEMICAL-ENGINEERS-LICENSURE-EXAMINATION,data mining Philippines 2023,2026-09-19 09:52:50
678881767,Learner Health & Nutrition Report SF8,https://www.scribd.com/document/678881767/Grade-8-Bell-BMI,data mining Philippines 2023,2026-09-19 09:52:50
679049561,2023 Fuel Consumption Report,https://www.scribd.com/document/679049561/Fuel-Report-2023,data mining Philippines 2023,2026-09-19 09:52:50
679540524,PGD BIA Semester One Timetable 2023/24,https://www.scribd.com/document/679540524/PGD-BIA-Teaching-timetable-202324,data mining Philippines 2023,2026-09-19 09:52:50
680199263,BIA B452F Assignment 1 Rubrics Guide,https://www.scribd.com/document/680199263/BIA-B452F-2023-Spring-Assignment-1-Rubrics-OLE,data mining Philippines 2023,2026-09-19 09:52:50
680469304,2023 Barangay SK Candidates List,https://www.scribd.com/document/680469304/Candidate-List-Sangguniang-Kabataan-BUSDAK,data mining Philippines 2023,2026-09-19 09:52:50
680469307,Busdak Barangay Election Candidates 2023,https://www.scribd.com/document/680469307/Candidate-List-Barangay-BUSDAK,data mining Philippines 2023,2026-09-19 09:52:50
682310833,Geological Remote Sensing Course,https://www.scribd.com/document/682310833/1695890642617,data mining Philippines 2023,2026-09-19 09:52:50
682716489,Goldcop Mineral Waste Trading Profile,https://www.scribd.com/document/682716489/GENERAL-COMPANY-PROFILE,data mining Philippines 2023,2026-09-19 09:52:50
682981453,2023 Barangay Elections Precincts Data,https://www.scribd.com/document/682981453/18-updated-FINAL-POP-MERGE-BSKE103023-Copy,data mining Philippines 2023,2026-09-19 09:52:50
683190897,Revised BOIS Form 2023 for Barangay Officials,https://www.scribd.com/document/683190897/BOIS-A4,data mining Philippines 2023,2026-09-19 09:52:50
683223662,HIV Data and Trends in the Philippines,https://www.scribd.com/document/683223662/Philippines-HIV-Data-Book-2023,data mining Philippines 2023,2026-09-19 09:52:50
683283676,Learner Health & Nutrition Report SF8,https://www.scribd.com/document/683283676/form-8-Nutritional-Status,data mining Philippines 2023,2026-09-19 09:52:50
683536261,Pension Loan Application Disclosure 2023,https://www.scribd.com/document/683536261/Lpo-0372600112102720231698376092245,data mining Philippines 2023,2026-09-19 09:52:50
683541794,Research Methodology at Mabinay High School,https://www.scribd.com/document/683541794/PR1-Chapter-3-1,data mining Philippines 2023,2026-09-19 09:52:50
683701840,B.Tech ERP Question Paper - Sem 5,https://www.scribd.com/document/683701840/ERP-2023-PTU-QP,data mining Philippines 2023,2026-09-19 09:52:50
683757258,PUP Certificate of Registration 2022-2023,https://www.scribd.com/document/683757258/4th-Year-Certificate-of-Registration,data mining Philippines 2023,2026-09-19 09:52:50
684153933,Analisis Pola Pembelian Aksesoris Motor,https://www.scribd.com/document/684153933/Bukti-Tanda-Terima-Skripsi,data mining Philippines 2023,2026-09-19 09:52:50
685708871,2023 Barangay Election Candidates List,https://www.scribd.com/document/685708871/CABALAOANGAN-5537-Candidate-List-Barangay-20230920-082122-2,data mining Philippines 2023,2026-09-19 09:52:50
686893165,Admin Officer I Application Details,https://www.scribd.com/document/686893165/EASTERN-SAMAR-STATE-UNIVERSITY-Administrative-Officer-I-Cashier-I,data mining Philippines 2023,2026-09-19 09:52:50
688283375,Top Electrical Engineering Schools 2023,https://www.scribd.com/document/688283375/Activity-3-Organization-and-Presentation-of-Data,data mining Philippines 2023,2026-09-19 09:52:50
688573241,AI & ML Engineer Profile: Ujjwal Madawat,https://www.scribd.com/document/688573241/Ujjwal-Madawat-Resume-15-06-2023-20-24-50,data mining Philippines 2023,2026-09-19 09:52:50
688782494,Impairment and Disposal in Accounting,https://www.scribd.com/document/688782494/7169-Noncurrent-Asset-Held-For-Sale-and-Discountinued-Operation,data mining Philippines 2023,2026-09-19 09:52:50
689130060,Job Opening: Admin Assistant I (Bookbinder III),https://www.scribd.com/document/689130060/CGO-DASMARINAS-CAVITE-Administrative-Assistant-I-Bookbinder-III,data mining Philippines 2023,2026-09-19 09:52:50
689385568,Libis Quezon City Election Candidates List,https://www.scribd.com/document/689385568/LIST-OF-CANDIDATES-LIBIS,data mining Philippines 2023,2026-09-19 09:52:50
689432581,Grade 10 Class Schedule 2023-2024,https://www.scribd.com/document/689432581/GRADE-10-NEWTON-LIST,data mining Philippines 2023,2026-09-19 09:52:50
690048499,Control 1: Minería de Datos 2023,https://www.scribd.com/document/690048499/Semana-02-Sumativa-1-Control-1-202315-1942-MINERI-A-DE-DATOS-1,data mining Philippines 2023,2026-09-19 09:52:50
690400976,Francisca Montes-Susano at 123 Years,https://www.scribd.com/document/690400976/EXPLORING-DATA,data mining Philippines 2023,2026-09-19 09:52:50
690419447,General Trias Tourism Plan Preparation,https://www.scribd.com/document/690419447/Gantt-Chart-for-Preparation-of-Local-Tourism-Plan,data mining Philippines 2023,2026-09-19 09:52:50
691114677,Partiel Data Mining 2022-2023 Sorbonne,https://www.scribd.com/document/691114677/DM2223-partiel,data mining Philippines 2023,2026-09-19 09:52:50
691306588,Deep Learning Quiz for JNTUK Students,https://www.scribd.com/document/691306588/MCQs-DL-Mid-I-R20-2023-With-Answers,data mining Philippines 2023,2026-09-19 09:52:50
691419570,5S Strategy for Dengue Prevention,https://www.scribd.com/document/691419570/ADVISORY-Guidance-in-Anticipation-of-Possible-Increase-in-Dengue-Cases-During-the-Rainy-Season-Amidst-COVID-19,data mining Philippines 2023,2026-09-19 09:52:50
691814408,Pangasinan School Quarterly Assessment Tool,https://www.scribd.com/document/691814408/First-QA-Monitoring-Tool-2023-2,data mining Philippines 2023,2026-09-19 09:52:50
692039381,Certificate of Recognition for Coach,https://www.scribd.com/document/692039381/school-certi-coach-template,data mining Philippines 2023,2026-09-19 09:52:50
692665278,Homicide Crime Scene Search Report,https://www.scribd.com/document/692665278/ACTIVITY-EDS7,data mining Philippines 2023,2026-09-19 09:52:50
693007221,Cagayan de Oro Temperature Trends 2015-2023,https://www.scribd.com/document/693007221/Cagayan-de-Oro-Monthly-temperatures-2015,data mining Philippines 2023,2026-09-19 09:52:50
693428258,Accountant III Job Opening at Duty Free Philippines,https://www.scribd.com/document/693428258/DUTY-FREE-PHILIPPINES-CORPORATION-Accountant-III,data mining Philippines 2023,2026-09-19 09:52:50
695009429,Fall 2023 Exam Hall Ticket Details,https://www.scribd.com/document/695009429/mpdf-2,data mining Philippines 2023,2026-09-19 09:52:50
695318743,Soal Quis Data Mining Universitas St. Thomas,https://www.scribd.com/document/695318743/2023-VI-QUIS-I-DATA-MINING-Sardo-P-Sipayung-M-Kom,data mining Philippines 2023,2026-09-19 09:52:50
695431998,Kindergarten Data Report 2021,https://www.scribd.com/document/695431998/Report-on-Kindergarten-Completers-Sy-2021-2022,data mining Philippines 2023,2026-09-19 09:52:50
695487615,BSCS Curriculum Overview 2018-2024,https://www.scribd.com/document/695487615/Bscs-New-Curriculum,data mining Philippines 2023,2026-09-19 09:52:50
695838176,Lithium's Impact and Art Installation,https://www.scribd.com/document/695838176/2023-11-01-10-bsw-lithium-flyer,data mining Philippines 2023,2026-09-19 09:52:50
696328991,Benzene Price Trends and Analysis,https://www.scribd.com/document/696328991/Benzene-Prices-Trends-Forecasts-Provided-by-Procurement-Resource,data mining Philippines 2023,2026-09-19 09:52:50
697171765,Kartu Rencana Studi Teknik Informatika,https://www.scribd.com/document/697171765/pemberian-hak-asasi-manusia,data mining Philippines 2023,2026-09-19 09:52:50
697866779,"CBDRP Monthly Report - Hamtic, Antique",https://www.scribd.com/document/697866779/CBDRP-REPORTING-FORM-1-2,data mining Philippines 2023,2026-09-19 09:52:50
698394835,ICT-Based Reading Implementation Plan,https://www.scribd.com/document/698394835/IMPLEMENTATION-PHASE-READING-KEY-STAGE-1,data mining Philippines 2023,2026-09-19 09:52:50
698409758,Teacher Reclassification Requirements Guide,https://www.scribd.com/document/698409758/2023-reclassification-teaching-positions,data mining Philippines 2023,2026-09-19 09:52:50
698769662,Math 8 First Quarter Performance Data,https://www.scribd.com/document/698769662/1st-Grading-MEAN-SD-PL-2023-2024,data mining Philippines 2023,2026-09-19 09:52:50
701268010,Aklan District 1st Quarter ESP Report,https://www.scribd.com/document/701268010/4th-Tangalan-Quarterly-Assessment-Report-in-ESP,data mining Philippines 2023,2026-09-19 09:52:50
701532076,Bataan Practical Research 1 Budget Plan,https://www.scribd.com/document/701532076/BUDGET-OF-WORK-Q3-PRAC1,data mining Philippines 2023,2026-09-19 09:52:50
701883357,Project SCM Data Summary Report,https://www.scribd.com/document/701883357/PLOTTING-DWG-Dewatering-November-2023-3,data mining Philippines 2023,2026-09-19 09:52:50
702125773,Administrative Officer II Job Posting,https://www.scribd.com/document/702125773/DEPARTMENT-OF-EDUCATION-ADMINISTRATIVE-OFFICER-II-1,data mining Philippines 2023,2026-09-19 09:52:50
703553949,Customer Information for EastWest Bank,https://www.scribd.com/document/703553949/Customer-Information-Sheet-Individual-20180919-sign,data mining Philippines 2023,2026-09-19 09:52:50
704522950,Hiring for Pharmacist II in Bulacan,https://www.scribd.com/document/704522950/Pgo-Bulacan-Bulacan-pharmacist-II,data mining Philippines 2023,2026-09-19 09:52:50
704532320,Study Plan for MSc in Computer Science,https://www.scribd.com/document/704532320/COMSCIEN23-studieplan,data mining Philippines 2023,2026-09-19 09:52:50
704558937,MCWD Principal Engineer Job Opening,https://www.scribd.com/document/704558937/METRO-CEBU-WATER-DISTRICT-Principal-Engineer-C-1,data mining Philippines 2023,2026-09-19 09:52:50
705003761,Exercícios de Data Warehouse e Data Mining,https://www.scribd.com/document/705003761/Lista-2-Exercicios-DW-2023,data mining Philippines 2023,2026-09-19 09:52:50
706756534,Guidelines for Teacher INSET 2024,https://www.scribd.com/document/706756534/Division-Memorandum-No-032-s-2024,data mining Philippines 2023,2026-09-19 09:52:50
707317215,Grade 10 ICT 1st Quarter Exam,https://www.scribd.com/document/707317215/ICT-10-1st-Quarter-2022-2023,data mining Philippines 2023,2026-09-19 09:52:50
707514295,Barangay Official Information Sheet 2023,https://www.scribd.com/document/707514295/Bois-Form-2023-as-In,data mining Philippines 2023,2026-09-19 09:52:50
707616010,LTO Registration Receipt for Motorcycle,https://www.scribd.com/document/707616010/Personal-data,data mining Philippines 2023,2026-09-19 09:52:50
707783992,SGC Action Plan for Information Access,https://www.scribd.com/document/707783992/SGC-action-plan-on-promoting-access-to-information,data mining Philippines 2023,2026-09-19 09:52:50
707814996,Python Developer & Data Analyst Resume,https://www.scribd.com/document/707814996/Sagar-Resume,data mining Philippines 2023,2026-09-19 09:52:50
708403669,Daftar Nilai UAS Data Warehouse 2024,https://www.scribd.com/document/708403669/daftar-nilai-tdk-ada-di-sistem,data mining Philippines 2023,2026-09-19 09:52:50
709115416,School Monitoring Tool for Mathematics,https://www.scribd.com/document/709115416/Monitoring-and-Evaluation-Tool-Mathematics-SY-2023-2024-copy-1,data mining Philippines 2023,2026-09-19 09:52:50
709820967,Pag-IBIG Housing Loan Application Form,https://www.scribd.com/document/709820967/HLF068-HousingLoanApplication-V08,data mining Philippines 2023,2026-09-19 09:52:50
711890473,PDEA Accreditation Application Form,https://www.scribd.com/document/711890473/FM-CSVlrd-04-ACCREDITATION-APPLICATION-REV-4-May-1-2023-28Apr2023,data mining Philippines 2023,2026-09-19 09:52:50
713056140,Computer Learning Competencies 2023-2024,https://www.scribd.com/document/713056140/Computer-4-Tos-Final,data mining Philippines 2023,2026-09-19 09:52:50
713299873,G.L. Bajaj B.Tech Timetable 2023-24,https://www.scribd.com/document/713299873/Time-Table-4th-Year-14-02-2024,data mining Philippines 2023,2026-09-19 09:52:50
713774544,Jadwal Sidang Skripsi Teknik Informatika,https://www.scribd.com/document/713774544/JADWAL-SIDANG-SKRIPSI-PROGRAM-STUDI-TEKNIK-INFORMATIKA,data mining Philippines 2023,2026-09-19 09:52:50
714391080,PHIL-IRI Reading Profile 2023-2024,https://www.scribd.com/document/714391080/PHL-IRI,data mining Philippines 2023,2026-09-19 09:52:50
715554840,December 2023 Daily Production Report,https://www.scribd.com/document/715554840/DAILY-WEEK-49,data mining Philippines 2023,2026-09-19 09:52:50
715554898,December 2023 Daily Production Report,https://www.scribd.com/document/715554898/DAILY-WEEK-50,data mining Philippines 2023,2026-09-19 09:52:50
715703940,DM No. 2023 0069 Population Projection For CY 2023 - 13feb2023,https://www.scribd.com/document/715703940/DM-No-2023-0069-Population-Projection-for-CY-2023-13Feb2023,data mining Philippines 2023,2026-09-19 09:52:50
716367011,Traffic Incident Assessment in Zamboanga,https://www.scribd.com/document/716367011/05-Assessment-on-Vehicular-Incidents-1,data mining Philippines 2023,2026-09-19 09:52:50
716701129,CEAP Mindanao Games 2023 Registration,https://www.scribd.com/document/716701129/3-n-1-CEAP-Form,data mining Philippines 2023,2026-09-19 09:52:50
716883791,CCS355 Neural Networks Syllabus,https://www.scribd.com/document/716883791/ccs355-syllabus-nndl,data mining Philippines 2023,2026-09-19 09:52:50
716896137,Balibago Elementary School SRMs Report,https://www.scribd.com/document/716896137/BALIBAGO-ES-Accomplishment-Report-on-the-Utilization-of-SRMs-Balibago-ES-Quarter-2-2023-2024,data mining Philippines 2023,2026-09-19 09:52:50
717345943,AME 2 Class Record and Grades,https://www.scribd.com/document/717345943/AME-2,data mining Philippines 2023,2026-09-19 09:52:50
717853486,Coal Mining Operations Report Summary,https://www.scribd.com/document/717853486/BP-Daily-Report-19-June-2023,data mining Philippines 2023,2026-09-19 09:52:50
718584634,2018 BSIT Curriculum Overview,https://www.scribd.com/document/718584634/Sarcia-CurriculumChecklist,data mining Philippines 2023,2026-09-19 09:52:50
719229284,Permission Request for Thesis Study,https://www.scribd.com/document/719229284/1-LETTER-OF-CONSENT-4TH-YEAR,data mining Philippines 2023,2026-09-19 09:52:50
719885938,Holcim Philippines Customer Enrollment Form,https://www.scribd.com/document/719885938/Revised-Customer-Information-Sheet-July-2023-1,data mining Philippines 2023,2026-09-19 09:52:50
720224607,LGU Guidelines for Disease Outbreaks,https://www.scribd.com/document/720224607/DM-2023-0103-Reiteration-of-Guidelines-on-the-Declaration-of-an-Outbreak-for-Local-Government-Units,data mining Philippines 2023,2026-09-19 09:52:50
721747357,GNI and GDP Expenditure Trends 2021-2023,https://www.scribd.com/document/721747357/Table-30,data mining Philippines 2023,2026-09-19 09:52:50
722088663,Coal Production Trends: 2013-2023,https://www.scribd.com/document/722088663/Production-Opencast-and-Under-ground-mines-durin-last-ten-years,data mining Philippines 2023,2026-09-19 09:52:50
722602504,Data Mining Exam Questions 2023,https://www.scribd.com/document/722602504/CSE2021-2,data mining Philippines 2023,2026-09-19 09:52:50
722657836,ICSMDI 2023: Smart Data Intelligence Conference,https://www.scribd.com/document/722657836/ICSMDI-2023-Brochure,data mining Philippines 2023,2026-09-19 09:52:50
723140259,Kidapawan City Quarter 3 Proficiency Report,https://www.scribd.com/document/723140259/GRADE-6-Proficiency-levels-and-Least-Learned-Competencies,data mining Philippines 2023,2026-09-19 09:52:50
724445620,EastWest Bank Client Information Form,https://www.scribd.com/document/724445620/Eastwest-Bank-Af-signed,data mining Philippines 2023,2026-09-19 09:52:50
724587752,Employment Data by Sector 2023,https://www.scribd.com/document/724587752/TABLE-2-Employed-Persons-by-Sector-Subsector-and-Hours-Worked-with-Measures-of-Precision-Philippines,data mining Philippines 2023,2026-09-19 09:52:50
725149059,Newgen Software Q3 Results Overview,https://www.scribd.com/document/725149059/Newgen,data mining Philippines 2023,2026-09-19 09:52:50
726471398,Community Health Indicators Ibaaan 2023,https://www.scribd.com/document/726471398/COMMUNITY-BASED-MONITORING-BOARD-CBMB,data mining Philippines 2023,2026-09-19 09:52:50
726573227,TDP-SUC Application Form 2023,https://www.scribd.com/document/726573227/SorSU-23-2-TDP-SUC-Annex-1-TDP-SUC-Application-Form,data mining Philippines 2023,2026-09-19 09:52:50
727139240,2023 AMLA Amendments Overview,https://www.scribd.com/document/727139240/AMLA-Latest-Amendments-2023-Anti-Money-Launderin,data mining Philippines 2023,2026-09-19 09:52:50
728734427,Contrôle Continu Data Mining MIT 2023,https://www.scribd.com/document/728734427/cc-data-warehouse-zidane-2023-correction,data mining Philippines 2023,2026-09-19 09:52:50
730382253,MPSA Overview and Compliance Issues in Palawan,https://www.scribd.com/document/730382253/TIMELINE-OF-EVENTS-Philippine-Mining,data mining Philippines 2023,2026-09-19 09:52:50
730790411,BHERT Annual Monitoring Report 2023,https://www.scribd.com/document/730790411/BHERT-Annual-Monitoring-Report,data mining Philippines 2023,2026-09-19 09:52:50
730865907,Career Guidance Implementation Report 2023-2024,https://www.scribd.com/document/730865907/Template-School-Career-Guidance-Implementation-Report,data mining Philippines 2023,2026-09-19 09:52:50
732324679,Pre-Colonial and Spanish Tax Systems in the Philippines,https://www.scribd.com/document/732324679/Taxation-Reviewer-docx,data mining Philippines 2023,2026-09-19 09:52:50
732781377,SDG Monitoring Progress in the Philippines,https://www.scribd.com/document/732781377/SDG-Monitoring-in-the-Philippines,data mining Philippines 2023,2026-09-19 09:52:50
733687307,eLMIS: Transforming Health Supply Chain,https://www.scribd.com/document/733687307/23-358-electronic-Logistics-Information-System-eLMIS-Flyer,data mining Philippines 2023,2026-09-19 09:52:50
735136097,AI Periodic Test for Grade X (2023-24),https://www.scribd.com/document/735136097/Grade10-PT1-AI-417-AK-SET1-17139,data mining Philippines 2023,2026-09-19 09:52:50
738181672,Deep Learning Exam Questions and Topics,https://www.scribd.com/document/738181672/DL-Jun-2023,data mining Philippines 2023,2026-09-19 09:52:50
74003520,Laos Economic Overview 2023,https://www.scribd.com/document/74003520/Laos,data mining Philippines 2023,2026-09-19 09:52:50
744615565,DS Data Mining 2022 - 2023,https://www.scribd.com/document/744615565/DS-Data-Mining-2022-2023,data mining Philippines 2023,2026-09-19 09:52:50
744615620,Examen Data Mining 2022 - 2023,https://www.scribd.com/document/744615620/Examen-Data-Mining-2022-2023,data mining Philippines 2023,2026-09-19 09:52:50
745787652,Machine Learning Exam Questions 2023,https://www.scribd.com/document/745787652/MACHINE-LEARNING-DEC-2023,data mining Philippines 2023,2026-09-19 09:52:50
749351418,India Import Slabs Analysis 2022-2023,https://www.scribd.com/document/749351418/India-Import-Slabs-Analysis-1st-Jan-22-to-30th-Sep-23,data mining Philippines 2023,2026-09-19 09:52:50
749569041,BPOPS Accomplishment Report 2023,https://www.scribd.com/document/749569041/Bpops-Accomplishment-Report,data mining Philippines 2023,2026-09-19 09:52:50
753111795,Heart Disease Prediction Using Data Mining,https://www.scribd.com/document/753111795/IEEE-Xplore-Reference-Download-2023-11-11-1-13-19,data mining Philippines 2023,2026-09-19 09:52:50
754788656,Psychosocial Support Attendance Report,https://www.scribd.com/document/754788656/PSS-Monitoring-Tool,data mining Philippines 2023,2026-09-19 09:52:50
756453277,PHIL IRI Results 2022-2023: Pantay HS,https://www.scribd.com/document/756453277/Report-on-Literacy-2022-2023,data mining Philippines 2023,2026-09-19 09:52:50
761824353,Weekly Wrap - 240819-Min,https://www.scribd.com/document/761824353/Weekly-Wrap-240819-min,data mining Philippines 2023,2026-09-19 09:52:50
76282164,National Accounts Q4 2010 Data Summary,https://www.scribd.com/document/76282164/National-Accounts,data mining Philippines 2023,2026-09-19 09:52:50
770742504,Ad 603 A Data Mining and Warehousing May 2023,https://www.scribd.com/document/770742504/Ad-603-a-Data-Mining-and-Warehousing-May-2023,data mining Philippines 2023,2026-09-19 09:52:50
771691848,250 Words Essay Es,https://www.scribd.com/document/771691848/250-words-essay-es,data mining Philippines 2023,2026-09-19 09:52:50
772097676,FINAL EXAM IN SURVEYING BSARCH 2 - 2nd Sem AY 2023 2024,https://www.scribd.com/document/772097676/FINAL-EXAM-IN-SURVEYING-BSARCH-2-2nd-Sem-AY-2023-2024,data mining Philippines 2023,2026-09-19 09:52:50
776418785,Global Pizza Market Report 2024,https://www.scribd.com/document/776418785/The-Global-Pizza-Market-Size-is-USD-151254-2-Million-in-2024,data mining Philippines 2023,2026-09-19 09:52:50
777516568,Data Warehouse & Mining Assignment 2023-24,https://www.scribd.com/document/777516568/Data-Warehouse-and-Data-Mining-ASSIGNMENT-2,data mining Philippines 2023,2026-09-19 09:52:50
779293169,Should Mining Activities Be Permitted On Homonhon Island Considering Its Geological Significance and Environmental Impact,https://www.scribd.com/document/779293169/Should-Mining-Activities-be-Permitted-on-Homonhon-Island-Considering-its-Geological-Significance-and-Environmental-Impact-1,data mining Philippines 2023,2026-09-19 09:52:50
780308002,Technological Institute of The Philippines Quezon City,https://www.scribd.com/document/780308002/IT,data mining Philippines 2023,2026-09-19 09:52:50
782363834,Mining Engineer Exam Room Assignments,https://www.scribd.com/document/782363834/Ra-030117-Mining-Engineer-Manila-8-2023,data mining Philippines 2023,2026-09-19 09:52:50
783090959,Deep Learning Exam Questions Guide,https://www.scribd.com/document/783090959/Sep-2023-1,data mining Philippines 2023,2026-09-19 09:52:50
783341193,Kaya Natin! Youth Leadership Overview,https://www.scribd.com/document/783341193/PERSONAL-DATA-SHEET-AYLA-JIMUEL-LESTER-SUAREZ-1,data mining Philippines 2023,2026-09-19 09:52:50
785103513,DOST S&T Undergraduate Scholarship 2025,https://www.scribd.com/document/785103513/2025-UG-Scholarship-Brochure,data mining Philippines 2023,2026-09-19 09:52:50
787249509,Neural Networks: MLP Exercises 2023,https://www.scribd.com/document/787249509/P07-09-MultilayerPerceptron,data mining Philippines 2023,2026-09-19 09:52:50
787737151,Deep Learning Exam Questions for BE,https://www.scribd.com/document/787737151/be-computer-engineering-semester-8-2023-november-deep-learning-2019-pattern,data mining Philippines 2023,2026-09-19 09:52:50
792971937,Rizal's Messages on Modern Issues,https://www.scribd.com/document/792971937/Activity-2-Modern-Issues-and-Challenges-that-Resonate-with-Rizal-s-Messages,data mining Philippines 2023,2026-09-19 09:52:50
794133443,Augmented Reality: Applications & Challenges,https://www.scribd.com/document/794133443/Exploration-and-Aspects-on-Augmented-Reality-IEEE-Conference-Publication-IEEE-Xplore,data mining Philippines 2023,2026-09-19 09:52:50
794672904,Kiribati Overview and Economic Data 2024,https://www.scribd.com/document/794672904/Kiribati-The-World-Factbook,data mining Philippines 2023,2026-09-19 09:52:50
795251480,Data Mining and Warehousing Question Bank,https://www.scribd.com/document/795251480/QUESTION-BANK-FOR-DM-W-3rd-sem-2023-2024,data mining Philippines 2023,2026-09-19 09:52:50
795470233,M.C.A. Data Warehousing Exam Dec 2023,https://www.scribd.com/document/795470233/IFT4301-DATA-WAREHOUSING-AND-DATA-MINING,data mining Philippines 2023,2026-09-19 09:52:50
796999538,Deep Learning Exam Questions and Topics,https://www.scribd.com/document/796999538/technology-mca-master-of-computer-applications-semester-3-2023-december-elective-3-deep-learning-rev-2019-c-scheme,data mining Philippines 2023,2026-09-19 09:52:50
797300365,Neural Networks Course Spring 2023,https://www.scribd.com/document/797300365/Mid-Term,data mining Philippines 2023,2026-09-19 09:52:50
799186399,Machine Learning Exam Paper - Winter 2023,https://www.scribd.com/document/799186399/3171114,data mining Philippines 2023,2026-09-19 09:52:50
799535680,Data Mining & Business Intelligence Exam,https://www.scribd.com/document/799535680/be-information-technology-semester-6-2023-may-data-mining-business-intelligencerev-2019-c-scheme,data mining Philippines 2023,2026-09-19 09:52:50
799535681,Guide sur l'Examen de Data Mining,https://www.scribd.com/document/799535681/be-information-technology-semester-6-2023-december-data-mining-business-intelligencerev-2019-c-scheme,data mining Philippines 2023,2026-09-19 09:52:50
799865182,Data Warehousing and Data Mining Exam Guide,https://www.scribd.com/document/799865182/Postgraduate-Pg-Master-Computer-Applications-Mca-Semester-3-2023-November-Data-Warehousing-and-Data-Mining-2020-Pattern,data mining Philippines 2023,2026-09-19 09:52:50
802062259,Grade 6 Enrollment Data - Masbate 2023,https://www.scribd.com/document/802062259/SAN-JACINTO-DIST-NAT-G6,data mining Philippines 2023,2026-09-19 09:52:50
803021374,Data Mining and Warehousing Exam Paper,https://www.scribd.com/document/803021374/apr-May-23-dmw,data mining Philippines 2023,2026-09-19 09:52:50
804924528,"Weekly Economic Review: October 7, 2024",https://www.scribd.com/document/804924528/weekly-wrap,data mining Philippines 2023,2026-09-19 09:52:50
804924656,"Market Update: Rates, Currencies, Commodities",https://www.scribd.com/document/804924656/daily-digest,data mining Philippines 2023,2026-09-19 09:52:50
806186862,MCA III Data Warehousing Exam Paper,https://www.scribd.com/document/806186862/mca-3-sem-data-warehousing-data-mining-kca012-2023,data mining Philippines 2023,2026-09-19 09:52:50
807900923,Modèle de Datamining pour Poids Bébé,https://www.scribd.com/document/807900923/Sujet-examen-Data-mining-AIAC-2022-2023,data mining Philippines 2023,2026-09-19 09:52:50
808107983,"Weekly Economic Review: Nov 11, 2024",https://www.scribd.com/document/808107983/b,data mining Philippines 2023,2026-09-19 09:52:50
808108480,Weekly Economic and Market Review,https://www.scribd.com/document/808108480/min,data mining Philippines 2023,2026-09-19 09:52:50
810998799,Master in Information Technology Program Guide,https://www.scribd.com/document/810998799/MIT-BOR-Approved-Prospectus-in-MIT-1,data mining Philippines 2023,2026-09-19 09:52:50
811117460,Philippine Mining Sector Priority Programs,https://www.scribd.com/document/811117460/Priority-Programs,data mining Philippines 2023,2026-09-19 09:52:50
813380055,Cobalt Market Report 2024 Insights,https://www.scribd.com/document/813380055/mcs2024-cobalt,data mining Philippines 2023,2026-09-19 09:52:50
813424556,Sasol Bursary Program 2024 Details,https://www.scribd.com/document/813424556/sasol-bursary-opportunity-for-2024-closing-date-16-june-2023,data mining Philippines 2023,2026-09-19 09:52:50
815109594,Alien Employment Permit Application Form,https://www.scribd.com/document/815109594/CHEN-BINGYANG-AEP-APPLICATION,data mining Philippines 2023,2026-09-19 09:52:50
817933201,MBA Business Data Management Exam 2023,https://www.scribd.com/document/817933201/2023,data mining Philippines 2023,2026-09-19 09:52:50
817942943,Deep Learning Course by Tanmay Verlekar,https://www.scribd.com/document/817942943/CS-F425-Deep-Learning-Tanmay-Tulsidas-Verlekar-2023-2,data mining Philippines 2023,2026-09-19 09:52:50
818591178,Accounting Information System Quiz Answers,https://www.scribd.com/document/818591178/Short-Quiz-II-in-ACC-207-KEY,data mining Philippines 2023,2026-09-19 09:52:50
818725959,Invoice for Machine Learning Book,https://www.scribd.com/document/818725959/BookInvoice-01,data mining Philippines 2023,2026-09-19 09:52:50
82088656,Data Processing and Analysis Guide,https://www.scribd.com/document/82088656/A-New-Year,data mining Philippines 2023,2026-09-19 09:52:50
821007460,Discontinued Operations Analysis 2023,https://www.scribd.com/document/821007460/7097-Discountinued-Operations,data mining Philippines 2023,2026-09-19 09:52:50
822699953,Prelims Exam: Practical Research 2,https://www.scribd.com/document/822699953/PR2-12-STEM-AND-HUMSS,data mining Philippines 2023,2026-09-19 09:52:50
822700323,Teacher Support and Student Motivation Analysis,https://www.scribd.com/document/822700323/Chapter-4,data mining Philippines 2023,2026-09-19 09:52:50
822983063,Deep Learning Exam Questions and Concepts,https://www.scribd.com/document/822983063/DSE-5251-Makeup,data mining Philippines 2023,2026-09-19 09:52:50
822983066,M.Tech Deep Learning Exam April 2023,https://www.scribd.com/document/822983066/DSE-5251-Insem2,data mining Philippines 2023,2026-09-19 09:52:50
822983069,M.Tech Deep Learning Exam Questions,https://www.scribd.com/document/822983069/DSE-5251-Insem1,data mining Philippines 2023,2026-09-19 09:52:50
825050362,Health Promotion Bureau Report 2023,https://www.scribd.com/document/825050362/dc2024-0390-2023-Health-Promotion-Report,data mining Philippines 2023,2026-09-19 09:52:50
825138112,Quezon City Murder Investigation Form,https://www.scribd.com/document/825138112/IDF,data mining Philippines 2023,2026-09-19 09:52:50
825991944,Fisheries Production Data 2015,https://www.scribd.com/document/825991944/All-Species-Fisheries,data mining Philippines 2023,2026-09-19 09:52:50
827164887,GIS Training Invitation for Engineers,https://www.scribd.com/document/827164887/ecmyk-GIS-TRAINING-FOR-JAN-20-21-2023,data mining Philippines 2023,2026-09-19 09:52:50
83047666,Data Encoding and Compression Techniques,https://www.scribd.com/document/83047666/The-Iwrm-Team-Workload,data mining Philippines 2023,2026-09-19 09:52:50
832000185,Philippines Gross National Income 1990-2023,https://www.scribd.com/document/832000185/Philippines-PH-Gross-National-Income-Linked-Series-20250224-170657-0000,data mining Philippines 2023,2026-09-19 09:52:50
833468581,Iloilo Enrollment Data 2022-2023,https://www.scribd.com/document/833468581/enrolment-data,data mining Philippines 2023,2026-09-19 09:52:50
834116617,E Commerce 2023,https://www.scribd.com/document/834116617/E-commerce-2023,data mining Philippines 2023,2026-09-19 09:52:50
834331009,JDVP-TVL Application Form 2022-2023,https://www.scribd.com/document/834331009/Annex-1-Application-Form-for-Jdvp-Partnet,data mining Philippines 2023,2026-09-19 09:52:50
835055392,Updated Morbidity Report Submission Guidelines,https://www.scribd.com/document/835055392/dm2022-0410-2,data mining Philippines 2023,2026-09-19 09:52:50
835117429,Parental Consent for School Sports Events,https://www.scribd.com/document/835117429/Revised-2023-Parents-Consent,data mining Philippines 2023,2026-09-19 09:52:50
835681758,ELLNA Name Grid for Grade 4 2024,https://www.scribd.com/document/835681758/ELLNA-namegrid,data mining Philippines 2023,2026-09-19 09:52:50
835793884,Overview of Republic Act 12010 IRR,https://www.scribd.com/document/835793884/ISAD-23-70-RELATED-LAWS-TO-IN-INFOSEC,data mining Philippines 2023,2026-09-19 09:52:50
837981557,Uses of Minerals in Household Products,https://www.scribd.com/document/837981557/Q1-PERFORMANCE-TASK-NO-1-EARTH-SCIENCE,data mining Philippines 2023,2026-09-19 09:52:50
838303174,Educational and Personal Data Summary,https://www.scribd.com/document/838303174/UP-College-Admissions-2023-FORM1-1232172174,data mining Philippines 2023,2026-09-19 09:52:50
838705346,Agrarian Reform Accomplishments Report,https://www.scribd.com/document/838705346/Sept-Accomplishment-Report-2023,data mining Philippines 2023,2026-09-19 09:52:50
839764056,Baleno District School Reading Program 2023,https://www.scribd.com/document/839764056/SCHOOL-READING-PROGRAM-1,data mining Philippines 2023,2026-09-19 09:52:50
839844371,BSIT Midterm Exam Schedule 2023,https://www.scribd.com/document/839844371/Schedule-of-Exam,data mining Philippines 2023,2026-09-19 09:52:50
840058659,BOC Application Form for Claims,https://www.scribd.com/document/840058659/FINAL-BOC-APPLICATION-REVISED-2023,data mining Philippines 2023,2026-09-19 09:52:50
845147765,4th Midterm Exam,https://www.scribd.com/document/845147765/4th-Midterm-Exam,data mining Philippines 2023,2026-09-19 09:52:50
846890098,Regional Achievement Test Results 2023,https://www.scribd.com/document/846890098/RAT-TEMPLATE-NO-2,data mining Philippines 2023,2026-09-19 09:52:50
850077769,Deep Learning Course Exam Questions,https://www.scribd.com/document/850077769/CST414-A,data mining Philippines 2023,2026-09-19 09:52:50
850249244,DWH 2023,https://www.scribd.com/document/850249244/DWH-2023,data mining Philippines 2023,2026-09-19 09:52:50
850860178,Annual Fire Incident Report 2023,https://www.scribd.com/document/850860178/Fire-Incident,data mining Philippines 2023,2026-09-19 09:52:50
853369418,2023 U.S. Gold Production and Reserves,https://www.scribd.com/document/853369418/gold-reserve-us-geological-data,data mining Philippines 2023,2026-09-19 09:52:50
853591397,Recent IT Trends for BBA CA Students,https://www.scribd.com/document/853591397/Commerce-Bba-CA-Semester-6-2023-April-Recent-Trends-in-Information-Technology-2019-Pattern,data mining Philippines 2023,2026-09-19 09:52:50
854788987,Barangay Officials Information Sheet 2023-2025,https://www.scribd.com/document/854788987/BOIS,data mining Philippines 2023,2026-09-19 09:52:50
854908270,Philippines Waste Generation 2023 Data,https://www.scribd.com/document/854908270/Table-3-7-Projected-Waste-Generation-by-Region-2014-2023,data mining Philippines 2023,2026-09-19 09:52:50
858358142,October 2023 Accomplishment Report,https://www.scribd.com/document/858358142/Bryan-Mar-December-1-15-2022,data mining Philippines 2023,2026-09-19 09:52:50
860073919,National Children's Month 2024 Plans,https://www.scribd.com/document/860073919/Children-Month-Letter,data mining Philippines 2023,2026-09-19 09:52:50
860119854,Data Warehousing and Mining Re-Exam 2021-22 2022-23 2023-24 hqUPjuIqZL,https://www.scribd.com/document/860119854/Data-Warehousing-and-Mining-Re-exam-2021-22-2022-23-2023-24-hqUPjuIqZL,data mining Philippines 2023,2026-09-19 09:52:50
861193659,Data Warehousing and Mining Exam Guide,https://www.scribd.com/document/861193659/S-23-DWM,data mining Philippines 2023,2026-09-19 09:52:50
861526212,Major Ports Traffic Report: Apr-Jul 2023,https://www.scribd.com/document/861526212/Major-Ports-Traffic-April-to-July-2023c57b9165-f559-4b57-8b99-230d1e689143,data mining Philippines 2023,2026-09-19 09:52:50
861681121,LG COMEA Monitoring Tool Overview,https://www.scribd.com/document/861681121/Learner-Government-LG-COMEA-Monitoring-Tool,data mining Philippines 2023,2026-09-19 09:52:50
862513386,Philippines Economic Performance 2024,https://www.scribd.com/document/862513386/FF2025-05-ECONOMIC-PERFORMANCE-OF-THE-PHILIPPINES-IN-2024,data mining Philippines 2023,2026-09-19 09:52:50
863307140,Midterm Exam: Latest IT Trends 2023,https://www.scribd.com/document/863307140/Latest-Trends-Answer-Sheet,data mining Philippines 2023,2026-09-19 09:52:50
863963250,NSTP Graduates List AY 2023-2024,https://www.scribd.com/document/863963250/2025-Ched-Form,data mining Philippines 2023,2026-09-19 09:52:50
864189802,Philippine GDP and GNI Expenditure Trends,https://www.scribd.com/document/864189802/Table-30,data mining Philippines 2023,2026-09-19 09:52:50
866734049,Deep Learning PYQ Solutions 2023,https://www.scribd.com/document/866734049/DL-Copy,data mining Philippines 2023,2026-09-19 09:52:50
867704337,Data Warehousing & Mining Test 2023,https://www.scribd.com/document/867704337/DMDW-QB-MID1,data mining Philippines 2023,2026-09-19 09:52:50
868410708,Devoir sur les Techniques d'IA 2023,https://www.scribd.com/document/868410708/DS-TIA-GE3AII-Oct-23-Enonce,data mining Philippines 2023,2026-09-19 09:52:50
869355367,LEDAC Priority Bills for 19th Congress,https://www.scribd.com/document/869355367/19th-CONGRESS-LEDAC-CLA-as-of-20-Sept-2023,data mining Philippines 2023,2026-09-19 09:52:50
869456164,PUP Registration Certificate for Jannel Bautista,https://www.scribd.com/document/869456164/Registration-Certificate,data mining Philippines 2023,2026-09-19 09:52:50
870565696,2023 Non-Metallurgical Alumina Data,https://www.scribd.com/document/870565696/Mcs2024-Bauxite-Alumina,data mining Philippines 2023,2026-09-19 09:52:50
871779916,Artificial Neural Networks Exam Guide,https://www.scribd.com/document/871779916/Nov-Dec-2023,data mining Philippines 2023,2026-09-19 09:52:50
871779917,Artificial Neural Network Exam Guide,https://www.scribd.com/document/871779917/May-Jun-2023,data mining Philippines 2023,2026-09-19 09:52:50
871805838,Data Mining & Warehouse Exam Answers,https://www.scribd.com/document/871805838/CC-308-DMDW-2023-BCA-6,data mining Philippines 2023,2026-09-19 09:52:50
872461515,ICT Action Plan for Calamba Schools 2023-2024,https://www.scribd.com/document/872461515/Action-Plan,data mining Philippines 2023,2026-09-19 09:52:50
872954765,Brass and Copper Price Trends June 2024,https://www.scribd.com/document/872954765/Brass-and-Copper-Trend-Jun-24-YoY,data mining Philippines 2023,2026-09-19 09:52:50
873138398,Manulife Al-Fauzan Equity Fund Overview,https://www.scribd.com/document/873138398/DOC-20240428-WA0011,data mining Philippines 2023,2026-09-19 09:52:50
873138655,Manulife Islamic Equity Fund Overview,https://www.scribd.com/document/873138655/DOC-20240428-WA0012,data mining Philippines 2023,2026-09-19 09:52:50
873622032,Deep Learning Concepts Exam Guide,https://www.scribd.com/document/873622032/CST384-jun-2023,data mining Philippines 2023,2026-09-19 09:52:50
875526127,Writ of Amparo & Habeas Data: G.R. 269249,https://www.scribd.com/document/875526127/161-In-the-Matter-of-the-Issuance-of-the-Writ-of-Amparo-and-Habeas-Data-for-Jonila-F-Castro-Et-Al-VS-Lieutenant-Colonel-Ronnel-B-Dela-Cruz-Et,data mining Philippines 2023,2026-09-19 09:52:50
875782092,Endangered Bird Species in the Philippines,https://www.scribd.com/document/875782092/Table-1-19-Population-of-Selected-Threatened-Species-2014-2023,data mining Philippines 2023,2026-09-19 09:52:50
877262343,Daftar Restoran Terbaik 2023,https://www.scribd.com/document/877262343/Dataset-Restoran-KMeans,data mining Philippines 2023,2026-09-19 09:52:50
878403385,Dietary Supplementation for Mothers,https://www.scribd.com/document/878403385/List-of-Pregnant-Lactating-With-Signature,data mining Philippines 2023,2026-09-19 09:52:50
879223040,Non-Readers and Numerates Report 2022-2023,https://www.scribd.com/document/879223040/FORM-CONSOLIDATION-for-Non-Numerates-low-Numerates-and-Non-Readers-slow-Readers,data mining Philippines 2023,2026-09-19 09:52:50
879677154,Member Data Record for Daisy Mae Garrote,https://www.scribd.com/document/879677154/MDR-082014573956,data mining Philippines 2023,2026-09-19 09:52:50
881010836,Robotics for Mining Safety in the Philippines,https://www.scribd.com/document/881010836/Local-Rrl-Guardian-Robots,data mining Philippines 2023,2026-09-19 09:52:50
883322584,Gonogon Elementary School Performance Report,https://www.scribd.com/document/883322584/School-Dnme-2022-2023,data mining Philippines 2023,2026-09-19 09:52:50
883649711,Parental Consent for Basketball Practice,https://www.scribd.com/document/883649711/Practice-Basketball-parents-Consent,data mining Philippines 2023,2026-09-19 09:52:50
883780804,UPLB Student Directory Form No. 3,https://www.scribd.com/document/883780804/UPLB-OUR-Form-No-3-STUDENT-DIRECTORY-2023,data mining Philippines 2023,2026-09-19 09:52:50
884717204,Zimbabwe Mining and Manufacturing Trends 2023,https://www.scribd.com/document/884717204/A-Level-Data-Response-Industrial-Mining-Capacities-Surge-in-q3,data mining Philippines 2023,2026-09-19 09:52:50
886003485,2024 Cobalt Market Overview and Trends,https://www.scribd.com/document/886003485/Mcs2025-Cobalt,data mining Philippines 2023,2026-09-19 09:52:50
886636494,CSE437 Final Exam - Fall 2023,https://www.scribd.com/document/886636494/CSE437-Sec02-Fall2023-Final-Exam-1-1,data mining Philippines 2023,2026-09-19 09:52:50
891724065,Hydroponic Farming in Urban Food Pantries,https://www.scribd.com/document/891724065/4-1-Nutrition-2023-Being-Healthier-Study-Prof-Dr-Mahmut-Ilker-Yilmaz,data mining Philippines 2023,2026-09-19 09:52:50
895111942,Metallurgical Engineering Attendance Report,https://www.scribd.com/document/895111942/Met-3rd-Sem-attendance-Consolidated-2019-2023,data mining Philippines 2023,2026-09-19 09:52:50
895402330,Quirino District Palaro 2023 Results,https://www.scribd.com/document/895402330/Consol-Over-All,data mining Philippines 2023,2026-09-19 09:52:50
897491090,History and Evolution of EIA Process,https://www.scribd.com/document/897491090/Eia-Cheatsheet-2,data mining Philippines 2023,2026-09-19 09:52:50
898997516,Survey on Patient Accommodation Support,https://www.scribd.com/document/898997516/dm2023-0245,data mining Philippines 2023,2026-09-19 09:52:50
899771959,South Daang Hari Elementary Enrollment Data,https://www.scribd.com/document/899771959/Enrolment-Sy-2011-2023-With-Graph,data mining Philippines 2023,2026-09-19 09:52:50
900502451,Drivers of Deforestation in Asia,https://www.scribd.com/document/900502451/Deforestation-Rates-in-Asia-4,data mining Philippines 2023,2026-09-19 09:52:50
900502452,Southeast Asia Deforestation Trends 1990-2023,https://www.scribd.com/document/900502452/Deforestation-Rates-in-Asia-5,data mining Philippines 2023,2026-09-19 09:52:50
901661917,Vietnam Rice Export Statistics 2019-2023,https://www.scribd.com/document/901661917/Trade-Map-List-of-Importing-Markets-for-a-Product-Exported-by-Viet-Nam,data mining Philippines 2023,2026-09-19 09:52:50
901930612,Region 8 Tariff 2023,https://www.scribd.com/document/901930612/Region-8-Tariff-2023,data mining Philippines 2023,2026-09-19 09:52:50
902110594,Examen Data Mining & Big Data 2023-2024,https://www.scribd.com/document/902110594/Data-Mining,data mining Philippines 2023,2026-09-19 09:52:50
904789928,Cy 604 C Data Warehousing and Mining May 2023,https://www.scribd.com/document/904789928/Cy-604-c-Data-Warehousing-and-Mining-May-2023,data mining Philippines 2023,2026-09-19 09:52:50
904837050,Machine Learning Question Bank for B.Tech,https://www.scribd.com/document/904837050/FT9-Unit-WIse-Question-Bank,data mining Philippines 2023,2026-09-19 09:52:50
905357727,Rizal Economy Grows 5.7% in 2023,https://www.scribd.com/document/905357727/Pr-Rizal-Ybs-Jjso-Mcp-Fin,data mining Philippines 2023,2026-09-19 09:52:50
909380229,DSWD Cases on Violence Against Women & Children,https://www.scribd.com/document/909380229/Vaw-and-Vac-data-2023,data mining Philippines 2023,2026-09-19 09:52:50
909631754,Data Privacy and Security Exam 2025-2026,https://www.scribd.com/document/909631754/Itsp3c-Prelim-Exam-Set-A,data mining Philippines 2023,2026-09-19 09:52:50
910815994,Tamil Nadu Caste Issues and J&K Politics,https://www.scribd.com/document/910815994/Current-Affairs-11-Aug-2025,data mining Philippines 2023,2026-09-19 09:52:50
915496621,Proyeksi PDB Regional 2022-2024,https://www.scribd.com/document/915496621/Produk-Domestik-Regional-Bruto-Atas-Dasar-Harga-Konstan-2010-Menurut-Lapangan-Usaha-Di-Kabupaten-Berau-Miliar-Rupiah-2024,data mining Philippines 2023,2026-09-19 09:52:50
915590626,Data Mining Exam Paper March 2024,https://www.scribd.com/document/915590626/Data-Miningbca-2023,data mining Philippines 2023,2026-09-19 09:52:50
917099163,S-License Application for Dangerous Drugs,https://www.scribd.com/document/917099163/FM-CSVlrd-02-S-License-Rev-3-May-1-2023-28Apr2023,data mining Philippines 2023,2026-09-19 09:52:50
918288120,Faculty Performance Evaluation Trends,https://www.scribd.com/document/918288120/Synthesis-of-Literature-Review,data mining Philippines 2023,2026-09-19 09:52:50
918592081,Rajant Hawk BreadCrumb Spec Sheet,https://www.scribd.com/document/918592081/Rajant-SpecSheet-Hawk-041223,data mining Philippines 2023,2026-09-19 09:52:50
918592084,Rajant Peregrine BreadCrumb Spec Sheet,https://www.scribd.com/document/918592084/Rajant-SpecSheet-Peregrine-041223,data mining Philippines 2023,2026-09-19 09:52:50
920010649,August 2025 Equity Market Overview,https://www.scribd.com/document/920010649/Equity-Insight-August-2025,data mining Philippines 2023,2026-09-19 09:52:50
921413272,Private Finance's Impact on Global Health,https://www.scribd.com/document/921413272/Private-finance-and-threat-to-global-health,data mining Philippines 2023,2026-09-19 09:52:50
924341176,Philippines GDP Forecast 2023-2029,https://www.scribd.com/document/924341176/WEO-Data,data mining Philippines 2023,2026-09-19 09:52:50
927326701,Data Mining Mid-Term Exam 2023,https://www.scribd.com/document/927326701/Ai-ds-Dmdw-Midterm,data mining Philippines 2023,2026-09-19 09:52:50
929234110,Machine Learning Exam Questions Guide,https://www.scribd.com/document/929234110/Nov-Dec-2023-A-Real-Time-Wrong-Way-Vehicle-Detection-Based-on-YOLO-and-Centroid-Tracking,data mining Philippines 2023,2026-09-19 09:52:50
930353162,Advanced Data Mining Exam 2023,https://www.scribd.com/document/930353162/De-Thi-Cuoi-Ky-DataMining2023-noanswer,data mining Philippines 2023,2026-09-19 09:52:50
931490253,Deep Learning Exam Questions 2023,https://www.scribd.com/document/931490253/Deep-Learning-23,data mining Philippines 2023,2026-09-19 09:52:50
932144921,Kinanda Putri Leak Presentation Schedule,https://www.scribd.com/document/932144921/Schedule-Author-AllRoom-v2-0-3,data mining Philippines 2023,2026-09-19 09:52:50
93389815,Weekly Stocks Review: May 2012 Data,https://www.scribd.com/document/93389815/Manila-Standard-Today-Business-Weekly-Stocks-Review-May-14-2012,data mining Philippines 2023,2026-09-19 09:52:50
938606904,DMDS Exam Notes: Key Concepts & Definitions,https://www.scribd.com/document/938606904/Dmds-q1-Notes,data mining Philippines 2023,2026-09-19 09:52:50
939139297,Advanced Database Concepts and Systems,https://www.scribd.com/document/939139297/Oct-2023,data mining Philippines 2023,2026-09-19 09:52:50
941122719,Philippine Crop Harvest Data 2023,https://www.scribd.com/document/941122719/AREA-HARVESTED-Abaca-J-Oil-Palm-J-Coconut-J-Cacao-J-Sugarcane-J-Rubber,data mining Philippines 2023,2026-09-19 09:52:50
942004678,Philippine Creative Industries Exam Guide,https://www.scribd.com/document/942004678/Creative-Industries-1-1st-Quarter-Exam,data mining Philippines 2023,2026-09-19 09:52:50
945739863,June 2023 Br J Sports Med Overview,https://www.scribd.com/document/945739863/Concussion,data mining Philippines 2023,2026-09-19 09:52:50
947062288,Russian Coal Production Data April 2023,https://www.scribd.com/document/947062288/Argus-Russian-Coal-2023-04-10-2-14,data mining Philippines 2023,2026-09-19 09:52:50
947068213,Russian Coal Rail Shipments Data April 2023,https://www.scribd.com/document/947068213/Argus-Russian-Coal-2023-04-10-2-16,data mining Philippines 2023,2026-09-19 09:52:50
948638867,Data Mining Exam Questions November 2023,https://www.scribd.com/document/948638867/NOV-2023-SZ26B,data mining Philippines 2023,2026-09-19 09:52:50
948639650,Data Mining Exam Questions and Topics,https://www.scribd.com/document/948639650/APR-2023-SZ26B,data mining Philippines 2023,2026-09-19 09:52:50
949493566,Taxpayer Income and Expense Calculations,https://www.scribd.com/document/949493566/Inbound-4731054026759992216,data mining Philippines 2023,2026-09-19 09:52:50
951717449,Barangay Official Information Sheet 2023-2025,https://www.scribd.com/document/951717449/Annex-a-BOIS-Form-Revised-2023,data mining Philippines 2023,2026-09-19 09:52:50
953111849,Examen B.Tech : Entrepôts de données 2023,https://www.scribd.com/document/953111849/Entrepot-de-donnees-Exploration-de-donnees-Koe-093,data mining Philippines 2023,2026-09-19 09:52:50
954477483,Budget de travail pour recherche quantitative,https://www.scribd.com/document/954477483/Bow-Pr2-1stsemdocx,data mining Philippines 2023,2026-09-19 09:52:50
955483696,USTP Faculty Schedule SY2023-2024,https://www.scribd.com/document/955483696/Attendance-Piloton,data mining Philippines 2023,2026-09-19 09:52:50
955675258,Cartography Course Exam Specifications,https://www.scribd.com/document/955675258/GE-226-Final-Exam-TOS,data mining Philippines 2023,2026-09-19 09:52:50
957288340,Golden Rural Bank Business Strategy Overview,https://www.scribd.com/document/957288340/Data-and-Analytics-Scenarios-Assignment-Rafelle-Jacinto,data mining Philippines 2023,2026-09-19 09:52:50
957375036,M.Sc. Mathematics: AI & Machine Learning Syllabus,https://www.scribd.com/document/957375036/528E3B,data mining Philippines 2023,2026-09-19 09:52:50
957625898,Grade 8-9 Learning Outcomes Report,https://www.scribd.com/document/957625898/REPORT-ON-LEARNING-OUTCOMES-GRADE-9-MASIKAP,data mining Philippines 2023,2026-09-19 09:52:50
958941123,Syllabus CCS355 : Réseaux Neuronaux et DL,https://www.scribd.com/document/958941123/ccs355-syllabus-nndl,data mining Philippines 2023,2026-09-19 09:52:50
960741541,Data Mining & Business Intelligence Exam Guide,https://www.scribd.com/document/960741541/DM-BI-1st-Internals-New-2023,data mining Philippines 2023,2026-09-19 09:52:50
966180170,Avaliação ELLNA 2023-2024 Filipinas,https://www.scribd.com/document/966180170/ELLNA-AS-SY23-24-1,data mining Philippines 2023,2026-09-19 09:52:50
966499218,Data Mining and Business Intelligence Exam Guide,https://www.scribd.com/document/966499218/mca-3-sem-data-mining-and-business-intelligence-90803-jan-2023,data mining Philippines 2023,2026-09-19 09:52:50
966570504,Deep Learning Exam Questions - Dec 2023,https://www.scribd.com/document/966570504/III-B-Tech-I-Sem-DL-II-Mid-QP-2023,data mining Philippines 2023,2026-09-19 09:52:50
968515583,Deep Learning Exam Questions Guide,https://www.scribd.com/document/968515583/Nov-Dec-2023,data mining Philippines 2023,2026-09-19 09:52:50
971308893,Sílabo CCS355: Redes Neuronales y Aprendizaje Profundo,https://www.scribd.com/document/971308893/ccs355-silabo-nndl,data mining Philippines 2023,2026-09-19 09:52:50
973649446,Monitoring Infant Foods in Southeast Asia,https://www.scribd.com/document/973649446/Monitoring-Commercially-Available-Complementary-Foods-2024-the-American-Jou,data mining Philippines 2023,2026-09-19 09:52:50
975633636,Agricultural Machinery by Barangay in 2022,https://www.scribd.com/document/975633636/2022-CAF-Infographics-Agricultural-Machineries-and-Equipment-Signed,data mining Philippines 2023,2026-09-19 09:52:50
976732688,Job Skills Analysis 2018-2023,https://www.scribd.com/document/976732688/2-Text-Mining-Result,data mining Philippines 2023,2026-09-19 09:52:50
976862533,Deep Learning Exam Questions January 2023,https://www.scribd.com/document/976862533/DP-MQP-SET-1,data mining Philippines 2023,2026-09-19 09:52:50
977348684,Deep Learning Exam Questions 2023,https://www.scribd.com/document/977348684/Deep-Learning-AD3501-2021-Regulation-Question-Paper-2023-Nov-Dec-pdf,data mining Philippines 2023,2026-09-19 09:52:50
978239799,Batangas School Development Plan 2023-2024,https://www.scribd.com/document/978239799/Development-Plan-Vanessa-l-Abando,data mining Philippines 2023,2026-09-19 09:52:50
980295570,NMIET Image Processing Exam Paper 2023,https://www.scribd.com/document/980295570/Cloud-Computing-PRELIMS-Sample-Que-paper-Format-TE,data mining Philippines 2023,2026-09-19 09:52:50
981346447,Optimizing Retaining Walls in Benguet,https://www.scribd.com/document/981346447/Posible-Questions,data mining Philippines 2023,2026-09-19 09:52:50
984921601,Deep Learning Exam Paper 2023,https://www.scribd.com/document/984921601/QP-Deep-Learning,data mining Philippines 2023,2026-09-19 09:52:50
986375248,Data Mining Task Primitives & Concepts,https://www.scribd.com/document/986375248/Assignment-Template-docx-1-Ques-1,data mining Philippines 2023,2026-09-19 09:52:50
988703435,"Examples of Moral Issues in The Philippines, Particularly in Aurora Province",https://www.scribd.com/document/988703435/Examples-of-Moral-Issues-in-the-Philippines-Particularly-in-Aurora-Province,data mining Philippines 2023,2026-09-19 09:52:50
991044803,Peta Geologi Regional HMS - Baru,https://www.scribd.com/document/991044803/Peta-Geologi-Regional-HMS-Baru,data mining Philippines 2023,2026-09-19 09:52:50
991099206,"Resolução Anm #203, de 24 de Abril de 2025 - Resolução Anm #203, de 24 de Abril de 2025 - Dou - Imprensa Nacional",https://www.scribd.com/document/991099206/Resolucao-Anm-N%C2%BA-203-De-24-de-Abril-de-2025-Resolucao-Anm-N%C2%BA-203-De-24-de-Abril-de-2025-Dou-Imprensa-Nacional,data mining Philippines 2023,2026-09-19 09:52:50
996741674,Clearance,https://www.scribd.com/document/996741674/Clearance,data mining Philippines 2023,2026-09-19 09:52:50
997180360,Case Study 4,https://www.scribd.com/document/997180360/Case-Study-4,data mining Philippines 2023,2026-09-19 09:52:50
998277429,201 Profile List 2024,https://www.scribd.com/document/998277429/201-Profile-List-2024,data mining Philippines 2023,2026-09-19 09:52:50
